dst_port,flow_duration,fwd_bytes,bwd_bytes,flow_packets_per_sec,syn_flag_count,label
22,7244.210071796129,20.66099776857102,0.572570751473149,618.9312028447173,14,C2_BEACON
443,309766.22711593815,908.9575506443736,865.2425289629549,55.66324230402745,1,NORMAL
443,2749075.863958956,2176.8178209891425,2163.256753086053,87.73633368229034,0,NORMAL
53,1452228.6849527082,358.44242973963765,18267.484987440057,135.82366563895744,0,NORMAL
110,5273165.46303886,1213.97546524308,2307.7864774415284,41.74177681381359,2,NORMAL
4444,38958.89012012836,21.95052363230189,13.665939629736565,2188.0989953048984,4,BRUTE_FORCE
443,1479858.4458301167,2344.4057492982715,5259.864153010454,86.95806757918322,1,NORMAL
1337,964934.1453567775,52.0776099004646,2.7578187664783673,432.91543017216827,10,EXFILTRATION
1337,214414.95747841083,695.1883131558127,5.804522966470744,514.7988587279907,8,PORTSCAN
80,7985423.7716492135,224.56256618765423,1587.9015562676143,30.38544233309163,2,NORMAL
25,938194.1434491007,695.5184765445407,5458.806532966787,62.30708311372075,0,NORMAL
3389,151524.87227768646,43.79964064145305,1.2395337624586413,798.7574073764345,7,EXFILTRATION
3389,3481.4268878626535,25.31668492103291,194.11774217943048,265.33087817055616,7,C2_BEACON
1337,38481.63701851071,44.72015850134126,4.940358076406703,139.44795886385788,7,EXFILTRATION
443,9120022.884316284,6188.932850262618,933.8299118541032,20.44250730863448,1,NORMAL
4444,95404.23602042193,5.23961017702497,14.063553367801582,14.586730447983582,10,BRUTE_FORCE
80,1366045.7880636798,2678.971810806529,1919.9210523280224,34.474535249829735,0,NORMAL
1337,184801.4375097293,0.596537338083995,41.76517275193431,365.46157539493345,6,PORTSCAN
4444,123813.43661343322,36.807636521452274,576.9445982514073,1023.1326679256665,6,EXFILTRATION
3389,113972.28779021163,7.008682189899071,85.71629366667432,273.4143446096958,1,EXFILTRATION
1337,3595.6986800402497,31.96124622307147,31.960018830779372,973.5914076695024,15,PORTSCAN
80,11220310.211425006,804.5548862789137,2272.9234505917384,30.495564138747493,0,NORMAL
53,5607659.2191498205,765.7596685570261,1918.7471284158946,45.021281990969385,0,NORMAL
1337,666052.0483903373,1255.376306270216,2.351093025029206,731.3895766109687,8,PORTSCAN
25,11199675.371264812,2833.4863954715706,5246.395167154322,67.63016069710027,1,NORMAL
3389,20771.87848099002,107.49940545207035,6.9509610092416185,430.9020615635645,4,PORTSCAN
110,4789350.851774626,248.5293461707236,1165.5524462702533,220.9443585012737,1,NORMAL
22,199375.19769071907,3.058679408320568,9.274911749831023,61.68273090137203,10,EXFILTRATION
1337,11265.754272701924,19.629898967622623,9.189601665435065,26.26608052804595,8,EXFILTRATION
4444,82852.12482179947,2.7723438211293865,16.727431854544914,768.4803166749389,12,PORTSCAN
443,14140944.351988984,912.2491403576036,6768.925296126872,44.78636501480361,1,NORMAL
110,824256.3686965274,265.22189187552027,1295.435107050907,201.70511499126383,0,NORMAL
80,15016781.4615444,2043.4178845603624,1102.1402971716927,84.80679572683168,6,NORMAL
443,1879794.2044150168,338.95170276770284,4786.01231301399,12.605403565021533,3,NORMAL
1337,521994.7786680331,16.94869974092686,40.942236601825165,256.66407332710304,8,BRUTE_FORCE
80,6699931.704931811,1106.9849691090499,1949.363786114961,25.61326955376217,2,NORMAL
8080,858737.566479058,41.96396038829601,187.25038812811925,376.45003192046454,8,C2_BEACON
25,2520385.781542645,4426.808091350309,6666.328948577374,27.98264255194004,2,NORMAL
80,3159895.763484491,520.6204287211103,1573.0295598982948,16.94495076073306,1,NORMAL
22,35083.207194458184,92.41363785837618,6.100738190078217,193.54356589673222,8,EXFILTRATION
22,398856.01556966535,23.593844105982615,125.04538709131864,75.89710982184783,10,EXFILTRATION
110,8696322.232632998,761.1628934547517,5315.388549670295,206.94483897343378,0,NORMAL
3389,174808.63786519572,62.71833378749338,17.132832706858178,183.02700751066206,7,PORTSCAN
110,3386386.1790165687,899.591019064491,1656.7938624094145,12.446771695942472,0,NORMAL
1337,160402.93560016318,5440.2346884665,19.620640267954506,9.673973454992437,10,PORTSCAN
443,2235143.9594779685,472.74233126885366,2710.0553617019955,15.097604551519051,1,NORMAL
443,655735.0877783849,316.4383430560424,2291.884524009209,24.272024047863574,2,NORMAL
53,34083633.82162784,2706.7953428068986,2948.643895160286,107.08834743175282,3,NORMAL
25,1396022.49078049,1022.2653544949546,3543.382584971426,30.18655000563033,0,NORMAL
443,10128486.34193113,494.8636828593058,1077.0274413789568,106.33592822647068,0,NORMAL
53,2964455.0631548627,566.3197246447977,10103.215889034542,29.181532459930757,2,NORMAL
1337,43132.48026276343,474.2385663995059,15.76735881038824,1790.6673875184506,6,EXFILTRATION
110,4030769.837224188,1728.2693320334558,7016.065093997428,12.81640016144681,1,NORMAL
3389,88729.89280922775,411.36783618373215,107.73249567211272,1076.470791363497,7,BRUTE_FORCE
443,16043655.733968034,827.8205506240238,973.0756572002701,6.862526754594511,1,NORMAL
8080,579685.5184098787,140.68417919145858,21.40839563049292,749.7237069828636,9,C2_BEACON
80,825718.9979727688,675.880077663346,3554.4623928989195,166.0577049293462,1,NORMAL
4444,63130.84086046208,302.1998594746062,4.067043641474389,672.9265418442482,10,BRUTE_FORCE
443,1440802.4648555154,12107.539794426963,11638.155290425128,50.75920531402598,1,NORMAL
80,6726976.211605292,2049.9922722814836,1844.0310833994013,103.74857153661854,1,NORMAL
443,3864883.1609652517,250.4709076067221,1688.7973749327598,0.4517492827520013,2,NORMAL
3389,51610.604447835896,49.12516870421686,0.10877243725714246,205.44117040019896,7,EXFILTRATION
8080,222336.2096269594,422.3570332554015,0.7200285777959295,526.2179246089717,4,BRUTE_FORCE
25,425604.29847425787,144.74304780574587,1002.5676468793276,45.19461770938822,0,NORMAL
443,3834425.8161250823,1298.0927718244934,1249.7987306517914,72.07870492559921,1,NORMAL
1337,171320.17692116316,4.193248167798662,15.267444512994455,78.57741121285756,8,EXFILTRATION
110,9896852.59238518,3148.308578777716,2575.464709249876,37.70911007343679,2,NORMAL
3389,4477.719282665942,44.35164621185838,255.0112528697506,480.3620691431581,11,EXFILTRATION
1337,47814.00034360494,10.823743604148573,44.939561191728885,119.9961590976736,16,PORTSCAN
110,2494807.0508906385,2102.0485091603387,1386.2586814906895,18.002989904264584,1,NORMAL
4444,193597.9338084883,27.798815302589716,3.936328543142091,514.886279770552,8,PORTSCAN
53,2003551.7767770356,863.7189252997277,230.50140059176573,18.178729924916198,1,NORMAL
110,6649961.5676075155,744.2813401703733,5459.883975897089,40.21173117941078,0,NORMAL
110,14340729.435735742,5850.431897136972,942.0260960701028,112.61220978510258,0,NORMAL
110,12086290.118397025,2486.408598408469,1665.4390635449975,31.420593796456597,0,NORMAL
22,59238.906620722686,6000.519318738985,47.779383762847644,1276.8380103450543,9,PORTSCAN
110,1141184.9327172884,672.393560645196,40148.932077259014,8.440461087761287,0,NORMAL
1337,91748.61685498216,2.2072815359977747,27.32225907783381,94.57072364402097,5,C2_BEACON
22,219293.3271317304,79.5634053924922,618.7592851377183,231.65761238534571,9,BRUTE_FORCE
25,8140389.102622788,2282.848575670151,9954.560134217592,113.02472409294069,0,NORMAL
4444,130629.77313867434,89.45905593568276,0.8731155275953609,230.4524491059727,8,BRUTE_FORCE
25,9434916.819182005,791.069810073146,35736.83708456676,67.71695431979836,1,NORMAL
22,143285.9260416269,20.57911011975079,3.361006120529979,18.707370420156956,7,EXFILTRATION
80,3406208.371930823,2121.438365936343,689.1803183644506,29.38385845272718,0,NORMAL
3389,149280.688213071,9.973789656440985,3.919713406070386,430.2209323083505,4,EXFILTRATION
80,6707351.485804724,1196.0276768989092,2884.529991061759,13.968281640229781,0,NORMAL
53,19144263.70588309,726.3825218109843,7738.984458962473,44.150991405653116,0,NORMAL
25,5498617.38592762,2368.5899728614945,1531.2655250283515,24.127345448121247,0,NORMAL
22,298450.74382846616,1843.1937426909935,8.094954015351588,223.82159691742626,7,BRUTE_FORCE
8080,125679.42750849623,14.522623808856434,15.476644515484649,406.337890528646,6,C2_BEACON
8080,281226.07758316176,27.95234575626347,0.45355294005105007,425.03741881843325,7,PORTSCAN
8080,49788.495638367844,299.27852136275516,29.16750213327277,1771.782561194335,5,BRUTE_FORCE
1337,123902.0305763669,75.36438329450728,13.941857898238684,402.77626308585053,7,PORTSCAN
443,3364623.873466977,217.6369069955845,6197.436062434231,0.34720752426595314,0,NORMAL
25,13559774.851595836,3503.448501280703,44716.729243967646,13.383257663895975,3,NORMAL
80,8130494.02546496,1988.4906963592512,5588.2512939764865,16.1193672931776,4,NORMAL
8080,59886.24150476966,13.281371700435432,152.78402631428398,236.97095338474205,5,C2_BEACON
8080,312084.4484024846,302.6124334358889,20.287401488221533,648.0597932355823,10,BRUTE_FORCE
8080,112173.45719801124,12.038495075493103,2.829638708374982,1076.7366328992841,6,BRUTE_FORCE
8080,112231.59264548148,20.80199946286139,424.0035986249379,567.5645239565748,11,PORTSCAN
443,9882464.35769033,449.6441580884618,26294.192945653434,84.61505517501153,0,NORMAL
1337,245406.55593830522,211.3350920940125,94.6428322225374,233.0720675934937,7,C2_BEACON
443,3404581.564914727,2254.4002033758607,3572.572323886276,41.65656580424562,1,NORMAL
4444,204593.33931185197,181.38771135047133,6.759470275819807,406.4868223060831,15,C2_BEACON
3389,53873.66338375516,24.37613459318621,35.26680934211875,1234.4087799758956,11,EXFILTRATION
53,165048.2219839466,407.03894330790024,2174.2305333991467,42.041730500629996,1,NORMAL
443,9538593.09645895,408.2979518382225,1053.755084749424,193.79563997823445,2,NORMAL
1337,159331.20781103324,6.2548019339012795,19.428579569305153,329.8569501147128,7,C2_BEACON
3389,122836.45291550174,103.74232234703685,41.552640629604696,427.9368552858595,7,PORTSCAN
53,191450.12551766308,1468.7527176524604,2177.90641037843,8.74982770862727,0,NORMAL
1337,76014.74896406509,87.42668015781327,24.922420357752085,544.8313191996675,7,C2_BEACON
1337,30388.913623602904,234.74080625029097,3.46252831700501,28.02254855885697,11,PORTSCAN
110,1890522.8884398362,1060.9627171407917,13870.55565959593,8.826840095081604,1,NORMAL
53,6034313.166710486,701.5954481233641,610.665240887877,53.61745014945352,1,NORMAL
8080,379606.5991418905,12.427570533263847,70.83362223033883,16.542994519030504,11,BRUTE_FORCE
25,18067997.18371234,1627.430043457176,742.0735188672946,10.56487613804531,0,NORMAL
4444,100084.5131530989,108.17891999060926,14.977053222111241,240.058262215065,12,BRUTE_FORCE
25,10050908.73080961,1175.8002627456212,731.8237324317274,18.71908042266187,1,NORMAL
443,1392782.7212950536,412.4278017714793,1757.4324336906548,8.346669922717563,1,NORMAL
110,1486093.7046330227,92.06491088589208,8863.600676288428,14.671254238317777,2,NORMAL
8080,298349.2644276556,25.00644347753852,24.814422562348074,1511.41193129174,5,BRUTE_FORCE
80,679290.921662971,811.9433806075746,436.9299373821933,23.352283372805218,1,NORMAL
4444,85066.47900884198,381.9625659766818,2.0212079741786346,1748.2170764777004,6,C2_BEACON
1337,480561.7683357665,48.73495073356704,3.635029462247693,727.8623538641407,12,EXFILTRATION
53,14415704.861035736,1503.457810114184,1184.7038477098995,3.678617155252379,1,NORMAL
443,4403241.902655742,1022.4635334689744,5674.769771032452,109.45625788943917,0,NORMAL
25,2756573.309354759,857.6119140673334,2166.308758806931,0.4871236237467962,0,NORMAL
110,2679408.3582809772,11609.909261333401,7470.9072839967575,34.43375367788895,1,NORMAL
3389,89059.58118521831,512.5006780170937,4.760786704704227,1675.840345477668,7,EXFILTRATION
53,2502356.5884951847,263.9691921175727,1665.7876375537498,48.104617724864305,1,NORMAL
3389,406129.99594495614,49.03418138434068,255.3148558223034,58.89752891986728,11,BRUTE_FORCE
25,2621584.9686798486,1095.966079510965,4682.517394853238,102.14738072061525,0,NORMAL
53,4572702.409857454,515.1721501102676,1110.4924826821957,14.578788452817767,0,NORMAL
8080,25866.59613628646,13.848833128472503,16.291465152164005,358.3274182842565,3,PORTSCAN
1337,118205.27162178975,95.39904054155531,117.34836789032299,76.36035063006787,8,EXFILTRATION
4444,545907.9347189954,906.9862298645479,14.291569890601243,1068.1258798147353,5,PORTSCAN
110,701909.6948831864,724.4186645344558,480.6475053979971,0.13662371615009583,3,NORMAL
8080,23137.86451094206,30.986026396108226,80.77797317212264,111.06904955525944,14,C2_BEACON
443,1325420.4188196105,996.2511040067225,3123.467349248033,4.94389821483014,3,NORMAL
1337,140389.94624366373,278.00688068423784,763.1190508988401,1162.5319888253455,7,PORTSCAN
443,4300511.457011099,1170.3107972470402,22349.082971996606,14.111716423818319,0,NORMAL
4444,257400.46019295216,25.79106152690377,1.0156781741356329,741.1782044720235,8,PORTSCAN
1337,622284.2468230206,490.6356620855897,10.395313938690071,716.2451504214732,10,BRUTE_FORCE
80,8745358.995806877,710.9559218623999,7067.01258990332,40.15666291396987,0,NORMAL
8080,112611.1015808948,48.20919995379675,12.478993379379103,555.6374741867672,6,EXFILTRATION
4444,169338.42657785324,32.831215977778484,34.81196133941682,1152.4122049665687,10,C2_BEACON
1337,22457.802052563962,8.416692590955432,5.963577280014643,941.7832686152431,10,C2_BEACON
80,4084163.828959275,1749.7920218236814,7712.24711713953,71.56889704367016,1,NORMAL
110,4229789.715639278,643.5475507037374,2886.80155135049,41.87087001948019,1,NORMAL
110,416812.84341003944,1240.188512838334,3377.380801389312,20.681073723603433,1,NORMAL
22,33265.59208517952,14.969423091117337,10.471015771478951,484.5586716731364,7,PORTSCAN
8080,199051.63114752504,8.502403214648545,19.728207246332737,2538.308895229849,7,BRUTE_FORCE
25,9640256.107544629,754.1640873359426,851.7515051799821,111.81731599237561,0,NORMAL
3389,99572.4510712553,2610.4173847101724,0.7790195927050338,588.2780069140475,8,EXFILTRATION
1337,114296.93768338436,109.93504186376191,4.3552869553690075,1179.0069458162009,6,C2_BEACON
3389,439380.1255690186,112.20309857447106,0.5034899412161875,632.195138906416,10,C2_BEACON
22,275932.99620073324,290.4889773532699,151.13784010274532,987.4957598336925,6,C2_BEACON
25,1375682.7230918526,424.644056855054,5448.467902048173,17.29241059137758,2,NORMAL
4444,69620.25132226598,6.905356260428144,7.204085845649063,402.24753428086484,12,C2_BEACON
80,936230.0106838194,860.2916078674859,2156.649787018542,35.64539374240789,0,NORMAL
25,1306783.262156281,1291.2426844205443,7450.762800778128,5.542903227080184,1,NORMAL
25,2039905.6278187637,575.4222627937423,2836.2851955571928,10.537520265912075,0,NORMAL
8080,77331.61888672704,182.59904392331887,3.2595129166568175,480.99220451411986,5,BRUTE_FORCE
443,1135.3199766673677,447.480272155669,5750.532764545991,13.414133058765115,2,NORMAL
25,3369787.326945151,1663.8226956184253,3738.1077395137895,21.342484089606405,0,NORMAL
53,68884.40838807922,826.2092866702856,537.1725626865983,5.103617408863825,1,NORMAL
3389,229518.23431837268,1655.8779300785925,0.5682579488706628,1190.907197571117,7,BRUTE_FORCE
3389,22894.420138322967,128.8751518536503,1.4933616297333694,753.4473726725641,8,C2_BEACON
8080,52695.818173243824,11.904129146906552,46.529064319188095,881.207556090974,6,PORTSCAN
110,1055962.417696199,963.2634513649593,7877.889155842366,21.388685526270525,2,NORMAL
443,9134851.765064849,1279.2533183767396,1389.3091255117436,288.99360140632024,1,NORMAL
4444,62901.5340087824,3.1829090216589733,26.475617631752097,987.4489222895446,9,PORTSCAN
3389,29155.38984230934,176.66183630880553,1901.9422480859346,442.30527200054655,7,EXFILTRATION
8080,96995.75877556141,207.95263185843012,16.552386984436584,290.77355378624793,9,PORTSCAN
25,7671779.131143475,1201.3102879041055,1401.0265145942421,18.1147987338949,0,NORMAL
53,2523494.0346435593,799.4444419595939,2009.2769790793402,23.458430758719047,0,NORMAL
53,2320274.1564568235,374.2398686595129,2939.714840654509,29.40733377419017,2,NORMAL
1337,83027.83891889508,163.51569677181737,84.26592095979098,749.2781042105815,8,BRUTE_FORCE
53,17918942.53287601,2610.7543798979123,1485.941019115425,63.770620880741525,1,NORMAL
4444,11333.109816048922,3.327286636572404,11.416473718271927,226.25954359376797,14,BRUTE_FORCE
1337,343571.5411296609,7.274896673416848,1.5324669514631974,341.6287777270127,6,C2_BEACON
53,476695.8756451524,2291.0450477215722,1863.918507749732,2.87869865209211,1,NORMAL
8080,512194.1282876906,46.40614554369573,50.000117266816055,4.837538404303502,10,PORTSCAN
25,1903392.5106088424,105.37460442432373,269.47130328486776,75.57550447960772,1,NORMAL
8080,1059368.7028299738,16.092480107216737,152.539739344595,50.31344628516289,2,EXFILTRATION
4444,61458.41351737788,1100.1367805362884,409.38942362019316,607.8364350610987,2,EXFILTRATION
443,322326.36458293314,2964.7803737131285,1184.4161332983874,9.568176480281624,2,NORMAL
4444,249636.27874138998,2827.289596249352,190.68909842835131,90.25409581251864,7,BRUTE_FORCE
53,2761468.527604996,4752.577546348194,2759.2741948583357,3.825754918090676,0,NORMAL
53,4523866.194801905,3617.673922622033,3069.824288178661,4.804981214142689,1,NORMAL
3389,90630.59565531796,26.936225438417246,7.246997401997257,432.94346594112415,12,PORTSCAN
53,1076024.5406848628,2587.042033906727,2973.413754501381,11.32092670455018,0,NORMAL
80,7888180.037904565,1879.0153274893762,542.5116847275289,79.44851898271952,3,NORMAL
80,1928750.395181092,4599.141891829253,15082.746228188542,20.61263350637779,3,NORMAL
22,220377.1132284203,15.486957044382239,17.48020207478535,620.3618254534787,10,EXFILTRATION
53,2051.8681545813147,607.7632336592202,2647.451741103115,112.5308186440104,1,NORMAL
80,17011911.419677436,289.968919865254,2415.279249648194,92.77006494965771,1,NORMAL
80,7347806.365936591,679.5601382011581,6066.417910807121,62.648092698122795,1,NORMAL
25,3944943.1642658357,717.884923904297,3969.039287687936,103.55665671310501,2,NORMAL
110,1567528.2647530253,295.1581486068911,2101.4893626645053,32.1939505847178,1,NORMAL
1337,123451.25448801665,4602.094243166736,43.26536620752478,14.859403258983875,8,PORTSCAN
4444,17944.785946324773,18.572496489147003,32.69470337906316,182.23582514389906,5,PORTSCAN
443,17421016.87384098,1655.656687368841,2011.9101541510286,57.49403167401118,1,NORMAL
80,3039452.249821176,2183.5619503310695,1758.9294156345654,52.53986846111053,1,NORMAL
8080,121828.06361234507,16.862873931168828,6.282114218661997,402.32987111411165,7,BRUTE_FORCE
53,2214365.071763801,611.7219605397293,1690.4824942595094,24.49876630183744,1,NORMAL
1337,207202.11791464963,378.7260539920052,90.59878785526828,154.93740472125754,7,BRUTE_FORCE
110,4395309.661438341,964.0301994124973,13394.38467972173,37.28375580851736,0,NORMAL
1337,47705.2440725702,122.63641441061203,58.09732548832528,406.3747167618925,9,PORTSCAN
53,14031231.299839461,776.5770796751648,1175.6132018835656,27.15292988737052,1,NORMAL
110,1403304.539900747,2467.384033452796,773.8040298263497,8.778321177864111,0,NORMAL
4444,96113.83153016292,2692.4212249177112,0.1226159844746266,284.7970093981408,8,C2_BEACON
8080,353995.27635320445,333.6789218325479,7.370175236826321,431.3477983491372,8,BRUTE_FORCE
4444,340178.5268538024,106.320799550166,63.74386652425014,742.4176845320786,9,C2_BEACON
22,58423.29079747915,3.4905827684747766,2.1523058045006347,176.97910976735415,10,BRUTE_FORCE
1337,1180.2129499391287,141.85137595928617,57.31380567729976,100.47160132766953,4,BRUTE_FORCE
3389,493779.79709755426,600.9136632027985,29.580513238041938,666.1419199209635,12,EXFILTRATION
3389,454437.1231928504,164.1051878914828,3.44255209654457,771.4246495115092,9,EXFILTRATION
3389,515393.81072370143,129.1567727410419,67.36617194653951,20.324492308580624,8,EXFILTRATION
53,469910.3652250052,3322.406343817709,4396.245150453582,7.954827407183282,2,NORMAL
3389,71937.63315517794,163.97199833067035,3.512250346583182,197.52524984836202,5,PORTSCAN
3389,213707.9697554964,756.3193288627948,1.2460176141893935,227.6901250527804,12,C2_BEACON
3389,124009.70582012285,231.16919574202328,1.0182845329204915,668.3294517502648,9,EXFILTRATION
443,5413832.676009014,967.8512466737541,5024.383535849145,16.718463554538815,1,NORMAL
1337,53483.0745700868,420.8399417248285,23.842930480753502,124.1989276414685,6,C2_BEACON
443,1704078.0668816438,7253.8123734178525,2443.021600974113,51.23721470218282,0,NORMAL
8080,305604.0763677606,69.39898238448035,31.461332615250356,1070.5013167524467,2,C2_BEACON
22,102745.30004866325,311.0264323082946,5.716460428098455,109.12861892710929,6,EXFILTRATION
25,3166637.906073686,354.83696474065863,1681.8152046445477,0.16611084305614982,1,NORMAL
3389,158619.69395634756,19.449028535504826,205.22125196516978,459.19239224824236,7,C2_BEACON
53,8176274.405433673,895.7497643683797,1016.7840165973671,9.407514926444382,1,NORMAL
443,14877753.202898802,68.4555794726834,2388.609811054233,13.235305391936361,0,NORMAL
1337,301313.9444449469,33.260030153108886,3.024176158253579,666.4804894384972,5,PORTSCAN
4444,428629.1549742538,1839.9783400494282,0.28399425717221816,1064.744122887034,3,BRUTE_FORCE
25,2872677.7787232525,242.25886134000933,9386.546576543922,75.7123107492197,0,NORMAL
1337,91356.0351029292,36.82915618858223,629.0378162949245,24.59724127783581,10,EXFILTRATION
443,4230408.628003247,1221.3345692997295,894.1213364307316,45.05277707147684,1,NORMAL
53,4051729.9694791776,21.706239382855152,1841.972328003735,7.9226281128204015,2,NORMAL
4444,106660.41644181874,33.489752588489395,14.531332351270178,115.39168755283698,11,C2_BEACON
1337,85587.96082042882,16.07414593936566,46.276196984193355,262.7713448589154,9,BRUTE_FORCE
22,467005.17216537206,166.4373458227575,95.97479310939313,225.24345432635064,9,BRUTE_FORCE
25,339257.4277843581,369.4838338058264,2447.796372857466,18.370614545938736,0,NORMAL
110,1960247.8314211715,1897.0720015691738,3953.595125005532,55.31267113927355,0,NORMAL
25,840228.8021477625,397.97697730562584,10577.016339074467,16.659012844233505,0,NORMAL
53,5936727.914885518,2280.5028047954725,3574.0670842010127,23.637662614669306,1,NORMAL
443,4994591.6356369965,213.49149179418757,18389.70250864242,52.44553242173021,1,NORMAL
8080,261683.70308835228,87.90664363307576,22.37126255688903,62.82652570598034,10,BRUTE_FORCE
443,14350797.120424906,694.3722265196334,634.4392215683362,49.685743553642794,4,NORMAL
53,2364524.1906199227,1487.8470255626466,7368.91350666293,2.102455009651511,0,NORMAL
443,9345737.065125521,860.3450576249685,1598.3552543726555,69.9352446433395,2,NORMAL
4444,262624.03596781445,45.49519452196992,140.16829001770378,855.5333454182694,5,C2_BEACON
53,4908550.470250957,4335.582569340369,293.2875405936883,31.3061400925358,0,NORMAL
8080,34790.22778602967,149.8612404760825,59.74519632023167,160.81409626287694,8,C2_BEACON
8080,90603.30055972833,70.81608228573369,4.124362959338163,782.5316437636005,7,C2_BEACON
80,330931.51720620046,483.129617629807,1012.9908062965435,12.425627251873433,0,NORMAL
1337,245034.6660634435,899.7284683675845,23.195663910522924,315.14915238812614,6,BRUTE_FORCE
110,3004107.208123303,1058.4701176262954,442.2036011461989,8.470601314161295,1,NORMAL
22,248967.11862090486,38.287749187903906,7.250108066305409,16.57188546188498,4,EXFILTRATION
110,1578176.449302172,372.31227096473924,20830.851708057908,104.43192520389941,3,NORMAL
110,4117990.470082657,339.12528366939995,2385.9240210218345,1.6137535181301497,3,NORMAL
443,2712948.9484861735,220.58222436025147,1136.769277960383,0.21421445673811282,2,NORMAL
8080,71448.19499043844,266.42578060674055,21.383983901821274,493.0881538031306,12,BRUTE_FORCE
3389,193169.01891743747,32.01124943071771,82.66908132976666,510.6074262462179,9,PORTSCAN
443,36925.15984712801,414.8171339587632,11490.742382796916,171.21270597890498,1,NORMAL
25,415359.7691492223,2287.3108679505635,6314.293805128587,13.354866882420147,0,NORMAL
4444,308294.28289873624,11926.26003499565,98.84719894503866,402.44860743422066,4,EXFILTRATION
1337,10784.86358032022,135.86063599928403,25.261190097354955,92.44361383519039,6,C2_BEACON
80,939633.4479360585,2881.732666118898,1627.437156050394,11.248194899456331,1,NORMAL
25,380333.4681005056,5873.346908400858,1021.5149390191677,26.760371773490597,1,NORMAL
110,14322010.1145545,1411.1988272675474,13931.394115569086,41.43562407693284,1,NORMAL
80,2462076.496909344,775.8007550198804,26751.620098769716,59.69182187221156,0,NORMAL
1337,454781.57031406264,3.215783710102523,20.42555585676734,999.5809069284477,9,EXFILTRATION
3389,35013.86659637488,40.102688935270535,103.94803261110252,12.328825223255052,7,PORTSCAN
1337,23806.73185643557,64.83308453219009,129.6150365854131,310.88574014092933,7,PORTSCAN
25,2701227.3932976783,606.3967923291425,209.11371124189765,22.38079975132116,1,NORMAL
4444,691729.745791568,72.91502842305985,12.127858059619687,135.61614488216318,12,BRUTE_FORCE
22,41743.08966129265,302.09881385480094,10.432486769839398,401.139558580944,3,BRUTE_FORCE
25,6044911.679935314,2702.9290885680257,8425.744390737846,173.3124650374044,0,NORMAL
22,595467.8009020983,924.3943295253644,0.24830869293913163,16.26437565763444,9,PORTSCAN
3389,828952.0523703466,20.441573634238118,34.4482794968047,61.22072094705184,2,PORTSCAN
1337,82029.1474626048,5.340928325480482,3.820793252469361,136.89409247366493,6,PORTSCAN
25,7317633.943115004,676.1002491197727,61661.259756811305,60.543872334624005,0,NORMAL
3389,168046.28192663885,28.384145837900622,2.9195420432857255,2540.4344631126405,4,EXFILTRATION
22,105076.40343890767,777.8933362830293,0.28478253477301213,82.6793603865665,7,C2_BEACON
22,21267.010709002876,3409.0757939917785,1.393979183719295,1307.5185105783125,8,PORTSCAN
8080,117143.43196512153,40.653584960005475,33.44050031863946,163.9894622728583,5,BRUTE_FORCE
53,2531606.359255136,119.3894597006659,506.0692262477446,0.3649779274911332,1,NORMAL
443,2284228.151977149,235.91446658746614,2494.602604442011,1.9966150212419442,3,NORMAL
25,2541467.179883082,1890.2414846113197,6121.560758368715,18.2399695165811,2,NORMAL
25,3009069.3935858947,1242.2299538804825,12823.674022543684,12.590843519633484,1,NORMAL
3389,77243.71654154945,116.98238319653385,85.16579969761655,751.3676783629033,6,EXFILTRATION
4444,141068.58895166795,30.626568072403074,65.68141364416337,18.376573620790246,4,BRUTE_FORCE
3389,238639.53574089124,4018.2208071471737,661.3131091992748,1307.6082366099597,9,BRUTE_FORCE
110,13529730.859301144,1118.2786303456041,6216.075160913611,179.16232048305864,2,NORMAL
1337,39558.00691174384,10493.133861092727,0.26813038732772315,1935.209616318675,7,C2_BEACON
1337,232313.51553263297,877.0417576992959,38.78154540627832,218.72113841286009,5,C2_BEACON
8080,199062.38388827498,165.6934971686149,10.63952469071032,250.89612819781271,3,PORTSCAN
8080,582931.5451218033,1.4074823352959542,2.419067273189802,629.6103236600119,10,PORTSCAN
25,5903238.627443741,1114.7375131127644,22168.998493767962,64.76173641417353,1,NORMAL
1337,20059.456599417506,23.109336818203865,1231.6574609880604,77.31461761480482,8,BRUTE_FORCE
4444,197152.39632135956,133.8765522919472,24.98438189709859,21.145029368763435,7,EXFILTRATION
53,2508333.399842411,3891.9330966767147,1106.6087634552623,62.00718732967633,0,NORMAL
3389,165473.14341391547,110.81721492675301,12.253554034112456,212.6108266556675,6,PORTSCAN
443,5247167.024622109,287.8172741187007,555.126587950588,49.836134557060106,3,NORMAL
53,1496018.232280249,1284.4602864774204,5134.037100755997,330.52787903502167,3,NORMAL
4444,160272.75241402362,23.74222160164841,2.604037345898693,25.71647665830534,9,PORTSCAN
3389,143780.2288992072,12.599706601304357,20.384002119723675,268.9504813296706,10,PORTSCAN
4444,166926.86100239394,13.31455242675185,27.70479453315237,66.55890631171741,4,BRUTE_FORCE
110,389244.72283941135,1425.8207486325384,1475.65771453158,0.4968537304061217,0,NORMAL
8080,273081.359753618,211.37739964682305,103.37953651473234,98.08127693619639,13,BRUTE_FORCE
1337,138738.6782751629,324.89062444108873,3.0105959036404877,113.3690870803777,8,EXFILTRATION
22,158754.7836026361,17.67075073304332,0.676746844490421,117.83665556272402,15,C2_BEACON
3389,227755.76219428147,221.77711554371194,8.656859543263485,121.14732415593251,8,C2_BEACON
8080,29779.881036321916,294.97237803117514,0.16909196070223895,373.29868075571324,8,PORTSCAN
25,577130.6646551917,812.6527880334326,9197.533216541877,73.60328478804796,2,NORMAL
22,14272.281681788545,107.9461820601304,0.061388544080033886,19.27830182673797,7,PORTSCAN
110,24151559.53459328,856.4777912355939,7771.402162216938,1.3905980343740492,2,NORMAL
4444,190344.53285747895,97.58176387513154,86.25345876845033,865.7547555400397,2,C2_BEACON
1337,78143.51407776415,82.39838382609999,7.439531467943263,93.74026811026219,5,C2_BEACON
8080,224160.36292036928,5.634086264580528,682.0268966265894,201.68949375793505,6,C2_BEACON
1337,68345.079422921,9.750019256973042,5.064280127159444,108.05361601388464,14,C2_BEACON
25,301599.02931295766,701.3607994902787,6959.235658415724,27.54570908646574,0,NORMAL
8080,188249.44438071607,843.7430689807954,5.923767607482407,459.6863814960245,10,EXFILTRATION
22,212512.3641140767,1216.2891700795446,40.75692414744169,3.0024984709755524,13,EXFILTRATION
1337,39146.119877129706,13.641839646551508,7.418052879726567,663.2475433700444,6,BRUTE_FORCE
3389,603647.5977575104,136.4018113482229,10.487588402048825,1105.3635447622223,7,C2_BEACON
110,1712362.7613259496,2154.881143665832,14034.343043298812,92.99674705303269,1,NORMAL
22,399412.7096343074,54.570947778108405,581.7721177622722,256.72419126470834,11,EXFILTRATION
3389,32379.22685753728,77.98940460202938,12655.62279308155,368.35028208093655,7,PORTSCAN
53,1708916.6334594407,703.7888626469498,1339.4652798943741,5.164055987644153,1,NORMAL
25,4252167.08356428,1469.7224370142276,18279.577808619935,64.9330106521255,1,NORMAL
80,7533772.738017409,1016.0947160585944,3552.768134543021,14.335984542236385,1,NORMAL
80,11074343.286358617,336.81691869716434,5021.319951679952,53.957706052972846,1,NORMAL
80,468659.3054813526,1881.8635252779752,1696.0385604236171,86.16071963077897,2,NORMAL
8080,267606.33114320453,4.483530155711174,6.507876966891421,290.1825064785886,8,EXFILTRATION
443,3904794.517037584,3269.975703064868,4855.418447151542,112.71084031749447,1,NORMAL
80,5828458.149621231,569.4508508038341,3523.968186102281,81.11904191882122,0,NORMAL
3389,82996.1053491482,8.419661253038237,83.0745149559827,368.02966219279216,8,BRUTE_FORCE
4444,27547.16168146363,64.22703799786314,10.130544002136006,433.97676691361363,6,PORTSCAN
25,390313.9265157167,650.3294434641632,16922.604322784086,71.41163566093147,0,NORMAL
8080,29029.781845097692,138.77424392167936,25.420384586092208,826.0794975148438,7,C2_BEACON
3389,263553.71278141334,31.087272436602497,143.3105676770338,704.0485884725044,10,C2_BEACON
25,7005337.500969266,5259.501397009305,895.577780184279,4.811884320702872,0,NORMAL
4444,125505.45502678739,14.432815196397037,5.3499423892462525,2446.4042619890265,9,BRUTE_FORCE
4444,354315.15159160807,8.306070554674536,76.13813161963444,227.97570559060094,7,EXFILTRATION
80,2194726.6463424023,8410.284992407682,1335.5305235815656,57.47984129496092,0,NORMAL
53,11445330.84915807,107.18752234860261,6639.950076007743,14.02271617904691,1,NORMAL
8080,842.9582098056575,8.172164138991908,1.5218648048059706,163.43140170898835,8,BRUTE_FORCE
1337,583701.0455399962,0.29851951932907006,8.259735505235293,1845.8639836120221,5,BRUTE_FORCE
22,127805.75149125964,196.59852632290173,510.76897735821507,605.0584781403211,5,BRUTE_FORCE
3389,186158.55129093525,59.60210817468896,144.16081159488124,128.02966616747383,9,BRUTE_FORCE
443,635030.3420505165,4241.8680567211795,3088.604791835724,164.3599589019158,0,NORMAL
80,785179.8973052822,2830.3140337546324,17574.717705752115,63.441524055975776,1,NORMAL
110,85287.27326465902,832.2261997419503,185.5582047877197,3.476906251917917,0,NORMAL
8080,121896.44847606804,22.637767327047914,10.01178427388291,467.1748200877745,12,C2_BEACON
443,21493583.94325175,167.50598052358973,3709.164192621841,0.4784496370942244,1,NORMAL
3389,59177.959198961784,2.052335215319198,15.108465182707192,272.5881754050801,5,EXFILTRATION
53,46217.43663778181,560.8518780049299,5545.435926491791,6.3244550941483,1,NORMAL
1337,196564.68243889982,134.3606284531506,19.89696443105437,832.4243956424705,10,BRUTE_FORCE
443,7071964.160438392,4409.241538681478,2497.271898150521,104.09428902267783,0,NORMAL
25,4247925.841036066,541.4465952098112,825.2558603268739,136.5397770145633,1,NORMAL
8080,114458.06205098054,10.25877254702042,2.136136147170297,414.11548685950675,6,BRUTE_FORCE
110,9973142.503169995,106.05209068691897,1461.9478473951363,32.221442259972406,1,NORMAL
8080,144295.05933195786,27.028976043122846,11.663859775745504,106.53555109413306,7,EXFILTRATION
8080,218470.6984257755,87.95256766056511,267.4193552337496,186.84944607846077,13,BRUTE_FORCE
1337,302788.12111266016,820.3506573520066,18.124441908258845,356.442670071431,5,EXFILTRATION
1337,476682.36680214736,513.4807927488141,87.99620248139229,72.86881746213876,7,BRUTE_FORCE
22,73248.56772485163,199.51982245097298,9.40503821534411,1588.7881730953472,6,EXFILTRATION
443,9608085.640946627,2715.8779074947893,16615.63471011744,27.459491145945858,0,NORMAL
110,7001471.63345008,1716.5613284052135,5224.372087543234,80.04504201984909,1,NORMAL
110,620723.0914884594,2028.3161235928326,1179.0117646662009,110.1918758402472,1,NORMAL
22,7275.255258911428,102.36902121270711,32.76803404221705,2187.190935289111,6,EXFILTRATION
25,2385065.4769086614,469.8308740521843,654.8181579936236,10.237665125165957,2,NORMAL
80,10015036.506594136,492.01838228832327,3388.028902028182,25.32800938325026,1,NORMAL
80,1304981.8462554319,2126.3639918228682,3845.8869871190814,3.1898325969207124,0,NORMAL
22,139561.92229577072,10.857296613862315,381.18522281156555,1236.1786397545009,9,BRUTE_FORCE
8080,290265.0960339789,167.83990435017068,12.169669612962853,185.53627085246615,6,PORTSCAN
110,10231859.00972606,10937.68149532494,30025.612142358354,12.889861390654225,1,NORMAL
443,2364975.5390741215,1520.922556634442,7950.907974965805,48.45197247999919,1,NORMAL
53,124765.80641232494,5698.040403098964,11835.013176087945,43.438342795673314,0,NORMAL
8080,437569.6122285957,1162.446249463591,58.77900707469059,300.13727035059105,8,BRUTE_FORCE
1337,276419.187969629,97.15839578640737,593.34643137239,1475.770934690437,10,BRUTE_FORCE
80,328570.3865134671,1523.314795370109,4410.120134330655,179.38907840055657,0,NORMAL
110,1605884.2778425978,2246.802882926959,3045.1427385241404,53.60494514755835,2,NORMAL
25,12035849.445762416,1616.770298954024,13610.91748179559,77.41300757332108,0,NORMAL
3389,308225.7026816113,260.1054086326838,67.07067799767577,897.8900737454327,9,BRUTE_FORCE
1337,11240.662166599563,26.037369928983107,16.31470704295865,43.273740807598074,8,EXFILTRATION
25,2046960.1924241718,824.1177761427708,1369.090910040936,126.07541380986393,0,NORMAL
443,4519913.25166975,1113.3438702837304,505.8618168359422,46.444199732526116,1,NORMAL
80,5621649.126426531,1310.062073869038,943.2233376690548,8.661976612848768,0,NORMAL
22,167529.63052070842,124.57474009369783,258.860577085012,92.66151994985897,9,BRUTE_FORCE
8080,68766.14794633872,7.746702992029979,25.038502984047977,229.6171131378824,11,C2_BEACON
53,1571790.1028996245,3141.7878967694924,730.8587729564441,17.424739504122215,2,NORMAL
443,14727857.917283345,1410.9291827687966,6396.351279005694,9.992877309852645,2,NORMAL
22,546771.0336469469,9.546930322118218,2.6789243299110006,206.78999708568116,8,PORTSCAN
4444,140940.35601682766,9.39641533674509,3.28854704723208,218.4690542797266,9,PORTSCAN
3389,507421.4166961343,29.53587200109689,170.86189650327185,1269.2430298682766,5,BRUTE_FORCE
25,1343860.227323681,485.7029286123161,580.7244078705544,7.617525151404508,1,NORMAL
53,9050999.592309095,11003.25685810643,16878.912567392003,148.35599435975269,1,NORMAL
25,808181.7115885611,16494.698397915,14975.047700699655,25.539293651731583,1,NORMAL
25,6861013.164893697,3123.5102039980875,6328.343207634309,37.81879011924563,0,NORMAL
4444,163231.51300085397,305.8394811824979,1.9212827748144028,427.3051902934972,7,PORTSCAN
22,211261.37853124255,17.96192875693354,22.076876951848188,195.03052861101594,8,EXFILTRATION
22,231678.50636958165,25.039071175556728,58.50407989702361,419.52629621986824,10,PORTSCAN
53,3277197.3665357092,744.3499869048319,12752.958919652589,46.17676918086613,0,NORMAL
25,17960831.30004628,6284.609394666971,6499.794487885206,93.63027102446695,2,NORMAL
53,414979.7700171963,1289.2185525742163,9738.250930287426,2.6436049990121733,1,NORMAL
3389,350177.4029519837,454.1782163271481,1.754926110499811,154.54228345903596,8,EXFILTRATION
80,9687112.987905663,674.0934908890226,3045.9468836659125,10.775909880162907,1,NORMAL
110,3281935.4537865887,188.0604213014325,2478.2864957321826,28.03165941387486,1,NORMAL
3389,256897.7882289102,3.1120861472846784,337.7056381587751,170.15249125580226,6,BRUTE_FORCE
443,3784259.945739209,205.80229758343438,10994.257634415277,1.543732785406191,1,NORMAL
110,1010109.253519828,926.3158457235157,1614.3275079741275,8.867008589522138,1,NORMAL
4444,31008.085437762056,42.831849967890925,200.38595076079426,43.66781169255771,7,PORTSCAN
3389,129414.26172541508,1423.0203559080346,12.001424784668352,248.5379018940663,10,BRUTE_FORCE
8080,13097.287698465381,81.60681664297252,4.528407138559166,342.9513220196089,5,PORTSCAN
80,3525407.0989203523,396.2671121607836,8267.138134248778,219.317112122641,0,NORMAL
443,11670250.166855218,2544.354483534833,2455.99320448725,39.82026648229213,1,NORMAL
1337,104385.96581190868,8.016853801503714,208.55080154685436,1.886054133305665,12,C2_BEACON
4444,79876.84796545524,5.610513619039532,17.21113202644262,385.8692845576801,6,EXFILTRATION
1337,60387.852437192225,34.29924363333369,10.136496678741587,112.07800463982082,12,BRUTE_FORCE
25,4703966.262449153,1304.9854997766618,3185.133909083684,33.783362473886434,0,NORMAL
110,34056.592376928565,534.5985090743502,704.9716056397306,19.469460120849334,1,NORMAL
3389,4001.911893866715,6.002481299596975,26.378235811302034,140.96624791375064,7,EXFILTRATION
8080,28291.97493579535,425.315970198583,84.66613064021335,519.6814780684377,5,PORTSCAN
8080,113923.54870725816,181.8903401690639,2.591645771376566,252.36808619821815,9,BRUTE_FORCE
4444,127389.8204931716,1.1049228616003421,120.94919417795933,1235.4720234841677,8,PORTSCAN
25,1513385.9130711893,1066.1210152836975,2654.5098652937254,32.804519520172946,2,NORMAL
8080,325855.58958469203,413.80917682839106,4.216200991608794,6.321254080568603,4,PORTSCAN
22,629602.5575693907,5.734799332651878,4.950668035751625,2312.552813947052,11,EXFILTRATION
53,92644.95197656998,1899.9337878825554,5475.0886475710595,75.52642458111322,1,NORMAL
80,992252.3558800234,1469.9869574620934,1146.698466065247,134.51308099321076,3,NORMAL
53,4912830.995511572,850.2444729400822,2611.192490408444,29.55968542933744,2,NORMAL
110,10208674.890295431,341.91373683795916,775.7307121286353,24.497562508744824,1,NORMAL
4444,47399.129670160895,47.3960556835739,741.0493328452424,233.59497557854667,4,PORTSCAN
53,27623309.40522538,3431.6133721259307,4277.662745735851,26.273781336497038,1,NORMAL
8080,59057.55148583699,1.3387375535798018,292.50038194859985,193.19244049589173,4,PORTSCAN
25,1368040.1327971162,974.5919839316084,6879.606688714799,132.7395394203372,3,NORMAL
80,211914.631066632,3316.8622799486366,1546.5684521429089,40.455552775740934,1,NORMAL
4444,70776.53935664994,488.7976743063524,16.898987186008316,92.68497139793749,7,BRUTE_FORCE
1337,1028214.5081329334,9.725697782324433,348.85088606994816,131.13819565437564,11,BRUTE_FORCE
1337,33276.839833419566,25.22894965291155,18.942020432626467,111.62152409475912,11,EXFILTRATION
8080,121620.75634898397,34.050847573878464,7.1171754932907785,1595.767243742597,8,EXFILTRATION
25,3409758.5324907624,2115.2516468020413,5861.096264844422,35.747455288625936,1,NORMAL
25,8821956.599830441,1243.3300542715274,1846.6257853079474,172.74698154806663,0,NORMAL
4444,189236.485146576,90.57682561349873,11.99667504854485,1057.3711080735889,12,PORTSCAN
8080,269512.99236501305,424.1517528452582,2.248422417798125,572.6463597241337,10,BRUTE_FORCE
22,106199.27385237247,122.6698114283783,10.23688210465043,75.22044901549134,4,BRUTE_FORCE
443,2712399.7473157784,1275.9003893336985,1426.090082820807,67.0454355317785,1,NORMAL
25,1679072.6609283695,3410.5870122629403,3087.084184526476,50.428407322130184,1,NORMAL
25,13422186.2202735,3306.746365276763,15233.652926881043,57.09954773972422,1,NORMAL
4444,29216.491705216264,2.83570507428098,5.110019045193142,613.4313881250762,8,C2_BEACON
110,1119248.1250533613,3630.691959200017,1216.0208756035795,24.259372651959907,1,NORMAL
22,186789.12494677812,52.851186124972166,9.224529096771937,253.74783356277493,6,EXFILTRATION
80,1488522.0872054833,5525.035349812987,2096.2017953708055,40.20614720907711,3,NORMAL
80,2087576.9546610864,432.2474773117092,559.3876480176106,12.886453136315298,0,NORMAL
443,12128109.436059853,4945.074159327247,223.97981355407097,82.72205318044219,1,NORMAL
3389,107395.78861932206,10.221972106541466,1.302479468393424,1244.057032176181,9,BRUTE_FORCE
110,11930841.51461727,1501.3642840883012,2720.5106113984116,1.9103306268762765,1,NORMAL
80,673118.2095832186,466.61594757550006,1351.0069412311434,44.66365244786344,0,NORMAL
22,72233.11753500528,9.405510948570987,1088.245758864534,240.96204023701168,2,C2_BEACON
1337,246859.62497803406,26.160178941441174,169.77641434930533,368.57166346405126,9,C2_BEACON
443,2448772.121701424,1003.8789371703125,23133.999799445948,27.90455508266334,1,NORMAL
3389,321101.61057450523,162.87350740385983,8.236983529424132,435.167511385733,7,BRUTE_FORCE
8080,101532.28250130992,8.81063612595471,16.08651403634099,635.3166252417406,3,PORTSCAN
8080,48590.59433701562,57.89107801576357,7.247632553224528,403.60562392021467,11,C2_BEACON
1337,89452.35136712766,8.45054517788748,128.79309705027973,47.61585745671621,8,PORTSCAN
25,6686215.277675605,1252.125356973592,1814.250761069829,16.344477800570285,0,NORMAL
80,2296667.5313330255,241.15177111494535,836.1359130339442,32.95201626826844,2,NORMAL
110,2195931.687349419,196.15839665192937,1769.0806158759872,15.296639693468608,1,NORMAL
110,1919623.8022691656,3938.026379831399,9296.422537002607,221.37513305474047,0,NORMAL
53,4574722.438072682,1342.6269316097744,2236.4697283015494,16.710045125047422,0,NORMAL
22,60292.93727692548,21.772515846987037,12.379476173412,438.6802988117279,6,PORTSCAN
4444,129867.85025746879,99.88806959550793,96.59213117155731,113.97741646004165,10,C2_BEACON
53,352312.5083853791,2815.622407093627,489.16531876164197,8.835840255774885,1,NORMAL
1337,78703.00746742313,641.3660610522631,418.69947785756693,92.87955044826666,5,BRUTE_FORCE
4444,327303.86266918754,44.07880320008736,0.6974388087116573,314.3111427775034,11,BRUTE_FORCE
8080,32415.447824877203,154.78729978891957,79.46616518984352,224.7686308167025,9,BRUTE_FORCE
80,4229779.104642703,2410.38875915178,2536.2124604051673,35.989088987156435,0,NORMAL
1337,123039.05369396537,55.01542874095828,3.7988403546700114,139.78062564433537,11,PORTSCAN
80,4356453.442039596,810.9460317637852,3592.829609476287,53.9423940181222,1,NORMAL
110,263280.84487687505,133.67576467664014,19340.44828936953,2.404607451635538,1,NORMAL
80,5252755.82368631,405.50923495282797,4994.118647532528,110.42771438093285,1,NORMAL
53,2209934.684369869,1039.8040529168404,106492.02940726967,134.48740552179692,0,NORMAL
53,14761419.659569101,4892.497778672068,264.5734922714781,1.9551866479077362,2,NORMAL
4444,209825.0162598044,490.5791852573329,3.0931935333020006,2709.1027671121783,4,C2_BEACON
8080,275284.2481076786,11.195960868997993,212.36990579492,152.09737087512858,10,C2_BEACON
443,1428685.2989288443,5302.193116423083,1413.8717550809035,195.75718194540002,1,NORMAL
53,887630.2587856959,739.9348218407223,5684.9133476570405,72.33110013752223,0,NORMAL
25,4928644.911053797,779.6983139339735,222.90213155587134,22.53859392159951,1,NORMAL
443,1048643.3748166778,1120.9018025630924,533.9763312406918,104.19170774089615,1,NORMAL
4444,381059.91816019145,895.1513996660215,198.7603475119331,454.0027695835517,5,PORTSCAN
3389,526384.4924375946,1637.0725378972102,986.3497709362737,119.90880565984395,10,C2_BEACON
3389,40791.796499074706,228.91439475063825,6.986163150916203,178.67882097661376,6,BRUTE_FORCE
443,12102368.874451594,789.6775839568611,1473.9377995686907,42.66282846884704,2,NORMAL
22,87998.007736074,55.22032924078952,79.983045823566,1063.0747948151707,11,BRUTE_FORCE
22,238821.07208916498,826.5307153162722,28.391200905548022,368.06581498220277,4,C2_BEACON
25,9338155.79085314,2584.166734156816,230.48336412675454,9.16988144118449,1,NORMAL
110,14768785.177724991,539.1450030625409,1040.2050309136227,21.35700116217607,2,NORMAL
3389,160191.29663661536,716.0455935098081,52.92968434382502,459.3340383578111,3,EXFILTRATION
1337,8404.384554549846,11.341285995885698,12.198896375478988,61.897868149972204,6,PORTSCAN
1337,63964.67708103972,288.8785596456278,297.18687835570324,1814.8291232494767,4,BRUTE_FORCE
3389,387219.8525669839,25.43650326666458,1.873811788207411,117.7511858653224,5,PORTSCAN
4444,63761.95596767823,3.2045735109593325,145.8541609899496,703.0974065460148,11,BRUTE_FORCE
110,1521824.8160799043,2825.8853806939865,2931.781209388652,7.7436297584347225,2,NORMAL
53,10369577.557225978,1197.4787060576352,4122.031047708945,25.188681566192173,1,NORMAL
4444,31401.097809626717,18.727717640808386,0.9292976338645552,185.1091581559342,6,BRUTE_FORCE
8080,196719.3883438464,103.66454480916545,2.4322274103458343,1478.8267672826034,5,EXFILTRATION
53,5640633.958087998,5193.683912774952,2733.076098413881,96.35161636838276,3,NORMAL
443,2352589.5735232835,469.9029149520064,4226.358733888366,12.145685811347779,2,NORMAL
80,1630154.9922868167,860.5954573266185,467.05853744949593,2.7070828608084403,0,NORMAL
53,8217761.427179931,411.1891275410823,8280.101838237904,9.784697782489708,0,NORMAL
1337,178012.7744573463,69.89785238987581,51.812844964222094,175.46433699725225,8,BRUTE_FORCE
8080,87281.58011242705,750.1233781447097,325.25911641241197,1714.5146642218667,10,EXFILTRATION
22,730370.0193544467,82.91170385888091,222.61776629266095,75.31368233432119,10,C2_BEACON
25,1027943.0715816637,598.250734128942,1154.1821265859878,79.75333926061175,0,NORMAL
8080,35610.94798548407,835.9782983064567,6.442710949391506,1132.5321076142661,10,C2_BEACON
4444,345911.532458536,179.67088552899213,0.9659736842269033,852.9452617517667,8,BRUTE_FORCE
80,2859864.2471510163,157.18593886371275,455.8549605969635,100.38679039602687,0,NORMAL
22,58730.233296745224,6120.877940413677,27.39682385275208,335.99016033796954,7,EXFILTRATION
8080,61966.76081491751,92.61976277860748,44.89857818572089,204.46912559689076,9,PORTSCAN
3389,109349.72447363051,10.921507481267783,2.1317791230190606,202.41765919415465,6,EXFILTRATION
443,11066394.298015023,4939.710664899714,3263.289304257813,127.80812162159381,0,NORMAL
25,438005.41899173724,958.1552028725225,568.6782332823744,68.68414612626931,0,NORMAL
443,3716272.690745704,1658.0077817337492,9311.442361194773,180.88060576397208,0,NORMAL
25,8956936.153662441,307.8189404442496,2896.779373632741,20.881165165109003,1,NORMAL
443,8376096.809894398,998.6366278888559,2980.4869629271734,59.14092093637462,0,NORMAL
8080,206302.7548495369,21.81201644373755,94.31350082864002,607.491918203633,6,BRUTE_FORCE
53,4345190.005579129,873.9800365005184,3980.8551357744036,64.58565809254866,1,NORMAL
443,13354326.472697008,375.9784233289625,6307.710001350892,51.82051329762086,0,NORMAL
25,7867036.332608856,1240.6852581548649,1403.4573624426835,70.63494033308697,0,NORMAL
22,94288.40569347727,18.547357723520637,3.199452716377992,322.2569796946745,5,C2_BEACON
53,3165201.1314842245,220.36714365761244,3050.505588731046,8.316445397232075,0,NORMAL
3389,80332.06202302128,8.401716153820502,32.14461891751418,171.22617240379978,7,EXFILTRATION
80,6559256.725311194,2452.482211445739,2941.845586958664,102.25145054785045,1,NORMAL
8080,417336.6220464974,30.131473205829327,107.68175146452771,499.4331196204891,9,BRUTE_FORCE
3389,717667.9741870278,19.721395864507297,186.1187395054526,65.0143666742899,4,BRUTE_FORCE
80,13631876.477177028,1531.996482919582,2053.384963686279,16.51520065130108,0,NORMAL
110,5428190.178299471,1295.2941965235689,4863.214223142092,7.043937167077606,1,NORMAL
3389,40300.536208210404,843.0296758542889,4.3296397904166355,281.9936605693067,10,BRUTE_FORCE
22,122286.88926306782,61.8942706944012,11.64854456077848,1417.6788379782395,5,C2_BEACON
443,459028.66723904596,745.0900694609466,893.7754967590826,4.688104185437176,2,NORMAL
8080,538354.5098215349,183.70394133177825,2.3352701868152703,2232.4699592330917,6,EXFILTRATION
1337,21932.378823061797,417.1524372730601,0.8681709026216728,287.19775409630023,11,C2_BEACON
3389,1055498.9930949889,23.86200932590387,19.474500105270057,883.8743845819764,5,C2_BEACON
4444,667085.8706265112,87.15715086383827,1.6151737717575134,1004.2940342091235,6,BRUTE_FORCE
80,1061569.2532815416,3558.9071180980472,2616.7705653060943,27.2464047777421,0,NORMAL
8080,47016.28600440076,288.8713234917414,7.710111666609954,334.9440181122219,7,C2_BEACON
4444,168673.8538210243,35.505167654149865,54.59608267179909,1028.0782246443734,14,C2_BEACON
110,12015587.93277743,322.3370679629733,3055.529602886574,11.467995534603507,1,NORMAL
53,12631029.04748308,434.8817627104815,1762.7201815148014,40.05759941293651,2,NORMAL
4444,143072.83503544555,5.216971752923527,55.941237310677124,338.12245808279084,9,EXFILTRATION
110,2359550.978101458,643.5542194356736,4080.4000591191248,153.91791853436627,1,NORMAL
80,1699455.3212316844,2462.6384854939697,11234.130329254687,115.34951890061025,0,NORMAL
22,40938.77776154675,18.735469506710853,11.111019998984583,102.66503472555772,9,EXFILTRATION
3389,12165.965479977218,4.877792632114829,19.26184319615821,566.3273188441824,8,BRUTE_FORCE
1337,57960.70264225423,38.159587444090434,241.47169902064317,776.1287553126294,8,BRUTE_FORCE
22,33402.201341441156,92.54116332090973,102.67882168146002,1417.6963434845393,10,BRUTE_FORCE
4444,76791.0451043243,12.270573289251326,32.25385985988805,76.16341353155298,11,C2_BEACON
53,1177933.5003390012,1752.0315107195615,23864.07829950015,34.30469353186026,1,NORMAL
8080,90208.12960225261,57.78620758651448,2163.3055912097366,311.1008752507733,5,BRUTE_FORCE
22,1249698.3059928496,25.990836115777945,0.47089345553658823,941.7779064222067,10,PORTSCAN
110,5155278.391529383,4028.309399281959,1000.6625093806759,122.45733408544865,0,NORMAL
4444,169004.28595998662,304.53523486717773,9.028836928459652,413.879988490634,10,C2_BEACON
1337,145942.30788241173,1343.6667124408357,21.97524061414172,513.3172275081996,4,PORTSCAN
25,7898305.492988002,1946.4590126917712,7264.437951138086,184.3931237764209,1,NORMAL
110,367781.6525028701,895.0069387296138,1232.403661501218,7.832442875072706,1,NORMAL
1337,117600.19240841786,26.313744087677144,96.94431204538633,850.2025449535604,10,BRUTE_FORCE
25,8093046.705408583,2107.9664246557386,2339.434979624807,12.009303327096825,1,NORMAL
25,4500381.775050319,1035.4615374578138,584.1113407659972,67.84399447544551,0,NORMAL
53,4159968.0838874774,1410.2096636500846,932.901566385652,72.21456330616559,2,NORMAL
1337,341324.6999032196,243.85185083651479,52.204011615279384,192.97020170087038,8,EXFILTRATION
3389,32533.894662713727,498.698718368795,11.608286596678008,700.0455216509368,7,BRUTE_FORCE
25,8150990.765036609,3065.4786490356278,5730.367850945123,16.117528001996188,1,NORMAL
4444,222644.4520063097,44.79903622968512,2.756729485276036,1714.4028985052034,9,EXFILTRATION
22,27031.858978517615,2058.245716511282,8.539084742708187,38.240925216170965,9,PORTSCAN
1337,76109.86847675756,225.93900041194954,148.5803302822321,1547.8252145593276,5,PORTSCAN
3389,235322.9884321133,41.290302058285,48.02800849078888,638.4957324353164,10,EXFILTRATION
1337,47128.00113619107,4375.019611947751,1.0284251132697655,150.93140215625,6,C2_BEACON
22,121438.80051175597,26.44933244756347,125.78623997844684,1393.843209861293,2,BRUTE_FORCE
4444,32431.472499545223,69.98014390740103,194.192619712677,385.65792085321596,12,PORTSCAN
110,1766052.734069425,169.06247785352542,1262.701690637315,120.70503161230705,2,NORMAL
3389,551404.884684131,9.426729103548121,92.29898651189802,1954.7735744834777,10,PORTSCAN
443,3745997.3255280373,480.50330193244247,4330.828055724661,0.36094750201086573,1,NORMAL
25,3855977.6142847408,1332.6904763286136,8110.1086350679325,7.8408603665496415,0,NORMAL
25,832427.0303232502,213.40635873645445,7314.3575144487195,17.61404002270125,2,NORMAL
4444,1996.7418968153597,3.5278959353402572,181.78605403654754,106.11234895879974,8,C2_BEACON
22,871599.1317921436,3518.149876468146,111.26841034351557,407.81292762396015,14,BRUTE_FORCE
25,1850423.878436581,4007.519945737979,453.17029334361945,24.925976136506343,0,NORMAL
25,552761.1819946485,1193.7626139050014,4211.202626965305,176.83583869494305,0,NORMAL
110,21202890.213218056,540.9521869534442,18490.66850130777,107.8749835599372,1,NORMAL
22,316203.0244861297,353.3248199371443,10.654022587889171,620.2062496587911,4,PORTSCAN
22,146601.0846179687,7857.0144200777295,42.36226521912792,523.2802063798179,9,EXFILTRATION
3389,566517.4107754832,151.40995350845796,25.811330595340916,164.00668846467974,11,C2_BEACON
443,1330314.1870544837,837.5711742739868,2439.227571239704,17.70987883428157,0,NORMAL
22,51871.53771664744,12.999791098694226,83.81548432286174,1105.7111724173092,6,BRUTE_FORCE
8080,78496.81283740417,19.378193813827092,39.378620479524365,105.74591756525304,5,BRUTE_FORCE
25,436101.9833273402,503.01735613342396,1131.5472093656842,75.3845731631313,2,NORMAL
25,2610897.078865337,898.6893698580429,153716.9889220762,138.73913261051885,1,NORMAL
25,1829410.6395736868,2551.5489167237356,4988.285193467074,59.10853168543893,2,NORMAL
110,1218854.0500236044,264.31011510737306,18875.490079065567,44.21362682671143,0,NORMAL
3389,45583.79396436631,2.3894614148513678,0.6557403048348945,909.2604690098509,9,BRUTE_FORCE
1337,48464.37724186118,49.717205940551366,12.40032363489804,127.59806947366589,10,C2_BEACON
110,8024295.699451612,5037.3659550560915,37038.12466912654,10.785434689532616,1,NORMAL
443,10252661.055974094,1562.9172430561753,2539.1607763717248,48.7907376877663,2,NORMAL
53,8026183.029095837,803.5685402448686,1236.3643237539256,26.316221785958426,2,NORMAL
25,1063004.8633456535,635.070483786944,27841.91376877358,6.702753030932753,2,NORMAL
3389,308611.4489723867,3.335414712983008,206.7304316873525,442.3831222554943,13,C2_BEACON
8080,42074.879066949194,7.899286462726526,169.15746910536276,176.9758474321337,8,C2_BEACON
22,152588.5639235763,2.9714768877363165,7.82154425612322,463.1349002251753,10,BRUTE_FORCE
8080,284264.84190874395,6.210655766603844,11.304372055939089,927.8012333307198,9,PORTSCAN
80,344927.73162232805,3027.1968208896997,1412.9669939599667,24.439525513981323,1,NORMAL
110,3727155.4309504274,729.9862027538485,13053.022106903536,88.10796914710409,0,NORMAL
25,13743906.233306123,3157.1572179563277,531.6672636404489,46.211251282102786,1,NORMAL
110,3923978.137800509,364.5681528210101,1075.670036688908,148.88166838677398,4,NORMAL
8080,369973.61413178005,3.407552685754099,108.45072968481317,266.9350010173481,8,BRUTE_FORCE
443,13523769.786089357,577.6039035891421,1871.9571376297806,76.38498510089397,1,NORMAL
443,1950262.9675562968,4117.189956856823,8916.733572756768,14.466263208571165,0,NORMAL
22,64490.04651229675,109.43022989217563,177.56734277688062,740.0036527236089,10,EXFILTRATION
110,1422646.193108916,2301.507948590624,4098.375742115871,11.444462070563048,2,NORMAL
80,242883.0246096034,2564.8230854874714,1072.867018869317,0.5978808520331076,0,NORMAL
80,6773546.890363093,1844.3293936053028,1399.7318503211204,31.366266228522814,1,NORMAL
1337,33908.0798694988,1.5104509124235166,1.5808193493756653,26.043689749607733,9,PORTSCAN
443,267245.6550722354,37.50299887663006,2968.5454025066692,44.913698055685536,1,NORMAL
110,7613799.711270446,474.13845756864777,444.8356050797037,33.55029662937945,0,NORMAL
1337,318024.2055321552,523.5442849282439,14.781528936752387,55.49279512116177,11,C2_BEACON
443,1061496.3868587823,3628.6905089037077,6171.576989235543,74.04171142311739,0,NORMAL
110,2976769.445859275,347.3241676703883,457.485739588167,8.627828879566843,1,NORMAL
53,2447359.659561792,1762.9469740627328,9897.022230417382,90.88009323791802,1,NORMAL
3389,56477.22889963087,3600.2189600694137,6.176133444647792,330.4003920108048,8,C2_BEACON
25,3586570.621181925,856.6947514782638,5804.887925384979,11.75146887500528,0,NORMAL
110,539775.9475397189,585.7841548565724,2251.483195502381,147.40679819208196,4,NORMAL
3389,119052.05455911963,205.43841033122663,15.501247703658994,5.319139479592696,5,EXFILTRATION
110,4488363.072075942,371.22618998288357,6866.098170629921,96.14663920251209,2,NORMAL
1337,105118.37978305263,71.1814867270544,294.4039646184075,481.6698415257265,10,EXFILTRATION
3389,140733.60603271134,24.71059882831633,141.20543559811242,53.735373023018724,9,C2_BEACON
53,1690293.9922558356,937.9753443268787,387.5539083368852,25.466498754549526,1,NORMAL
8080,71763.95587693571,12.558102208006286,6.099057647907875,205.63930001643928,7,C2_BEACON
1337,173224.38572286532,560.3166033686495,225.48383466076876,492.49821826432935,5,PORTSCAN
110,7937853.174723499,1499.4679909677652,2112.2338354963804,183.6958314946886,0,NORMAL
80,5366217.349000681,302.5948301209498,2824.1045668635893,109.0129564360923,1,NORMAL
1337,173467.15943961847,95.21085368248976,16.466550946353912,143.0428154930194,8,BRUTE_FORCE
22,75537.82795635403,30.401541618412395,54.30510368697345,405.7799067784525,10,BRUTE_FORCE
443,9956840.161732603,4056.047241636002,9830.964609390088,8.927690256503976,1,NORMAL
53,2936584.538182011,738.5704193413352,2396.5079143395737,71.67083088311503,0,NORMAL
4444,43560.553432399785,32.15765397454964,0.16585436893375485,275.81695234276657,3,C2_BEACON
3389,290107.4671423384,7769.329038477915,73.8470219779193,1709.7424404980934,9,PORTSCAN
53,9930512.970451452,355.2118870290792,2290.156754543733,15.012876220074869,2,NORMAL
53,9983987.186377354,1318.4567852051218,3107.963904599419,14.287500866829081,2,NORMAL
53,9567564.27191892,274.4144298965157,1816.6271836208011,5.28762484064117,0,NORMAL
53,3239328.9459699313,1605.7606275990252,606.0672850582785,36.72508924181193,3,NORMAL
22,605000.1895247079,156.32062184241664,3.6373097313967935,165.7284383159229,12,C2_BEACON
80,779247.5315912574,408.8469874685209,2091.052952925369,96.05896761480346,1,NORMAL
53,6258082.217665366,408.93634200137825,1252.4837543777653,164.0000147635853,1,NORMAL
1337,244182.23543387096,4.928033925213366,5.113959814390584,7.312325278141216,10,BRUTE_FORCE
4444,296051.2515145266,1267.939339349682,1.908929538982857,5.521306999063732,11,BRUTE_FORCE
53,12662248.720822467,951.7394194879147,2702.787070669506,57.87732434296954,0,NORMAL
1337,25511.730283979956,886.34955988776,274.2249068673394,892.6047274255862,1,PORTSCAN
4444,17246.139443803342,102.94108360080003,21.09559584968731,456.01436192620946,9,C2_BEACON
53,12796759.337628536,239.87242041087003,14297.85609070514,5.4097891128794,0,NORMAL
443,13215495.923778767,2179.5155602335803,29931.58248512837,1.603824513102302,1,NORMAL
3389,910411.4703706747,8.378442474456621,2.812321988317739,131.52010186571147,7,EXFILTRATION
25,1935649.0019428679,13432.721406416671,4999.110153129437,49.47131538952916,0,NORMAL
80,4912819.288731211,517.316322824697,2733.2558820369227,1.0541073811724984,0,NORMAL
4444,26177.729102264348,62.232924303783214,12.465902699826907,94.3175011915304,11,EXFILTRATION
25,13483082.234484121,172.73203619061883,3652.925710056798,49.583994587411425,2,NORMAL
4444,418993.08220292546,10.449119414390516,6.197370171912947,11.188062363303501,10,PORTSCAN
25,1608600.1089330653,369.18821786962275,4690.310726058324,44.785256286257706,3,NORMAL
53,1349929.7670397966,978.8788031589029,114556.60481232007,0.45522089534706917,1,NORMAL
22,117343.2102493945,27.35165853508673,3.3448485401054047,770.0342276976145,8,BRUTE_FORCE
4444,85193.3616674479,96.3442000916985,81.44541076188777,290.30912695317437,8,PORTSCAN
1337,119706.11120395936,971.2892890937633,4.2143613694408835,239.30460159590896,12,EXFILTRATION
3389,7781.219029383746,1217.501534365493,28.18787281315163,22.27858968301649,6,BRUTE_FORCE
1337,34336.06850618466,1232.1870753850303,5.721450078352633,380.5065729587133,12,EXFILTRATION
22,205465.53131017502,3.026887488961179,21.76236288924756,274.8239494852104,6,BRUTE_FORCE
1337,201513.55400756677,10.66626238820338,914.3972223220297,316.42847432868683,12,PORTSCAN
80,12315820.702687368,4600.097779479433,2451.6225948757656,37.933268706306286,0,NORMAL
443,10039410.0198231,2670.0619457630833,1445.0144472792367,158.92337139505247,2,NORMAL
110,2577394.953237353,2833.580820409051,1037.3155196433836,116.91481337511149,2,NORMAL
53,1977241.514263001,110.90868367239703,1170.8819901770748,5.293933133001259,1,NORMAL
53,1885569.6191336329,695.6371693816221,756.4611416930051,90.78799276192845,2,NORMAL
53,3774480.9074023226,680.7012653559434,6037.622222276174,29.867719595134464,1,NORMAL
1337,434717.7056043693,4.920515953258084,826.4975111434849,32.62586041158718,5,PORTSCAN
1337,16265.968423224442,19.07264930816161,13.912330806006938,20.06951754468402,9,C2_BEACON
110,5443744.624167853,1046.8107278889988,1491.1976266230856,7.620116303811623,2,NORMAL
4444,1083829.593292107,16381.759334481685,28.954412311764127,544.284782103019,8,EXFILTRATION
8080,15425.012104841917,4582.370873778335,0.9509144377351721,107.01619494725736,4,EXFILTRATION
110,5682608.340109486,380.30093670047137,15720.019095827824,292.3878505979045,2,NORMAL
8080,155629.08308254345,437.5430098118428,0.7425836484593275,259.72454972842365,11,EXFILTRATION
25,12373653.891602308,1684.0686307071464,593.9438547089849,11.878576122704693,1,NORMAL
4444,237877.58379798612,8.729568672745573,13.376192665754818,22.254605692503013,8,PORTSCAN
25,1590480.865477655,87.93014016902742,143.46711994229307,64.7725625906409,1,NORMAL
80,5123363.810539973,1215.0511331880296,4632.181791809152,52.073173075654324,1,NORMAL
22,29496.778186917687,1269.2525213077452,3.3372485437868766,402.0484883108374,11,C2_BEACON
1337,549971.6488292934,250.96672844075906,31.396752013565195,1129.0746067168523,5,BRUTE_FORCE
80,7937022.012497475,311.6046916831351,11609.133033277323,54.06086072191065,0,NORMAL
4444,129876.19051448492,45.923739537651876,10.378946514607591,377.27086752317956,6,EXFILTRATION
53,290168.5043589791,3368.434358318491,2964.9689652584357,24.739156635481727,1,NORMAL
8080,98791.38030566294,16.009696146682188,4.7644667657457385,329.88831378276006,10,PORTSCAN
53,10594561.744885316,408.68873249799486,9002.555438776357,39.58311665953704,1,NORMAL
22,429376.9288436546,177.19376866538846,8.568223922603341,29.350223607529195,8,EXFILTRATION
22,331865.4924320349,13.839441085260946,2.2198458626450916,1362.9914730261921,8,PORTSCAN
1337,711346.4287239206,146.88530460109286,16.217568001382062,183.97715075238568,2,EXFILTRATION
8080,220376.79136212246,7.626033449333908,5.218896453932783,373.89078779152965,5,PORTSCAN
53,12015090.424156638,928.4480378825523,14720.033951497873,2.141592154239793,1,NORMAL
4444,226131.5491314286,11.23259005143757,1.1532892455805632,320.45498380715117,8,BRUTE_FORCE
4444,188176.42878203682,9.768571419223738,10.389593125060939,152.3687217674782,8,C2_BEACON
3389,89285.278095183,75.03250144190385,324.98692718469636,15.358349201339387,9,C2_BEACON
110,2454892.3925152416,644.1013630935599,14907.147627572182,6.010685294853521,1,NORMAL
1337,64551.28633472016,551.0361190585635,2.0456630990412576,73.64243766662085,7,EXFILTRATION
22,114347.83265132582,39.18893146240326,10.132674797817124,205.57307263601464,7,PORTSCAN
25,2513074.9329227055,259.3269559844193,23992.239771810826,175.49779040355264,1,NORMAL
3389,526809.4966294756,79.25869837635977,7.052634071943848,114.09088359157722,12,PORTSCAN
53,2529125.4217093475,473.19473917575505,1198.6842124888933,17.24756590927968,2,NORMAL
22,64939.844441890236,137.56837806756224,45.1406476422634,302.16767904950956,10,C2_BEACON
8080,646794.0415729244,138.41904396191285,760.2986493900869,263.9485401252931,5,BRUTE_FORCE
25,1845419.867502144,4090.1823709599207,3284.12808342179,19.46154244307783,0,NORMAL
22,20245.047304269283,572.0856602798757,8.039488685655261,716.1824042919037,8,BRUTE_FORCE
22,119354.99958936003,467.002486611771,50.459661465757115,1660.3475786959477,5,PORTSCAN
3389,209790.5105853598,102.77692441767128,152.40610005443253,81.64621785937067,10,C2_BEACON
4444,473668.5771253898,468.1886621568863,1.1939679984190223,88.2083414416316,5,PORTSCAN
8080,101345.1863923395,17.27071354428492,2226.635036924257,377.9999695664226,5,C2_BEACON
4444,360109.4393093879,396.6385069541352,8.049530356680764,641.8706086605442,8,PORTSCAN
25,1246481.9983522058,473.6517949762387,6245.85391272406,64.04064288469039,4,NORMAL
22,11879.81103943761,14.36829923048458,172.30233292847026,863.7139135624652,6,PORTSCAN
443,4407792.8201571135,687.9888340910961,4625.666886181928,20.498867676247926,0,NORMAL
22,82922.60667018335,454.783194875062,23.8264323212825,470.4339436231029,5,EXFILTRATION
110,6079018.237562055,949.5612371723096,2568.4193511660956,0.009744066272457172,1,NORMAL
110,11900743.100649076,2141.8781676503986,7698.416217643707,16.216596192281493,2,NORMAL
110,4398849.802957196,417.3933553560037,4396.689364735393,138.2181045663665,1,NORMAL
3389,12676.602038781488,395.94841912629124,641.1739981682784,167.96118280274032,8,C2_BEACON
22,7034.517095486291,7.8027648645514684,5.184730988041904,936.3545395848034,5,C2_BEACON
443,6581467.7515537925,1691.8239058475992,1845.239228101596,158.87393503185928,2,NORMAL
1337,163693.51570543548,7.73936907334224,11.334670356244924,468.10691548805124,7,BRUTE_FORCE
25,2925179.1420004047,486.7888851005259,901.5954355102311,30.756493983550065,2,NORMAL
443,2267238.608890388,1586.4653617313236,775.4312500091826,23.729988089925254,1,NORMAL
110,1660261.965310262,380.7577634248652,5888.735527647386,168.53703947934991,1,NORMAL
53,870275.8499483862,577.194094787018,1503.8258141791034,13.123694464606137,1,NORMAL
110,6917797.6238301275,2427.8430841410673,2681.3822992534747,52.989658233907946,2,NORMAL
1337,85791.13993631389,162.8615997813647,534.5326764493034,334.68987581331936,7,PORTSCAN
3389,132500.3131876709,13.783567268144386,17.883188116665455,347.5279394361888,9,PORTSCAN
110,3471532.43578947,318.7149016536228,963.1019715754782,29.001274724573676,3,NORMAL
110,7894982.545309382,4063.765027025193,1589.9992933305443,75.69809753036179,1,NORMAL
110,2422696.4007842354,502.80042614646413,1216.014274475899,28.731408874983465,1,NORMAL
80,4871545.980434359,1031.8932285658464,2820.320097482643,27.858732593092423,1,NORMAL
53,731237.9922200576,489.54685011979467,49584.24444562494,57.52146829446204,0,NORMAL
8080,18147.850581725776,104.08224415145742,2.1855279142618134,309.96194892096577,6,PORTSCAN
53,352167.21423265745,3914.4432263381505,1096.0886081991496,3.741515372223932,2,NORMAL
80,1167433.0882286578,1340.420353988108,542.2015869407182,9.778621751890437,1,NORMAL
3389,68273.48425552297,90.02270632620952,128.81789241854452,33.05029829695514,7,EXFILTRATION
3389,169199.19477163313,100.05797833382154,53.98832759993225,150.19831463450151,7,EXFILTRATION
110,6605537.341168576,865.634372394007,3212.8640443865474,56.030607139942944,0,NORMAL
4444,48345.45332542742,198.2327923473045,901.8172938185752,185.08129324973743,5,C2_BEACON
8080,458078.8031191866,79.9343286486565,3.5130773964582676,31.88584731111454,8,BRUTE_FORCE
80,11800125.015535234,943.5710118292134,538.1946039056503,49.41786644282819,0,NORMAL
3389,285232.27695498307,43.67602765517958,20.023012949555014,49.42730291337244,8,EXFILTRATION
80,498268.5593766578,2622.026013712534,825.0056530041903,13.695850549826647,1,NORMAL
8080,235569.34339532646,12.538620358419085,27.787504166980913,117.95954433922508,5,BRUTE_FORCE
80,20884657.73615267,1378.9737356135122,4693.207560602716,75.48978153229261,0,NORMAL
8080,83070.36344699597,717.1648674324729,302.8470398576452,140.04448220096953,11,C2_BEACON
443,2192486.9491677466,528.0478340482991,3240.1462266993285,126.44809961729449,1,NORMAL
25,5137651.295319739,1691.788632161697,675.6370947923799,15.05683393068939,2,NORMAL
110,497659.4246574393,7336.733840538136,20562.247971590605,4.123829216574236,1,NORMAL
22,557587.8564023155,0.9933343584404312,5.592406199007264,8.229960993645873,7,BRUTE_FORCE
443,6910777.706523328,540.9318127517543,5006.760072564702,33.663813694167274,0,NORMAL
4444,100256.5649435643,0.6580731139480184,212.3289771880146,15.442805490595028,5,PORTSCAN
443,6437300.876406098,2871.249534713948,1548.8422764408601,24.251204520776827,2,NORMAL
4444,70469.25183745973,75.6902466106174,4.181328976655825,104.90463954877873,13,PORTSCAN
80,207161.4876211336,685.2229664276601,21632.816830663916,17.17382240229884,1,NORMAL
110,1862374.2627103857,290.2204890219795,3186.173361502837,17.664106876125672,0,NORMAL
1337,337130.93048870156,10.525300206376857,379.3175165441703,343.59093523222725,8,BRUTE_FORCE
25,181308.65772121653,602.2329285334404,9394.308950798099,38.89155860674051,0,NORMAL
1337,7532.332902583985,130.07442073393946,9.3716437617003,7.607644877307392,10,C2_BEACON
443,2850498.6938955607,3079.915734368262,491.4114188458626,34.27937931653204,1,NORMAL
25,2026638.6418564203,321.8571252139401,9475.69570521599,16.465822877866476,1,NORMAL
22,184625.78454844444,5.844333749479331,712.1278076221988,73.91244228856755,8,EXFILTRATION
25,3704195.357913526,1241.2904668515757,4158.4817948590335,77.9685622908471,2,NORMAL
80,10183487.860880783,1972.5009504976924,3181.819089581717,18.935164307010147,1,NORMAL
22,34360.71774781404,103.85224125028962,342.8683193649851,16.091754724209416,9,PORTSCAN
22,355556.132316857,106.35779909417556,4.888203245745507,231.63060918507426,6,BRUTE_FORCE
110,11558519.227005191,407.62557056377244,7565.130279595263,38.53562329591164,0,NORMAL
1337,130794.8677022518,141.11896170227908,4.298132435448239,1372.6572051024345,10,EXFILTRATION
3389,97498.63260235584,8.45628002497112,597.1184528273498,408.1085727662077,14,EXFILTRATION
22,286020.9541507957,528.6405605402882,240.09971348173866,16.84252915008988,11,PORTSCAN
4444,695622.8020199848,1.3764265627719992,15.102837274220109,1013.4238138903289,7,PORTSCAN
4444,96479.93987987828,40.13085313568241,22.17427461954863,701.6216503894099,6,PORTSCAN
22,431777.1162929195,63.20335776974599,83.96353575715254,673.5620750112472,6,EXFILTRATION
3389,681186.4245967281,19.336705043887445,40.93039625499242,66.80339216437471,10,PORTSCAN
53,3507236.0728879115,376.71135060141336,15368.820359355517,28.326869643872566,1,NORMAL
1337,147459.59920289472,10.531385694325703,20.09048077783557,722.3306904251992,6,BRUTE_FORCE
4444,176670.05906677066,24.281050963189035,14.244349871113869,13.0348193278759,8,EXFILTRATION
3389,402308.4769038016,0.8302202971019025,17.66752194802382,1341.1683766496055,15,C2_BEACON
8080,806792.5396221952,8.490737529991225,15.930601702684529,579.0227324758823,4,EXFILTRATION
443,141179.80191618056,130.73423371083646,1065.7064071174725,2.38289235128727,0,NORMAL
25,2643952.0851583853,1092.1758333332778,5446.245027525459,69.50974986941307,4,NORMAL
80,13328446.196241751,563.9435072308132,1176.5940327388394,34.401302561103,0,NORMAL
8080,197660.74519033922,266.6767771151852,3.36488834310724,464.89610258639357,10,C2_BEACON
22,111587.83379720175,12.24861608366627,67.02268341852346,301.344273598689,7,EXFILTRATION
53,15578152.7913457,920.9005540053649,9244.564546524205,85.29002210243615,0,NORMAL
443,15032229.39453051,440.7080763413907,3669.0247802505855,7.75913387550352,2,NORMAL
22,102789.69964013447,60.73546913760979,58.46607151665474,348.53586705688764,7,C2_BEACON
1337,43194.28487276556,19.883723438295974,16.071883082896576,200.28416136036748,7,BRUTE_FORCE
3389,61301.77716838722,394.5404929651281,32.03908797584382,832.7084309971382,8,PORTSCAN
443,12016819.219025286,2611.8275331038067,28047.071704813654,4.907049790255201,0,NORMAL
25,9866724.052564321,477.57064877114584,8530.874792261882,15.701744443986149,0,NORMAL
53,1065181.4139098732,786.9944751302361,146.60375906261993,37.49776493185967,1,NORMAL
110,1154635.8001602225,1136.1168070341864,12310.329094423401,114.51268489685569,0,NORMAL
4444,254306.68664696833,8.090201333915127,113.1003680471831,318.99060883151725,12,C2_BEACON
4444,689528.8895453138,28.71801425812157,23696.042018712214,348.8607164367072,12,BRUTE_FORCE
80,1074856.0735327194,744.2449148852381,734.3597354476931,174.64974206500813,0,NORMAL
53,15320823.03754009,2230.3922551301825,8819.052181075187,62.824222958289624,0,NORMAL
25,15846985.023009576,3027.909977193855,1187.679366360144,76.68484773135144,1,NORMAL
80,7637529.896761742,881.8256571864115,1550.225859356694,23.739895217462998,0,NORMAL
3389,302237.66042585194,2.418753525682126,0.2722095552748443,10.10780175551172,8,EXFILTRATION
3389,52985.67910078791,10.550999442915723,2.00818201721027,114.50613011931934,6,C2_BEACON
110,2444562.8654586403,346.6511320141699,2454.7060100991293,77.85721770929447,0,NORMAL
3389,21940.475156099754,5.2022021039553605,4.994747552104559,547.5891968303819,6,PORTSCAN
22,34003.03116678152,26.722415362118785,67.28483315551865,762.5223626600146,13,PORTSCAN
8080,236536.73469584982,0.16783695621068515,1.3600729897956572,819.4417395839043,8,C2_BEACON
443,2980445.0139727145,5388.513829814209,1309.413379796203,49.84673314540945,1,NORMAL
80,1330042.329500564,7350.754244413672,3416.969138003948,19.67641876826707,1,NORMAL
1337,25599.228508424672,98.112782171674,5.860688243033267,189.64686046737398,9,EXFILTRATION
8080,9523.393950568709,7.291968052944566,185.75400880180212,834.5316825859154,5,PORTSCAN
443,1456195.3030095298,146.3755008669842,372.2179210358683,15.917736142798919,1,NORMAL
22,46230.7254529425,245.304752720427,2403.432881559173,453.2187919001901,11,PORTSCAN
22,165024.84917795667,1.240888214901381,0.7925632662949134,621.9287237710301,13,C2_BEACON
22,402680.0509877857,26.083930034241764,73.11299990765083,655.7718549328713,14,BRUTE_FORCE
4444,168457.5470950091,65.97261921501797,1762.6414197139843,406.4315095974147,6,BRUTE_FORCE
110,1476328.600984702,2907.9409770141806,16990.47735511061,27.97218622566004,0,NORMAL
8080,417315.89393812564,2.409665017569327,85.68467849689247,376.6352118689328,8,EXFILTRATION
3389,72749.46288872187,60.568606583714754,0.8275885015834269,735.7534683415857,10,PORTSCAN
443,175190.16840967024,901.9554724390766,11515.921396561855,17.529240962019095,1,NORMAL
3389,144474.48555291773,7.321036147646012,24.143084184796038,328.56420890389904,7,C2_BEACON
4444,15698.343104879228,83.0832522659334,110.078111146129,949.2209248170238,13,EXFILTRATION
25,7380512.113790426,1938.672849392644,427.8849066182426,55.25173325741981,1,NORMAL
53,18199033.704277433,4296.518705622113,3275.7032739498604,132.14541988678948,0,NORMAL
4444,239277.51558794227,1872.6115856604786,15.674703215830464,1265.399584612708,8,C2_BEACON
4444,361879.0494796487,56.509748134738814,13.947616692031154,424.772490780598,12,EXFILTRATION
22,122678.61064291105,5848.875047071419,25.241761829414056,252.71253565127427,4,EXFILTRATION
4444,56384.890137042006,217.56770197262898,3.150326305064648,467.8603915226571,11,BRUTE_FORCE
4444,344305.7265821998,10.491790408220062,90.02252395535106,338.42846810095784,9,C2_BEACON
8080,9867.964247558823,817.2231942427933,2118.284543145365,162.51706893082653,8,C2_BEACON
4444,252186.51218148254,7.833446154310092,101.42981098896985,672.945161621846,11,PORTSCAN
443,2771325.162598201,907.6055053542332,2028.6064413903132,74.70915857992142,2,NORMAL
3389,50159.31508967657,1208.7374769578912,22.750227835447603,713.2985245015155,6,PORTSCAN
4444,187165.7349574749,2.511197541611033,5.524310354724418,376.04338476634365,17,PORTSCAN
443,2030107.8713509464,2792.3943795756845,1543.6790728783026,7.961524655649464,0,NORMAL
4444,67095.31088174933,53.00400173199158,17.37145178553765,58.90453758024718,7,BRUTE_FORCE
1337,35930.27336976881,5.464269033517202,71.45262196908375,378.1152006681229,9,EXFILTRATION
3389,344275.19183805975,124.24036417531632,0.15840543725603778,347.3377476904205,11,C2_BEACON
110,7435992.7115449095,358.7669420082142,1632.7548928063698,31.003835281776915,0,NORMAL
3389,248910.67554030023,4.360163845390651,49.170251000194135,415.81403404356723,4,EXFILTRATION
443,3116331.8806382893,4432.682354363646,5382.589230460061,228.21193300346684,1,NORMAL
53,2473437.315961957,730.6171902086523,1689.4871028744194,119.0307638763314,2,NORMAL
1337,240099.11503105395,89.88218561784224,6.027087247504489,420.4317997121983,15,EXFILTRATION
80,1337792.3965883423,693.0645599660949,2371.717778057338,101.92411686873616,2,NORMAL
443,4549422.013624883,751.9076289317512,1353.5015399414817,11.859618140239975,1,NORMAL
4444,459086.75946316373,3.6863188516810923,48.208443175742666,221.50909844511997,8,BRUTE_FORCE
53,1137710.4807988883,434.3439520705543,8160.577141667383,49.020440083727266,3,NORMAL
8080,124678.45149586874,301.198138263213,133.14880215150592,680.7549349564639,7,PORTSCAN
8080,162654.43706208485,278.2337589088408,42.69116756514848,460.2012539034882,9,PORTSCAN
80,5230330.982140459,5518.561404191005,6950.827966073159,72.12178709127025,1,NORMAL
4444,5529.227378006151,49.08483118579947,221.97111691198538,1518.4338799693123,4,EXFILTRATION
3389,285797.3880643409,116.85851564314162,3.2956549320628468,51.47446307476831,8,C2_BEACON
443,2155735.022031089,1138.6138251817758,5127.6689659708345,5.619095139808543,0,NORMAL
25,5099741.567489233,3702.351704352973,6465.400225440089,83.29810453387961,0,NORMAL
1337,114010.19280853009,601.5679853671076,1.4660945981345332,4.290885094210071,5,EXFILTRATION
25,5751045.226909061,329.0094096228118,1306.5883142966716,119.96797847017649,1,NORMAL
53,4871922.297999921,1644.243017993713,1659.6875424494606,199.90322343299385,1,NORMAL
110,2675846.1344921826,192.08107380339135,701.5563181396864,26.93773925508973,3,NORMAL
3389,273365.0779887133,1616.2814804541833,25.51545573784557,141.03280985162044,10,EXFILTRATION
25,2566324.4742597886,303.1221873248249,7248.178369201511,57.987291770210646,7,NORMAL
80,5426982.392290494,1827.1915199653754,31638.864946457914,40.53952965051673,0,NORMAL
3389,503025.3170782378,814.8657982920521,42.05140906966653,1786.6038739024268,10,PORTSCAN
8080,183402.13354021878,2.198896344841715,6.374080358901876,1995.295352967609,9,EXFILTRATION
4444,617527.9731727226,222.56432681300473,394.0451257088563,34.78041915324052,9,PORTSCAN
80,3927694.138728509,1825.3254227016293,970.5865663249084,28.49295683211771,1,NORMAL
8080,122444.83274536843,51.500342346440995,112.24345944206206,704.4510446804942,6,C2_BEACON
3389,136984.06803355503,36.28665266799939,7.256183493671321,185.49722599893155,3,PORTSCAN
53,4928239.286836159,4140.808806158107,1377.767215217068,17.39587857812346,0,NORMAL
3389,203541.1527486601,15.946075405290271,163.7322183823796,818.722881477976,7,PORTSCAN
4444,1556.158575560334,263.3833899485204,35.58171433445594,169.85883469059144,13,EXFILTRATION
25,10865302.700153757,631.078748248946,20635.61681614414,135.46111655272364,0,NORMAL
80,6628173.198274331,162.52023888884872,950.0995335805715,0.3268819781417838,2,NORMAL
25,6813855.110118571,6181.404970044611,6997.129853689277,23.8412533734364,0,NORMAL
1337,17339.11765753112,2306.521255606904,114.1057535821192,63.32661001661012,11,EXFILTRATION
22,106252.0760326195,93.49492051288398,1.0018655956274098,1474.4758737221696,6,BRUTE_FORCE
25,4170616.2304749726,524.7755455286828,628.5419954669036,8.055531793884033,1,NORMAL
80,3005023.4810604625,4534.434603505454,586.0175668005561,14.123358350420473,0,NORMAL
110,1666614.0512237162,885.5684471151887,1093.2085428953692,133.78247291850525,2,NORMAL
4444,402574.3872311131,34.07421914099302,33.96334790726332,196.79125141761963,8,EXFILTRATION
25,1558332.4957863817,773.3549395320623,26306.701636648344,16.33156473268537,2,NORMAL
8080,33893.31614147141,241.2648451084578,11.328315423434594,103.38287399577375,6,EXFILTRATION
443,417923.1304027108,1264.431524627475,2444.2439651442937,5.091230749518369,2,NORMAL
4444,235990.23195224546,399.22114960821983,0.2420006235240141,311.0461020239452,9,EXFILTRATION
8080,121686.13357791815,155.07701950100966,20.03156922319474,462.11406406565453,13,PORTSCAN
110,1336025.857960444,2726.862704973395,785.7600612972457,26.432461374719313,0,NORMAL
53,1897328.8306166457,1649.3489491865469,161.39473736301878,9.384140451735693,0,NORMAL
25,7058138.618893652,1396.6084929512738,176.42525285148895,13.662364056414999,1,NORMAL
25,4309167.572435212,1201.2582970250148,349.7121759249926,58.51959069208475,1,NORMAL
110,297625.9287571212,1188.399028334345,2829.188480492907,45.04857107187924,1,NORMAL
443,1453919.3520438396,178.45759752504372,5153.564978341415,78.18197748190661,0,NORMAL
25,10053367.838174587,1982.9274601995203,852.7667690934829,155.37411778697506,1,NORMAL
443,2240945.0112157185,660.0286418691421,526.5943386884801,28.454077887413952,0,NORMAL
3389,315731.8415021415,387.61736768788563,0.5499530904628153,305.6315975391443,13,C2_BEACON
110,4633902.010152075,539.8124677397251,18761.71989202402,11.671313486139473,5,NORMAL
1337,159022.2728946072,52.06127398807697,33.83225311095567,171.3671784742375,8,EXFILTRATION
53,1209431.818023183,549.4652994906558,2026.559443427838,4.748204301200517,2,NORMAL
80,357678.38470214955,4238.816432476098,10197.15174222605,4.735853954352938,1,NORMAL
53,6316170.830807772,415.60225042468886,2367.5204804457876,2.321952281764716,1,NORMAL
3389,273290.5450476967,81.93448386880749,0.23013729225978183,81.58812094928956,4,C2_BEACON
8080,286397.31513753854,537.6759122860897,16.357329382164103,281.806834064428,8,BRUTE_FORCE
4444,125590.037950384,230.4484772579153,1382.3649032077826,1237.6716174796231,6,PORTSCAN
22,216848.39845276857,67.68731834329476,2.7968893603318117,378.9878545027922,4,BRUTE_FORCE
80,6177250.744884366,997.1008087361058,3753.3068098257636,18.57265298116549,2,NORMAL
3389,438347.42704358394,4.219434777591978,73.19531525264568,180.1282516513691,7,PORTSCAN
25,6055112.2088867305,20807.074650116065,1032.0397473831542,60.071966553319825,1,NORMAL
4444,407630.48880558397,15.621171670302589,1.347002159709925,196.26745802899939,13,PORTSCAN
110,3571446.8630962498,2817.8106742322843,4069.6162621835374,132.850623682471,0,NORMAL
4444,549270.0362639792,22.213684716334328,1.3274474276928596,542.944192173366,13,PORTSCAN
443,2173408.233689405,2034.62843489422,2024.2882920980453,23.77869691765917,1,NORMAL
53,5095880.552100825,1922.6748178859154,24441.804354090877,38.89111758969333,1,NORMAL
53,1043137.8793646342,1785.0794350112194,19986.553625847093,7.159262433876987,3,NORMAL
8080,44102.5758543523,0.706005127063159,46.82110083238574,266.5732741549713,5,EXFILTRATION
22,189788.9245892535,5.440765562184055,1.459776437617331,844.9432431058366,13,EXFILTRATION
110,3381590.199776577,1221.1215276843368,2710.947091664124,7.149064113084975,1,NORMAL
25,244803.05805123702,1307.1102779432726,7754.441012599229,21.51911834261092,1,NORMAL
25,9043061.891795907,72.06336914952496,4104.445690376774,61.50243558175021,1,NORMAL
22,116934.61617024537,5.845550574900066,12.90290920126061,494.8678856818034,7,EXFILTRATION
53,4494523.097197393,2742.3420958616316,2114.2138421195114,24.516521327449027,1,NORMAL
8080,95312.3761605513,17.928866059251394,397.7989853878534,101.04029604605822,6,C2_BEACON
1337,224389.17478662162,74.83125267618117,3.8758014640884317,110.02071935691745,4,BRUTE_FORCE
1337,200992.3368043136,12.276200339148753,97.72813626607812,1044.1986450151005,8,EXFILTRATION
80,7626076.966689729,141.24917288532907,3055.2053140053167,42.48003626082462,0,NORMAL
3389,59058.220717407385,120.53877501638023,17.023886248862315,636.849760721641,8,BRUTE_FORCE
3389,120322.69649064107,242.74446470630153,40.971107933899916,408.4128235647482,10,EXFILTRATION
1337,582312.6047372053,124.93707973721445,14.205471119358599,162.04203066889357,9,C2_BEACON
80,2879177.32412566,7108.641983771383,998.7094861644057,29.443151875087498,0,NORMAL
3389,27232.739077951028,88.64401476526929,220.91213197426345,617.5969913198306,9,BRUTE_FORCE
443,3658788.9876522543,569.048257589462,1245.1885363523338,25.13857462947392,0,NORMAL
443,1095063.9622354133,3059.746783279041,3048.9587881478524,314.09394206938003,0,NORMAL
443,1602492.714337647,863.2694376548328,11388.681760409847,41.827770164687884,0,NORMAL
110,7357906.372002525,1817.5802148907433,1000.0062735640487,40.92204286656697,1,NORMAL
443,597243.4847280182,1063.942835477183,6268.041062089113,8.9183107879985,1,NORMAL
80,16455191.067279175,464.30435586300365,4010.8080129419996,46.99891802055575,1,NORMAL
443,3671728.9025060153,359.2202908831071,799.5507016995941,13.873717099242569,0,NORMAL
443,4318014.238904101,4226.523663159648,2164.9298430701447,33.595956911559846,0,NORMAL
4444,13838.454037274189,1026.4794466270052,6.096853245946577,1.271451394267086,8,C2_BEACON
8080,346663.2587796239,2.6521366131431394,5.516477694532996,653.3654130567834,4,C2_BEACON
80,3161687.1099660955,1911.0323275357462,693.2205104951825,19.521454171384594,2,NORMAL
4444,193163.11667960195,16.0143556331809,1.2633286263483168,1670.1258549786187,12,EXFILTRATION
443,8820319.95467712,583.9744137856928,7394.318412361433,79.76880529072733,1,NORMAL
25,2365932.7852463406,9756.905958727097,617.6463035753291,74.58831206659113,1,NORMAL
22,734131.318733972,3.43007682152496,50.8030331080033,418.7626647790868,5,C2_BEACON
53,45642.86944328278,615.7070451089098,4826.352873988688,8.309431608191819,0,NORMAL
3389,193194.6206723216,73.3607053973671,22.543909145036636,726.7243954907193,6,BRUTE_FORCE
443,6967565.036572387,2058.513736825521,15054.851493464983,14.907090395598305,2,NORMAL
22,77816.97817144034,28.09523045656599,17.290778703396878,351.62582977804817,7,BRUTE_FORCE
25,417482.6788535746,591.8330816652926,346.6153962354458,29.610295173510835,0,NORMAL
443,657859.5928071695,600.2676837960026,806.4032358919221,90.75414295073976,1,NORMAL
443,6767860.683394994,1250.275648361841,1238.639585875329,1.1036859075634793,1,NORMAL
53,711125.8136008387,363.57091469931817,1836.6306355447894,36.6575479405584,1,NORMAL
80,1402903.76376671,2129.4049821209683,11880.532268780782,35.68925447149319,1,NORMAL
8080,190372.81807313833,130.3218160290859,9.05322284591304,256.0952349843301,7,EXFILTRATION
4444,181569.97377981964,1215.9501375154705,22.4439625319794,89.89320244394715,13,PORTSCAN
8080,161791.57482062877,14.471750504091728,39.812590327032375,202.960689456359,7,PORTSCAN
8080,305844.85638976877,18.20170904806627,17.083875800855687,603.0135187711583,8,C2_BEACON
22,127532.97642640278,331.8368734052215,19.12757032720571,382.9322219199533,9,BRUTE_FORCE
1337,97654.38214935375,18.935318571096882,11.298308186881409,172.87167195570234,1,EXFILTRATION
22,607528.6575428576,0.5725498714150052,12.746552649316472,383.1787885870045,11,PORTSCAN
8080,122268.87024424018,11.059340766242569,2.18994919975328,51.40571743532261,9,BRUTE_FORCE
1337,323893.8991526797,1.0593907319055031,68.32980346555928,1090.7654856948627,3,EXFILTRATION
110,8379250.179324125,569.0127058367669,2851.4710189712973,127.2916634935563,1,NORMAL
110,4534903.218186328,189.00833664970665,13455.247370536023,143.01223658493006,3,NORMAL
8080,276584.2939772982,22.50220810192232,4.8703913588486705,82.74915410829314,7,PORTSCAN
53,5389495.570383878,1489.4088170152556,1643.4499660573451,17.2638649898475,0,NORMAL
53,1560196.1536535674,8172.033137888283,596.3534670683882,4.247449839119788,0,NORMAL
8080,378439.3411853737,106.67406367088635,82.43269001177916,92.2235223108909,13,EXFILTRATION
25,5564083.611781544,1698.2824132926685,1004.1786689893524,58.62599065179135,1,NORMAL
25,9571081.314024368,5487.8562770733815,991.1449728366953,17.851525136837715,0,NORMAL
8080,380862.4968973657,22.115223325026843,7.792597523837131,1042.580076483572,3,BRUTE_FORCE
443,3030104.1029963233,681.6492700748597,5958.9333923778895,9.254424392166682,0,NORMAL
22,8673.270040380325,14.840777078880265,14.996336252547566,272.9801570103735,9,PORTSCAN
22,60579.58082105901,2.2674162748880975,1.7505666385167145,456.79943471242154,9,PORTSCAN
4444,15436.509705688079,10.366191718685993,49.47209585569499,226.98757600299606,9,EXFILTRATION
25,1888673.1341513114,5797.269921583756,6709.799615490775,0.9383531736513028,2,NORMAL
8080,91409.86897934119,3.104337617612352,197.95805561063844,1532.424448653203,3,C2_BEACON
25,646967.9659593019,689.6233441444068,5918.491234038856,40.189394106936305,1,NORMAL
53,10673389.055687083,583.5537064052196,28508.157324898515,98.12500162757219,1,NORMAL
3389,712204.1630728513,61.576480318529626,6.413948556774898,672.1103255823908,7,BRUTE_FORCE
8080,57401.89419985336,4.043377027147868,115.9433429590499,605.2554463830999,14,EXFILTRATION
8080,262733.622762533,322.64170122872844,17.72869234852612,494.57681779662806,14,BRUTE_FORCE
1337,47115.46671968377,4.91872762306512,0.31524141417016494,418.36717712158486,11,BRUTE_FORCE
53,7611253.765342133,749.0923722327576,14487.60858672393,115.79246634578442,0,NORMAL
443,12834299.460896147,2036.2401654012883,934.413036908885,44.760706369915674,1,NORMAL
110,2662895.875896607,2333.6409672920013,1711.2870310932294,35.69885771934009,1,NORMAL
22,207950.15554149475,8.538244823460458,61.92127807858543,42.45080219692846,12,C2_BEACON
443,1294503.8030036332,1234.4120534887736,616.8288977813569,111.55220252453462,1,NORMAL
80,2009219.1077925956,2646.6736181044066,10233.896436077646,10.001418379682734,1,NORMAL
4444,174204.6676773584,694.9500629923596,25.757022241590853,105.30724426592805,7,EXFILTRATION
443,6452573.341041038,1566.6073040023823,1721.9704285963608,44.111549485681856,0,NORMAL
25,4062316.386560949,922.5915831427926,1430.3927513384394,3.9866893405979993,0,NORMAL
110,1275500.2219923774,114.91683225020533,327.8101247889226,12.519364546584619,4,NORMAL
80,35585.39602992268,1088.460077365527,5670.475927253117,13.177511124407658,0,NORMAL
8080,564687.2239430544,383.3105431736843,40.52289887696987,1018.1936148411974,10,PORTSCAN
4444,35489.456028276254,41.09699971845569,197.64288544945626,1570.1997286730896,6,BRUTE_FORCE
3389,378652.6115902395,87.35500361868817,1059.6238544406508,399.68055139656735,8,C2_BEACON
22,103819.2490128323,167.70957976630075,3.0583512603923078,394.056737097219,10,PORTSCAN
25,1205.1686571531689,612.062427325558,636.6605389985904,95.19937438194337,3,NORMAL
1337,772141.9986337273,153.72990382879968,425.0702257846344,44.20711766848872,11,C2_BEACON
25,32426.71116690151,566.3236667775211,1146.0366945582768,49.88123833405942,0,NORMAL
443,14100249.700673804,921.0884473788266,750.9896397987796,34.74055483370475,2,NORMAL
80,10036349.995539973,984.9147785650158,2191.5694907558213,6.044580760912391,0,NORMAL
443,1611828.4514397422,4335.0350798849295,3281.3002033527496,3.839825432488248,0,NORMAL
1337,220108.4786564395,113.61727681718267,503.48150797896596,29.48994180289127,7,BRUTE_FORCE
8080,363886.9291959964,2192.999889807129,2.0464187083272294,675.393139757514,11,EXFILTRATION
110,4037106.024430614,2241.1215858775013,988.434319178299,84.79534720940342,0,NORMAL
443,4634983.129801667,12654.517804768402,2301.5006515800155,20.596433379643212,0,NORMAL
3389,425080.28197719454,48.15047727830656,2.501284805567677,255.6825703433922,6,C2_BEACON
110,3219585.623343909,1695.8640089171129,467.07055503995616,50.765710657260335,4,NORMAL
1337,71665.69089731404,4.370180893511904,54.268287048203355,316.13264664387543,10,PORTSCAN
4444,348853.63875312405,32.082194052833955,3.3682559512749606,498.0097762169522,8,EXFILTRATION
25,558292.3389996878,753.3206893136937,3321.095245200199,39.59521232828559,1,NORMAL
53,5626671.492511433,4079.7140394500116,3009.954108536672,104.71330667767292,0,NORMAL
22,23689.07572044281,62.172475269448185,206.63344803418357,1212.6120063338165,11,PORTSCAN
8080,92515.66357146857,467.65032464906193,90.93655207805253,192.9015972155493,3,C2_BEACON
8080,286169.47152847575,16.66601600214122,5.125919028112144,193.8980495768816,2,BRUTE_FORCE
4444,212996.21288270486,45.113182638648865,3.3750216407529017,810.3429304827388,7,C2_BEACON
110,13593002.63772962,798.62952702146,14551.558078406755,92.00193029715594,1,NORMAL
8080,26288.43053897742,28.60876223495376,240.95212916734022,184.12417111657024,12,PORTSCAN
25,225748.19560733196,1518.1559337787885,12437.031391633776,10.718420315630505,1,NORMAL
110,820037.1512553224,1460.2847704777757,7772.738671462645,89.08654250074585,1,NORMAL
8080,14525.523766076814,119.44651404795222,53.052231858306975,466.48850497636056,6,BRUTE_FORCE
4444,233360.4120027625,133.1632338240806,1.2889917615418391,20.984996930094926,9,BRUTE_FORCE
22,31325.603111110173,80.81752862741982,5.210591984248651,613.5111890157253,8,PORTSCAN
53,1250247.8415255556,168.19673644023956,42849.27794503691,40.337644851367756,3,NORMAL
53,3437488.6511694165,2114.146714703266,17299.88811282551,26.780160579085216,1,NORMAL
110,3873888.5104274424,3036.7326421992266,990.3125844941385,4.542012366910394,1,NORMAL
53,11857173.638984961,2145.8051810461648,5564.774300479404,50.44944647490546,2,NORMAL
22,7979.106304039389,12.384017669896817,461.44141799736445,1018.8967791942194,7,PORTSCAN
53,3449093.9120805054,1726.5927373139696,3528.260918495987,46.73657906300788,1,NORMAL
22,35306.53376615703,114.29697816450397,1289.1883277723086,651.6106446801216,11,EXFILTRATION
1337,544439.0500506286,73.89239215554382,260.5499621371411,615.5427741620985,10,PORTSCAN
22,154541.42125541897,412.98638064056684,2234.86540079729,61.89578562971798,8,BRUTE_FORCE
110,4412291.5232051015,2505.9478475144765,2739.2723308824343,51.94133529504877,0,NORMAL
443,8494136.9288903,54.94284138744628,25164.10322025708,8.467288260694747,1,NORMAL
110,13148549.853399184,5301.369436307716,4244.936819353637,15.926756580880433,1,NORMAL
22,411563.22686577076,11.800807469629987,0.24151894177704702,539.7906440489737,4,PORTSCAN
53,568366.8182306739,785.9965310715381,2228.2688456331903,74.8265118178283,2,NORMAL
443,3800285.0603519483,1622.7560728806277,2785.527802069623,13.819505776135479,1,NORMAL
22,302707.54307536123,455.4525938442051,57.46503471222087,40.02055484470224,11,EXFILTRATION
4444,43346.036965633044,22.278243231245845,5.973155950551389,2.987215541759419,8,BRUTE_FORCE
110,9262163.033929931,3211.6168799551124,128.95509707581687,34.86495010475355,0,NORMAL
80,2185278.609600971,573.0663359308778,7391.399720813012,147.72358853691568,0,NORMAL
80,904611.3292735316,678.1887128832058,3405.0116990793163,31.49535578014096,4,NORMAL
25,10597761.726074085,579.51486109732,259.5042184488543,8.016725719553149,1,NORMAL
110,4431177.316238579,1087.5026641234665,21195.127813159877,26.45900991613163,1,NORMAL
22,221790.34386766606,101.9144869246405,20.733801316844254,186.20901860258468,7,PORTSCAN
4444,710807.8823186866,64.07485101485263,0.8426123442436712,378.8611503662341,7,C2_BEACON
8080,19999.27289831849,73.81910232828743,2.410362486719807,154.79388555341737,10,EXFILTRATION
80,470232.14644833846,3674.714226857115,2228.879523131334,54.89906182739447,0,NORMAL
4444,115926.03109847906,2242.607534251972,4.795989797355596,0.5110105681348115,13,PORTSCAN
80,3441455.7846414936,3685.2392184312307,4764.957464340698,74.45218368841408,0,NORMAL
4444,76971.23816456554,160.77500415236548,0.8601530905727587,112.03120283777207,2,PORTSCAN
25,5882690.535499076,884.8891080176409,6484.222380535748,24.013823781416438,1,NORMAL
4444,229253.42682343296,88.66273984567133,625.7446203039525,734.8034566903061,4,C2_BEACON
80,5658970.922056745,1308.3004188472387,953.3719828512491,49.72249976082189,2,NORMAL
3389,427470.7058854495,49.127482907911975,0.2541173623006308,174.50266832166173,15,PORTSCAN
80,1202728.0294355396,2124.205074239594,5493.943921567173,37.39660355964276,1,NORMAL
22,113214.08756872662,157.24171262217652,4.011019587137395,1921.9948360683488,6,BRUTE_FORCE
25,4243112.266340943,254.5504633407744,2955.115932837103,39.34823926436489,2,NORMAL
53,1660196.4290493904,2965.7009565294884,29308.00185279647,36.32946395119039,0,NORMAL
1337,104927.51864285157,837.3866683777993,0.5664120480431438,598.1403803817972,16,BRUTE_FORCE
443,2107817.2415959598,846.6061463728507,12470.578712442883,41.78760924604293,0,NORMAL
110,3504775.8868434196,1083.1557625816567,1735.6758040948685,30.097980034209254,0,NORMAL
53,6873375.971781753,1571.334987725632,2006.690429573904,108.9343134739632,1,NORMAL
4444,58257.845094883756,97.26919813991317,36.12589925099704,330.2181645894694,11,PORTSCAN
443,3225205.9441142734,1946.0536599996608,724.2992186621185,9.107510349611712,3,NORMAL
3389,181663.6781875364,252.56570368910084,202.61147835190027,184.63267335350795,5,PORTSCAN
110,3523491.1728254817,733.3990624294115,2681.721337281982,66.67890759330184,1,NORMAL
80,757914.3761687597,1141.984642602666,3668.2501234646916,16.664821005221256,2,NORMAL
53,333320.8560901886,330.02915537032,3176.474973011528,19.61314152280505,1,NORMAL
80,1171217.9945018082,1755.4543585072784,1081.806149629414,32.41346513411507,2,NORMAL
8080,114829.15830677334,83.9549987164678,40.49001212280998,193.511624460108,14,EXFILTRATION
8080,79970.19983965167,594.7419603918322,0.6517316497443363,330.8213720065707,10,C2_BEACON
3389,356570.92273387726,84.8443524395064,4.121677895881451,1142.6350795571489,5,PORTSCAN
110,1071164.4034926407,1168.3916133999348,4332.764884059187,34.84702080551292,2,NORMAL
1337,431083.3233307386,146.92696796838194,2.1957986232648534,24.190872169247445,4,C2_BEACON
80,13031507.58429547,321.49626388107214,318.2623985787733,24.329820644690578,2,NORMAL
53,2413081.3342018137,1238.2582873021395,17259.582666457354,100.87597645787312,1,NORMAL
1337,492254.9214585774,0.31128738882144946,39.34417189616497,368.7243217093446,5,PORTSCAN
25,1326466.0167008059,812.5053716985968,3126.7810785179813,133.56114813890719,2,NORMAL
25,1121416.876368514,498.65962366310475,1219.6175583961467,11.117489055854923,2,NORMAL
3389,38220.27083135956,28.068124069016378,24.833614949852326,354.05314745007774,15,BRUTE_FORCE
8080,53973.26518370642,2.9138125234467767,6.953303134233857,415.72311368040175,6,EXFILTRATION
53,9785941.442802398,1168.576832080945,32282.218371436735,0.2852231542466038,1,NORMAL
4444,650560.0942980654,2350.745993257293,33.41486002125806,192.5723899541681,7,BRUTE_FORCE
443,5260952.498565512,272.10345741615276,1194.412658489741,156.9051462820242,1,NORMAL
110,90982.83861160681,415.2206770639332,1983.8545758600667,55.96624519911699,1,NORMAL
80,287755.48473995307,159.88145584576944,1289.2700572930796,45.81796204593354,0,NORMAL
25,1573954.1929859796,583.9223001881409,2682.8366843552335,39.29294533663673,1,NORMAL
443,68668.6157932912,384.6081615702097,10747.688381585856,66.4571619914232,0,NORMAL
22,663133.0702634115,521.4072448295592,7.292495279735682,873.772076554192,9,BRUTE_FORCE
8080,174857.53916877392,688.2457761327801,131.5166589710592,1377.5929140119938,5,BRUTE_FORCE
53,1697924.0368908602,1783.4184958088524,2298.126631483063,3.035427387542208,1,NORMAL
25,12333692.694100974,792.9999344383399,5113.580531865941,57.61968706713684,0,NORMAL
53,5253354.910145949,1947.664713640122,1631.8516166242719,131.38265005973724,1,NORMAL
110,2851800.3051334885,1085.4982743719493,75936.18140717613,66.09728528122157,1,NORMAL
22,85858.97982657816,22.889661148052934,174.67836018926963,460.7477649802907,4,C2_BEACON
1337,200495.04670697282,37.85809983199432,71.130654260175,8.826396611647302,9,C2_BEACON
25,5041440.621992504,4127.801499819813,3820.967858881412,25.79461643845728,1,NORMAL
3389,28506.045168049724,32.94330407325355,14.319512851459754,704.9285285426748,4,PORTSCAN
3389,442986.1269985268,127.16495602718535,152.95396493475369,243.8734812628534,2,C2_BEACON
110,195595.67061267456,941.977222518448,151.554791086983,187.14123437482468,0,NORMAL
110,3168798.660887132,606.2528704739611,9800.850441215889,3.016246377560278,0,NORMAL
25,10081590.595124975,643.6555554407793,1982.2270240703285,84.42996927456254,2,NORMAL
3389,4315.444475189997,131.58487829257035,27.043508644330622,845.9521360585851,6,PORTSCAN
80,3901814.564227286,1106.7986110584018,25594.652663984863,34.06810268223635,2,NORMAL
4444,11144.455232147471,16.236005762769313,1.1575802221930922,608.5454207787751,8,PORTSCAN
443,13549392.250395669,919.5328802940028,15185.16417161223,8.71156022415595,0,NORMAL
3389,324174.9357722996,3.104914634335477,40.13015295664138,269.74981902634784,8,EXFILTRATION
25,9658882.27953292,2910.670337209414,17205.46701396089,56.06735211897384,1,NORMAL
8080,613918.3150985448,172.6379893416995,381.91229758443654,518.35612984469,5,BRUTE_FORCE
443,3223412.642272689,849.6400833726555,7247.414815356675,9.680945783042974,0,NORMAL
3389,180315.9710376436,3.075609136853788,19.866456845940718,452.143917028623,9,C2_BEACON
4444,197377.60211688853,319.49819001503596,6.252889556526422,254.6237706408726,7,PORTSCAN
3389,24509.273704263498,35.40482982257953,409.1415504543195,106.88502307921944,9,EXFILTRATION
53,2303326.388933802,1221.68205374391,4816.177781835248,78.31647043367182,0,NORMAL
53,3468788.397927939,4600.871420295222,552.7027309667441,0.30094293591041155,1,NORMAL
3389,264755.5172140651,36.21722049238614,1.9664692449883645,704.5256416248247,8,C2_BEACON
80,8241566.034893647,1056.2038555182996,8390.611583148757,8.95138156301803,0,NORMAL
53,14678164.780006481,1441.818033054321,3111.8202397175883,29.77960234817815,0,NORMAL
1337,60912.061160031015,6.006760563754696,17.01912436660343,652.8349691756792,7,BRUTE_FORCE
22,57264.86127620703,383.4158467919591,5.070383097945939,183.99393586894817,6,C2_BEACON
110,3645217.3440501993,53.594327348850335,2924.7400907534184,22.732789690646424,1,NORMAL
25,1806343.063199781,373.0397317361047,10404.56654580486,27.39017137883882,1,NORMAL
80,123650.84154863877,263.7571591674114,6889.130494795782,26.90559798252099,0,NORMAL
443,5865849.163258492,553.2211435388526,309.1330926583696,88.8440784459178,0,NORMAL
1337,175611.06091931756,5.376182805526988,11.146505748755402,698.7283617507395,8,EXFILTRATION
1337,162980.0589936193,20.39701058279476,2.4708104104686357,147.02703531324312,10,C2_BEACON
4444,114991.90257991105,41.756318380666876,15.914525562093083,27.589646045380434,10,BRUTE_FORCE
22,70032.46992562372,25.437749366710715,23.410241899702775,497.0985855565916,8,C2_BEACON
4444,1319.4644530637897,309.6978048205222,61.96525408563538,300.58532492909814,8,BRUTE_FORCE
8080,155269.03347287874,19.986403624694393,115.27035301763608,493.09504445174633,12,BRUTE_FORCE
25,2126828.747189617,226.71438359993593,3541.6818804998843,23.121998016021948,3,NORMAL
443,524935.8272349859,825.087709856135,3989.746798522974,48.85054841966679,1,NORMAL
53,10920657.427566515,1385.567526351952,843.9919275127024,0.3152691540424892,2,NORMAL
4444,68041.3931234674,80.62992195074894,575.1991126280575,771.0108382703213,8,PORTSCAN
3389,532699.8059598468,33.696604973107355,17.501563104319267,180.47734953448426,7,EXFILTRATION
8080,106467.62357565788,101.7589938410099,89.08380596544404,2777.4104960911773,7,EXFILTRATION
443,12429896.311280482,877.1942061332722,3935.615346761006,49.043229230600105,2,NORMAL
4444,14269.647034303529,2.7458428961567884,12.377410961005571,58.20579652466295,5,C2_BEACON
25,1871211.2949002625,2703.415898454845,20015.8469929369,36.08272968047847,1,NORMAL
110,2283563.334258999,2182.5729470445676,406.7152564493297,10.68724321861416,0,NORMAL
8080,254787.44579815623,70.4383231195823,19.68565298666478,240.79713501421804,5,C2_BEACON
80,4173765.997207439,6187.719090756385,15544.751939063797,63.97429740647232,1,NORMAL
80,621463.9191474174,2550.262057499066,2506.132179328921,14.613158282130115,1,NORMAL
4444,64507.23515177481,20.897897446269962,19.503331623405547,554.1027993549587,6,EXFILTRATION
3389,275651.2518571601,3.649820578451378,18.77647866345547,4.388915465511439,7,EXFILTRATION
1337,935951.6658020309,12.671519701951786,4.603051210514918,925.5696093197,6,EXFILTRATION
53,309075.43652254075,417.8866662425039,1047.4264501926261,5.47228328675059,1,NORMAL
443,1152615.9964046741,8529.166683452306,1681.070664772453,10.129305147728191,0,NORMAL
3389,606208.9104827516,581.8160673120042,9.710167258143334,112.22607712031527,6,BRUTE_FORCE
4444,179032.81166184176,162.54007806502545,81.16536272462068,27.84672035882404,6,EXFILTRATION
110,7267418.715654293,533.5458075205577,2094.4623897394576,47.209985529641045,0,NORMAL
4444,256937.53131988944,10.720580682321032,29.39755812707983,144.02147703458638,10,BRUTE_FORCE
53,2196633.453230412,601.3113322671137,3074.2208875946744,41.50838048021519,2,NORMAL
110,283389.00936749927,1712.4457778776673,3302.4098250069283,27.75673659295594,3,NORMAL
4444,90733.04842618998,12.7329525443555,12.800479558003836,561.180493712218,6,PORTSCAN
80,897251.1118503558,896.5733428659172,1382.6032379523635,69.54856621318962,0,NORMAL
8080,108215.88846211864,11.212998820907055,15.411161624237488,2159.122312183999,10,EXFILTRATION
4444,18075.126413268303,34.60916142741651,562.9222604836673,674.9560397578568,10,EXFILTRATION
22,74307.14147495755,6.813272215361386,9.106840944155886,256.1041507625969,6,C2_BEACON
53,2226274.041542534,599.8641129934751,6372.07127737868,4.895097662460259,2,NORMAL
80,414670.21605790715,1183.8392791203503,3534.2403140726474,51.36855200563838,0,NORMAL
443,6588282.159476827,587.8096198269162,3794.3954978495512,12.079397581210904,0,NORMAL
80,1328926.2985009006,12597.527521921686,2377.7258477633245,1.4153342497486263,2,NORMAL
22,587984.44780688,14.510794297783487,241.05671737682485,542.5235458213257,9,C2_BEACON
1337,987013.1995395622,11.555870956034497,40.33272340832591,843.9856573463529,7,PORTSCAN
53,1639753.2718119826,5119.194474807023,15214.87124186754,131.84747529261867,1,NORMAL
443,689157.0501287272,4806.480042473884,666.4976660131003,47.907163483074896,2,NORMAL
53,1061278.50502785,2312.3600600506697,2939.7865592931344,135.11404942018638,3,NORMAL
8080,21595.237893869038,150.55519594752414,165.94688559284464,53.641871856233955,4,C2_BEACON
3389,211951.01360087242,14.343815067763366,9.999752802393143,284.76284215985066,7,BRUTE_FORCE
25,3920662.3454319816,693.8966339728618,10585.457941455923,26.393332176966155,1,NORMAL
80,609380.5198699484,942.0410739339006,1410.2760693894647,5.163934940456211,2,NORMAL
25,291750.84760689613,965.4488547080941,989.9557545660341,2.3262459323181517,1,NORMAL
80,1359862.8650472949,395.9131236283737,6373.054929710066,0.4886740187321097,2,NORMAL
1337,14275.87210312672,586.011347485231,46.08577126936855,53.56184409058975,5,BRUTE_FORCE
1337,379772.5654869276,4.175437073946842,73.88110438007512,973.7107656609023,8,C2_BEACON
22,32771.08430373419,239.050235462248,2.714991938773998,269.365811309616,7,PORTSCAN
25,3185465.497704534,232.51943618235796,4375.314357495298,27.74982933837119,2,NORMAL
3389,27300.27829045227,66.6242086352205,42.69753224531902,197.48470768091406,6,C2_BEACON
110,5038011.148725334,3165.132411127381,1777.6971497356997,73.99115637897985,2,NORMAL
22,5064.991414462365,169.1298334949863,0.022644709594245395,740.784091043524,6,C2_BEACON
25,18396642.31913008,1776.7368132133056,27706.440704310953,53.21909706696668,2,NORMAL
53,2714365.380121185,345.25815931843243,1641.9572272502344,39.35478141291058,0,NORMAL
443,8050630.314578597,1857.489996965625,1588.2649346627838,45.50852177368962,1,NORMAL
22,35115.44090284155,196.9962196962938,1.7893010570141428,489.5396789118175,5,C2_BEACON
4444,37582.0995114049,134.3210070096108,2.694678560405388,239.61522870021457,13,EXFILTRATION
80,3447661.601973612,678.4328905721969,926.2348421241384,11.840246629166222,0,NORMAL
80,524468.198529216,2754.595370203776,10438.574001908679,17.16040246234569,0,NORMAL
53,1546921.8208957864,315.7493733206734,612.8182807938422,85.15314387644622,3,NORMAL
4444,64946.052532955975,44.39133020991804,225.05634798509942,272.98843930378933,9,C2_BEACON
25,5416515.239207629,5404.137852426249,2078.63899542687,61.040262948291556,0,NORMAL
1337,278695.08129171364,83.03634755611469,0.9490275753757499,777.0086401723295,6,BRUTE_FORCE
3389,233496.60252879185,98.85310481352879,447.8820106801405,477.24996936714524,15,EXFILTRATION
53,16873328.97110837,1465.4405222579749,674.6584931687783,56.93369544268131,2,NORMAL
80,653285.7324388752,980.3146155202434,9202.071201335086,13.86314041582493,1,NORMAL
80,7650858.3596176645,5293.03342103072,5142.001706922352,65.98075565776176,0,NORMAL
3389,88588.7096993915,1111.2612696337483,31.5215688165102,1208.105162460678,8,EXFILTRATION
22,313911.48846715945,93.27903063670632,46.218015663156116,1903.9649308646071,4,EXFILTRATION
1337,140468.47984795267,77.41468993676378,2.8051343653763974,83.40383494365878,10,EXFILTRATION
110,2071827.9596100068,568.4792215865307,889.2550877398231,87.71706537436788,0,NORMAL
25,1228101.3653489014,1515.1158558586592,5476.23816073022,17.781837919425616,0,NORMAL
110,786946.6989282824,1219.8631755996842,16467.43539176417,68.36928918425706,1,NORMAL
22,115906.46828669496,127.99969865878504,40.105491613626405,434.9674945902673,6,PORTSCAN
4444,336195.57835582376,8.184527083607737,0.8710921688509203,423.8714278296345,9,BRUTE_FORCE
25,4801137.694201848,914.0080840805145,602.9914507235932,69.52592174125319,0,NORMAL
4444,21860.357103142902,411.34387153649067,22.386649835426184,1705.945558972477,10,C2_BEACON
8080,27076.24256165651,102.25989714977946,35.76931338494996,89.99283129958623,6,BRUTE_FORCE
4444,75523.40005282214,35.23420577342628,543.0908868411994,584.9691606506019,9,EXFILTRATION
110,13211871.371146206,3517.813444866993,5313.131170954345,95.55926126142707,0,NORMAL
53,3930095.440814525,1730.645066026676,1089.6489236807408,0.015356109547388886,3,NORMAL
25,674996.4763879689,331.1156429180557,2067.34910547171,50.310397176255314,2,NORMAL
443,1905882.0690720642,1045.447967540308,601.9290223344624,150.9367882784348,0,NORMAL
4444,54213.599877132736,64.76974369920248,105.07036855352636,164.12334171189949,11,BRUTE_FORCE
4444,109435.723878441,387.19575114040947,0.32650823075379465,488.00853779474704,12,EXFILTRATION
110,1690435.8244605707,1213.6928878933936,3387.520821445521,57.21512963869857,0,NORMAL
22,237814.7043224117,25.493875715976188,3.362199522474668,598.2527817995477,7,EXFILTRATION
80,2812137.885448113,397.1590257497558,26251.76922485101,2.4817454301849065,0,NORMAL
4444,853292.3183249611,3.454757409856237,3.353071798553575,365.60241330615094,7,EXFILTRATION
1337,155326.73357917066,99.9105500540588,9.261470030584839,213.801092129743,8,EXFILTRATION
110,8988630.040848028,1364.7387073950326,840.4816274580706,54.18879809922913,2,NORMAL
3389,363553.14385337546,7.367356633599272,7.473089992086087,60.626441503170625,4,EXFILTRATION
25,8753302.920593066,1471.3702492475452,2212.9874375331647,57.94861766387789,4,NORMAL
25,8342382.9713087985,251.5510468405573,396.04160131507393,23.725416042145607,2,NORMAL
8080,67022.01367428215,8.991780326127945,3.218065789021715,540.5022040871038,8,PORTSCAN
22,31577.267778956557,10.47931592408148,92.68471875078039,7.0075877346972115,8,C2_BEACON
1337,5989.7766576796785,75.83336079842329,1.8491196745857008,169.37164177118697,4,PORTSCAN
110,1053210.9527205674,974.8978514903735,8006.653763187045,54.630429380970256,2,NORMAL
443,6518853.9837719975,2959.0634729446742,15239.741323928423,55.1268906236256,0,NORMAL
22,63302.586632298444,19.982333390705737,28.728570307860938,34.982335627257214,3,BRUTE_FORCE
3389,177266.25763014093,323.2803110338853,96.8094267730517,13.359928539651461,13,BRUTE_FORCE
4444,269130.9072261397,10.580844553301041,1118.9784228535473,302.8077042420712,6,EXFILTRATION
53,3181055.6818619967,387.69028079100264,1980.8376835278839,64.39998381295486,1,NORMAL
8080,12012.765517493186,20.290357209192877,15.583055722744573,68.02380940463661,7,PORTSCAN
110,5223592.670691073,1826.0076450512329,20661.56964572536,20.94471706778945,1,NORMAL
4444,730427.6782892995,7.076255065111759,18.93965224775831,1.7467960024258231,5,PORTSCAN
25,2228901.477439502,2229.6490589097352,3657.3027196980374,30.575317586857643,1,NORMAL
443,1003350.2446510933,99.87483097000964,4091.496985599082,17.57230697768089,1,NORMAL
53,5222071.398727679,1014.4250363486731,3467.2206430783795,48.78793786352936,0,NORMAL
22,82942.2511238965,25.26804337126288,16.48712898147113,15.471675257560895,11,PORTSCAN
443,1604778.3117901748,994.2602896746132,2126.5323005902333,0.3682339005906229,1,NORMAL
1337,279323.32629073976,560.4514428057131,37.33401872929971,2446.728744457786,7,EXFILTRATION
53,627660.1288068672,291.1206651362886,55776.5471779661,32.020158051028005,0,NORMAL
22,538054.4150522889,157.95365079882663,311.5359642972654,123.98536898028219,11,EXFILTRATION
1337,253835.98860287116,36.42602556039871,11.824285426197234,47.28996725910305,6,EXFILTRATION
4444,371.13543718165334,0.6803569317672665,38.56851756630496,35.89386746431896,5,PORTSCAN
25,8111621.637664848,279.40812839291056,2697.776536901437,16.795974760707328,0,NORMAL
443,2406172.66575406,425.1615689974187,10029.804675158432,10.662740721610769,1,NORMAL
110,10482754.077177301,4513.556320198614,726.2992914676697,26.58795115828636,2,NORMAL
1337,456275.71824423654,11.388604192040848,1.4296678613767182,314.72178554658933,8,PORTSCAN
53,123466.9026425776,468.35064244396017,1255.8073725213271,2.3490182057381244,0,NORMAL
110,816189.7812573555,681.6153891678115,25249.037156254624,26.689754231442382,2,NORMAL
25,1609230.0980850547,4026.3897149520453,2465.1710237101906,94.85084467640172,1,NORMAL
25,18425288.394094434,711.7301339342499,3564.089586378155,35.15459961321574,0,NORMAL
3389,122.61634029168567,660.1961698458296,74.1853641227498,642.4120853367921,4,EXFILTRATION
4444,84551.93305142799,6378.270556995439,1.5435241499962014,375.03492885889386,8,PORTSCAN
22,1123014.9018509747,158.28850821199433,151.05800589183187,597.5434421284692,14,C2_BEACON
80,3280468.0295569026,2112.3457911369387,3576.7758017783817,9.264553671724316,0,NORMAL
25,3897605.6681816294,3366.0634062730214,6456.727616697939,116.52403666447432,1,NORMAL
110,239048.52935015952,333.37040504441524,1889.2507847545667,1.6867726029556478,1,NORMAL
8080,211041.64738939074,26.926702542552704,14.133408731770205,280.3356837294433,9,PORTSCAN
4444,67106.13294838794,89.58267598781883,8.598991210596,1708.217577418294,13,C2_BEACON
25,13308114.335561378,397.7548186332682,24182.745433673863,32.061589254974315,0,NORMAL
53,6246973.503689955,507.92489440491136,4394.648532689211,59.0186303276653,1,NORMAL
443,627468.4788568367,1819.99252277547,765.7618735524317,143.7712407456166,3,NORMAL
443,1074260.314606855,1610.3538583914212,11707.862968838117,24.376684407809694,0,NORMAL
1337,17971.635883466195,869.9242916546261,2.1483987713750925,165.88692284455618,8,EXFILTRATION
53,314196.05949613155,104.11718850403199,1316.0341643199688,15.848769439269372,0,NORMAL
110,795935.672216736,1517.4070052898755,1711.0198377849358,103.93682281746183,1,NORMAL
4444,58803.42669877233,389.41753650182494,14.801261563854299,184.9556394185058,7,C2_BEACON
1337,305879.1334107765,42.07268635640792,42.04699003074338,687.70175720611,10,BRUTE_FORCE
8080,378802.61570220324,1158.7275197828474,2.0149330796254965,883.7293048239457,10,PORTSCAN
53,1645681.5058946759,2179.3328361997983,7207.063865742212,123.52141954094029,0,NORMAL
443,7926417.040715163,964.4921892565848,1345.0751297537092,35.506178510012404,0,NORMAL
4444,188963.07089217365,8.741754994631574,4589.55282352915,326.8335679809224,10,BRUTE_FORCE
443,677020.7286243114,5102.04506097387,3516.811682827395,1.7397433335246744,0,NORMAL
110,3854645.729688876,773.2288424676245,4151.325746946148,5.922632365416345,0,NORMAL
80,1190005.3347681456,168.47036992392353,3139.5817155564064,31.583811632938115,0,NORMAL
4444,551643.8418443183,296.10983728380756,16.438386001984597,855.5883679417044,7,PORTSCAN
443,3264394.486785307,299.54708712670765,96.7828204643876,92.7745281698116,2,NORMAL
110,10123995.126788542,7972.107257173962,1348.5345214606086,100.06251272348435,2,NORMAL
25,2171847.116966015,907.1488113906363,11619.339622934698,108.41224913677938,0,NORMAL
25,4879837.778283535,92.1306734729525,5771.390506082817,65.77502587898019,0,NORMAL
4444,129281.34535160179,46.47379931308448,50.84202211502009,130.86013777008824,4,EXFILTRATION
4444,152502.38382335377,107.23393527816796,39.05593217825175,1301.7517535523714,4,C2_BEACON
8080,15340.567143763157,6.820339407653019,14.531122378562745,336.60107713643885,5,C2_BEACON
1337,386089.2942189473,20.821292973831813,31.392674855672514,2.348433554886991,8,BRUTE_FORCE
110,4775351.367549396,1117.6673646069694,3956.195376461035,161.63794096680445,0,NORMAL
22,143592.1260745324,26.822477452390793,4.36513306630094,17.618579153420846,13,C2_BEACON
1337,18984.395697195177,790.7485114010891,2.0822976884340445,285.959463026691,7,C2_BEACON
443,4653206.559001619,385.4089695732327,2488.864746658236,29.587782784686706,0,NORMAL
8080,14421.958560489215,145.06767932505417,11.364486133441437,393.6216697745924,9,EXFILTRATION
53,2144937.317172008,347.3359708042144,796.1830330859638,139.02179371566015,0,NORMAL
53,4629219.5784056485,1710.5872217399083,1957.0468906997837,58.681339578520195,1,NORMAL
80,11634556.76417099,231.14585386710928,2147.890394455193,126.56635425355292,2,NORMAL
443,2523201.151503205,1045.385579923383,3412.5743956970678,28.066088878306083,1,NORMAL
25,97959.60013547653,105.3155307058265,3290.002196917769,48.222382666322325,2,NORMAL
110,6424654.587500687,205.2891658557451,7717.827654888819,64.70843386684554,0,NORMAL
3389,291681.4579916497,34.30787624948883,84.9215288168432,306.2392253311477,11,PORTSCAN
4444,292246.451806819,347.5979938023693,22.614870435507452,429.94922515927414,6,PORTSCAN
53,1321713.8537312953,8553.470974120171,2925.049765362577,99.70730259727821,0,NORMAL
53,463748.1720039868,397.027111319158,1905.822678636954,29.87955112884755,3,NORMAL
3389,143779.6057820858,603.045510444193,3.509964830247097,766.5779652501883,8,EXFILTRATION
4444,85500.01579857258,61.42301859947216,110.84077055927487,52.36386939977036,11,C2_BEACON
25,408959.1643018043,4078.4535403769155,2007.6582113347442,36.81276316289472,0,NORMAL
3389,143579.24131032525,0.9903283294748273,21.503366452010226,221.87350285367106,8,C2_BEACON
443,17359880.208042562,1216.0728815461628,2215.3792514106117,4.790410742147651,0,NORMAL
443,4837937.677094687,5373.030147491302,3355.0811264935264,115.1410548709079,3,NORMAL
4444,36442.38059195475,25.89906120628113,52.62626576707772,332.84252194569336,9,C2_BEACON
110,3555477.156091545,4746.7265091416775,3114.8129705926417,46.196563491765815,0,NORMAL
4444,252048.47297567237,1542.6828909870735,1.1946534542937424,253.21161814554478,7,C2_BEACON
25,10189421.06622196,988.4988859476459,940.0049066324278,85.10489112348947,0,NORMAL
25,1974261.9164583439,2518.7017443271216,318.79992009038517,104.36857774727666,0,NORMAL
4444,121977.78919796001,1946.0591769481998,11.923905153726368,3296.053778425872,14,EXFILTRATION
3389,10825.952262032484,278.4608366187215,13.210087864598677,183.77705691275585,6,BRUTE_FORCE
443,5964982.786210586,1174.1762653247706,3654.162139218995,6.579319489687209,2,NORMAL
22,17182.910559906577,233.9727623843364,18.207347301931122,826.9462023742229,6,PORTSCAN
4444,103674.66683491247,4.716721069411441,150.69593518888743,166.03415589163126,7,BRUTE_FORCE
53,1431372.150206084,1043.0656548932388,2294.8848295828457,106.08497026198978,1,NORMAL
53,3639944.7130262204,7459.83047646947,10087.252962302313,64.09961955351874,0,NORMAL
80,744655.9281230721,1229.01789260262,5108.858444347667,41.90797705478294,1,NORMAL
80,2715878.7331419075,2014.1399652299701,16125.69166148484,146.97668492587675,0,NORMAL
80,4177274.9263863913,808.883683779679,3140.408263205936,29.36129767472968,1,NORMAL
22,139196.50618499605,118.75284136328419,8.993011958374513,1253.7174776019615,8,EXFILTRATION
8080,182352.6566143729,6.028606948573775,15.586540784661576,360.4047985796146,10,C2_BEACON
4444,136534.6082360286,622.8890828158077,82.73678114858663,10.80576659551695,5,C2_BEACON
8080,71528.99593529313,0.5332237322362713,3.8531043620873984,855.974893246893,6,EXFILTRATION
1337,542562.6406766638,9.142700030689001,1.5643028731895083,488.46864262174216,15,BRUTE_FORCE
3389,38257.818064632644,37.30029775703383,2.773294018167361,36.91377231306863,9,PORTSCAN
22,283194.15136098175,58.5279357000067,18.742486282113,838.695442796421,6,BRUTE_FORCE
443,5547162.726056703,9402.268735123198,1093.6527409682933,61.14333589899598,1,NORMAL
443,2900170.904922688,321.97222297964976,19775.909632778596,94.78826869051296,0,NORMAL
4444,42483.64111363979,354.39958332503465,2.3906446835020745,210.37792713719344,7,BRUTE_FORCE
53,8618010.102351032,123.99129215835129,1513.3154241176023,30.85901888287177,1,NORMAL
110,380972.6391944544,699.1030164945253,1976.9407317198572,140.37076256806756,3,NORMAL
4444,43962.94797731931,129.28150956245037,0.6133346572810847,26.456809797543503,8,EXFILTRATION
8080,200721.1918891093,20.73040005549763,1.2651051765534866,315.1373230233131,6,EXFILTRATION
3389,161664.03795104942,543.7123194225156,0.2168743168699744,637.1361145566913,5,BRUTE_FORCE
4444,141206.25690147383,4388.004793369705,1050.6688685287083,262.2319575562383,6,PORTSCAN
443,5440532.08021805,1180.7007940184383,60107.22719267145,51.640451128008735,2,NORMAL
8080,243320.3868939206,365.16629235047543,5.944971477884167,130.7488300994694,6,PORTSCAN
53,36901.057206735066,859.7053355311382,13830.734295428963,32.24213315374869,6,NORMAL
1337,67607.5994739236,7.696591868396677,1.502908243682807,702.0138155213775,12,C2_BEACON
4444,20671.541458671523,15.707095025160076,6.5694062435441225,209.68133013186036,9,EXFILTRATION
1337,259518.47178901156,4.5345218017471325,587.4009117028638,96.95135495576427,6,PORTSCAN
25,2742570.2509846007,796.4574622701698,1393.5812629078807,2.605925909909161,1,NORMAL
25,4631768.441807948,1717.1363156055456,1947.659293197852,26.021050041015226,1,NORMAL
80,1491622.5594827381,3537.300217497383,54747.94485967701,39.29164276866388,0,NORMAL
110,7392745.3595296275,4871.544951558517,11540.330180045392,70.0315490015493,2,NORMAL
8080,429249.57978246274,129.08454733784095,1193.8298099554097,1229.6948165226472,8,C2_BEACON
4444,86794.55672910174,21.23620126161171,25.254164647558667,110.48397341084971,7,C2_BEACON
22,286216.36896565155,589.3485403327026,64.58508965708991,66.26677386387853,11,EXFILTRATION
53,670799.6070995724,1239.2269100708902,9639.298075397448,30.87467625079561,4,NORMAL
22,103954.77111183821,53.40065079122651,12.902908103867485,521.0001437231801,8,C2_BEACON
4444,398207.0718295782,378.9384108823669,14.550927129946293,323.1994741363742,8,C2_BEACON
80,2501370.110125041,988.84461907369,5123.470854808863,44.303281453308976,1,NORMAL
80,10402555.311912375,5799.9420997707,3376.500449156715,212.7304221017373,1,NORMAL
3389,114758.4047969609,1.6728493271131568,9.94510524060451,87.3849102204455,16,C2_BEACON
8080,1139320.114551601,82.20519072314909,8.062780066234849,3000.9650164810823,9,BRUTE_FORCE
53,4960721.038548121,1151.8155681024946,1439.1523736590693,6.939231889318913,1,NORMAL
25,8295111.661685224,2397.1298085907047,1560.3793557845947,65.02919476877551,0,NORMAL
22,123025.82227828205,0.3370235056934454,8.096630796602351,717.9100736624872,7,BRUTE_FORCE
443,6074832.639664823,228.84401833577172,1074.907719216244,66.00928475953557,0,NORMAL
53,1013383.9384611737,4314.691481819422,256.6604423559964,24.43219423199848,1,NORMAL
8080,91865.36756558083,67.52072095245066,268.9906556951966,302.8783419298756,10,PORTSCAN
25,8301667.490193985,5111.23941203643,7360.301206630041,21.302270894423305,0,NORMAL
22,77775.97565541936,209.14214619418132,2.9067904847093997,447.00560919520905,9,C2_BEACON
22,92282.17545336903,198.68751947007274,1.7143466709406048,75.60301760280726,12,PORTSCAN
3389,109369.85360452646,71.22884531628839,1.9423078527551962,644.4371790110457,9,PORTSCAN
443,3087529.228416583,2598.6687975569125,410.5415747028598,59.05967157223706,0,NORMAL
25,10387858.955925902,1009.1142330470865,1157.5128440496865,3.263101804774011,4,NORMAL
4444,347640.75265805604,10.669782361192453,45.69280661560044,301.328228558858,9,EXFILTRATION
8080,36515.48020673917,1.8885401382252378,11.95866159584959,232.9167870743266,10,C2_BEACON
110,5381645.241428277,1312.5083824923297,1099.8628875921993,53.998805850163976,2,NORMAL
4444,50181.66008755734,1278.5020551606783,213.17811186300764,196.26895065783955,7,PORTSCAN
80,3935103.901735318,795.6951524229883,73.76802630502985,9.177955487078036,1,NORMAL
110,7102043.91704597,505.5920291591545,591.0419431370015,50.706983015754844,0,NORMAL
110,3371127.6151945223,340.59181435125606,651.2585714785472,2.27573412901786,0,NORMAL
8080,367672.695050253,29.468206448551985,21.62647043060774,884.3210396690646,12,PORTSCAN
443,3865228.4354302096,328.31635108805887,7059.249610204708,55.12840078692128,0,NORMAL
3389,7762.029567116389,11.059200812463565,8.437454072189079,294.01023702935277,13,BRUTE_FORCE
25,8258289.084967905,273.20429722683775,685.762715234159,73.22612798550603,1,NORMAL
8080,54864.818628025,10.336686928985289,3.0824804883358166,1220.6525770109547,5,EXFILTRATION
80,434455.4640734276,1529.011662630426,4605.198450586356,45.40649230459814,1,NORMAL
110,375495.1514885531,1421.6815593303625,1705.4989359934696,24.560847718200403,0,NORMAL
80,552762.2629333491,2327.344919007516,7678.647753080218,64.94717921007616,0,NORMAL
1337,141036.40519453623,6.4188495575014315,0.09125340523520142,274.309112650523,10,PORTSCAN
22,9372.889594630882,126.97423121478327,44.211122199915806,55.73178287786677,7,PORTSCAN
22,201339.80222199947,76.73286740392334,19.253522934517257,32.87535672013733,7,EXFILTRATION
443,14752473.209791938,532.9517622153187,1552.0127808361437,54.79975011724563,0,NORMAL
110,1184753.9870973122,3012.0594103687113,25277.745419313425,35.399189357594516,3,NORMAL
53,509160.0241648196,715.7996889005303,4906.782804295774,7.044525669218374,0,NORMAL
110,930967.6554186965,841.8856242196462,6909.927859775055,164.26799341363204,0,NORMAL
53,7704423.653684193,39.602230578376236,1775.608730651577,14.823260324641737,0,NORMAL
25,8197059.449480867,559.1738083470187,482.7564855023933,2.228407281462767,1,NORMAL
80,1926260.2468690337,1582.2548786513341,4049.6826787054083,43.62657474547913,0,NORMAL
1337,75768.7412964759,36.88139187031457,83.26495884420511,253.67678823615998,6,C2_BEACON
22,76192.11352807077,11.85157733070667,1.2388382409957832,757.1081544879759,9,EXFILTRATION
22,181466.51384055844,30.017948886784033,250.74799329645637,254.8845656303127,5,BRUTE_FORCE
8080,23613.92560111006,17.6317119375607,42.11808639396512,32.007792608335684,10,EXFILTRATION
25,10373186.769794066,179.77474876675728,3731.1908543019717,81.87043070464803,0,NORMAL
8080,3553.6088589596766,6.028995904083928,9.463967145464311,243.99114439082499,8,EXFILTRATION
3389,178132.76963431807,42.05199121124127,21.24657446317017,1973.6696540482594,13,PORTSCAN
8080,138797.6240922356,1.8103025854189212,27.740940816015275,64.1592324513154,4,PORTSCAN
25,10523394.589548647,787.8764889200133,4161.769047599719,25.579112887210293,0,NORMAL
53,1183443.7449777988,1417.6888543715643,4919.444209890177,37.89685880667091,1,NORMAL
1337,113116.43235465692,0.5871027816627141,234.67099586531447,87.94247913496397,9,C2_BEACON
110,513542.6104560244,1432.9282960071623,3655.588102423925,26.065205461087963,0,NORMAL
8080,104670.29252041921,253.20667731747565,14.166335706302572,252.9733090485443,3,C2_BEACON
22,341677.61798760516,98.20465969369424,20.474204799481715,240.3052760592099,6,BRUTE_FORCE
25,13473990.376782548,404.00595320865153,1241.411098319986,67.4168924819066,0,NORMAL
8080,326628.11939736904,37.425051767876965,201.08038464413397,81.12016100414544,8,BRUTE_FORCE
25,7112056.6751874415,3134.7965426236037,1055.3638519728802,58.04390465653445,2,NORMAL
110,6227798.463062178,753.6220670832511,4273.5923792622825,33.79217955556079,1,NORMAL
53,932567.5004874208,397.3063421225617,8763.52447266311,60.4663713163834,1,NORMAL
22,259373.58528080073,16.415377841474285,0.45047916451929665,139.61868171859552,7,EXFILTRATION
3389,13675.306484538167,194.73235178778668,64.15030649778662,83.83548852375274,7,C2_BEACON
4444,8148.713486473029,10.548214371479752,18.219297800830233,149.35417410246853,4,EXFILTRATION
3389,403.5216206558265,202.20095588913765,33.72902978753579,452.2464171161281,7,BRUTE_FORCE
8080,69342.51134764493,6.61275595683588,13.02022368227891,813.8772692143185,4,PORTSCAN
3389,470543.120919293,45.07219174554126,47.82643610823107,336.1133690661324,5,C2_BEACON
3389,156862.572823085,379.2492694987841,6.173441526385149,409.70450841100467,7,EXFILTRATION
3389,138063.2608286946,97.68791768918628,33.29743178208012,256.7458133739239,7,C2_BEACON
25,21752673.142104622,1576.552379211728,1038.1343399404186,46.038432691808836,2,NORMAL
4444,405904.6931033186,11.746506529590569,18.806380826571946,1071.9762049415103,11,C2_BEACON
25,7731747.508990527,894.8729157187679,1260.0789200696347,7.111188377077031,1,NORMAL
443,6741391.690494464,3340.4553131499456,1599.8257538965108,94.21861790366637,2,NORMAL
8080,449385.2828515391,8.981878349100526,13.086552789228184,722.3531666751019,7,PORTSCAN
4444,175880.1597134837,327.6856259571416,457.6275549594643,936.4550366394179,5,PORTSCAN
53,634286.694446645,879.2491240091967,512.0888713506054,44.455114841766665,2,NORMAL
110,1438229.637983935,434.81270690014406,22452.946074329924,1.1969314666485256,1,NORMAL
110,1019518.2244455601,1062.0514312690564,40989.72572073907,35.850985437445665,1,NORMAL
22,566505.2620261834,1.031673215017816,427.48206279292936,38.79880768418873,7,EXFILTRATION
25,1033722.0774773362,411.26392279922504,3774.2814156760014,17.22684880451519,2,NORMAL
22,806452.3903431896,34.32007304082351,50.4421314411212,116.35404513514614,7,BRUTE_FORCE
8080,186127.7609039001,44.76601352269098,10.119054169244823,540.2939667710792,9,PORTSCAN
3389,8998.642659167237,1.8872589047067525,7.467905867389034,1007.9417569703244,5,BRUTE_FORCE
110,16274792.454283362,838.3019653280171,1436.1049520407835,20.47750046721524,0,NORMAL
110,229007.21486151393,914.117911283582,827.4456571363969,2.756270379445119,0,NORMAL
25,10327865.047112374,1319.1840100785016,1179.436346885911,8.053562200331662,1,NORMAL
25,5812283.324510085,1291.329801654229,22117.240150586807,10.941605169866856,1,NORMAL
110,1843391.4961179781,1714.2031410075824,4602.84312032258,13.786725783086359,0,NORMAL
4444,184523.6299090546,0.09444473038053598,19.221363219676082,539.0081351267822,7,EXFILTRATION
3389,85496.92028572687,134.82468197016848,396.41327506800934,880.1743197004522,4,PORTSCAN
80,2593498.33359115,2236.1355231860357,2288.721318595534,82.53633058501576,1,NORMAL
80,11188881.188318528,2685.96734153482,2267.0129907329406,12.504978314448008,1,NORMAL
3389,173295.55302809595,3.753217698659421,292.02178283625256,357.10106642560504,5,EXFILTRATION
53,8917216.969812546,1383.2547346848812,2215.2675650874203,40.793447887230236,1,NORMAL
80,313011.6848326052,280.1495798000146,3825.7722846105194,16.651343296073307,2,NORMAL
1337,44202.95937418618,3276.784554635575,873.1283739524353,1065.5140179518803,6,PORTSCAN
22,691867.3270724944,37.009132828448514,4.842658766475935,97.7303517539974,5,C2_BEACON
80,1290497.2825242004,1608.2818432891602,199.7286673624528,4.365240876013514,1,NORMAL
22,207310.93942209458,329.0340974813901,0.7533987860534022,94.007831356164,7,BRUTE_FORCE
8080,101223.36595537054,58.40963200793052,9.991209649081465,982.4003244469951,6,C2_BEACON
80,31015.108309698317,1013.5472646890814,10391.785646521994,6.550146629151933,1,NORMAL
25,4536575.662909962,873.1500688464059,9502.511645930772,28.12350133509387,2,NORMAL
8080,238209.49830571786,8.409045179115523,65.7544162320892,125.9718573373351,13,EXFILTRATION
110,3240791.7843438243,1518.5103681086352,10841.329848727064,59.25661665155136,1,NORMAL
443,658057.5614469337,187.0890252383074,525.2589990176429,17.28638039716569,3,NORMAL
110,121489.30740427533,665.8155924728579,5782.257762098789,9.492136682831473,2,NORMAL
110,706014.5951758322,206.07470046454668,2387.8526956387855,70.43675934179689,2,NORMAL
4444,570838.633665203,125.22502001427834,48.3674484242172,130.77212861671543,3,EXFILTRATION
53,4742576.3578791395,843.3856617921552,8677.50744953515,13.878433266216602,1,NORMAL
1337,568844.9842620319,2.454823511285447,15.632042570521795,308.57804081425417,10,PORTSCAN
25,3206901.860632801,1804.632042913919,491.66406592325063,23.959959454337422,2,NORMAL
110,968465.5704955264,2259.7216808679764,267.2861907332855,28.451672590291132,3,NORMAL
22,275097.991696837,21.09061458381862,76.23087131956301,1829.5953810370825,5,C2_BEACON
25,10781404.464833193,699.48881651953,5470.018238779185,108.5178013094903,3,NORMAL
53,9927030.431620803,2354.074436435127,9585.481984798174,58.1119678542253,2,NORMAL
1337,103964.01403852715,34.632672916041145,46.820695429480175,369.69164866993935,9,BRUTE_FORCE
80,7648219.716832733,934.3675286019976,3093.3792826548183,195.83347382694404,0,NORMAL
25,2538213.292529121,510.3775631363058,8063.705133688416,70.31243961728684,0,NORMAL
3389,77649.70856313356,152.848409467081,138.63103906650608,257.6496210264771,4,PORTSCAN
8080,177931.58097836978,1.6485828840473233,350.4250067287049,422.9889917923686,14,BRUTE_FORCE
53,7924007.895636168,1354.5294440337323,15765.175446332953,29.458472010696923,0,NORMAL
1337,257649.9826035181,12.496061865399126,22.753612603304056,509.08229328120945,9,BRUTE_FORCE
443,3124541.3382966258,376.0339573255941,11169.69701164901,19.232917668831234,0,NORMAL
110,2556735.766802837,365.91059138459184,10333.015655582383,60.33256630188366,0,NORMAL
1337,416727.7044917879,740.0294462035012,105.62727919302516,649.9056798813957,8,BRUTE_FORCE
25,3604728.573631553,990.3053653401723,105178.20797435698,67.77449409167791,0,NORMAL
53,702520.2931786678,609.9063441735894,22918.30672858856,48.08156478466215,0,NORMAL
1337,266799.51718480967,331.30288870257596,9.947360624483354,605.8101849825553,5,BRUTE_FORCE
110,5035785.938485179,1192.5778477465203,1761.2350823833444,16.37876787130985,1,NORMAL
1337,197058.53514728334,46.628588534719,198.00069988740725,123.23409105779466,10,BRUTE_FORCE
4444,9869.338055666372,138.64548956295565,987.7397824280284,98.67071171533831,7,C2_BEACON
1337,113700.15782308271,327.0012340292867,177.50693647048104,200.39924681456267,9,EXFILTRATION
25,3506603.260274637,2419.9385734893876,11841.581509960359,2.6444771193367913,0,NORMAL
1337,130497.09976798938,416.5726129422488,68.21255868221895,96.91147364261987,6,PORTSCAN
80,6260900.658074956,1096.8787747280155,22539.94128500072,104.97569912617455,2,NORMAL
1337,1288962.9615148942,123.1899969763637,151.7540327623629,175.5953068536579,4,EXFILTRATION
3389,386794.25331710494,7.9049314601412135,39.58919731391742,107.81983306192322,5,EXFILTRATION
80,4011601.129185016,365.51986450563544,630.2280497350351,73.99531381146424,2,NORMAL
3389,65199.25453624994,235.01582894565658,0.5198546331006979,476.7229849608571,12,BRUTE_FORCE
3389,20428.185610247074,27.708473798195804,5.034859453379743,139.05972331870566,8,C2_BEACON
110,2302387.594568615,454.99327499704344,1732.101832654425,207.88335401108736,1,NORMAL
4444,109537.06860233187,85.78193964986566,52.0028912406561,464.82972011649366,4,BRUTE_FORCE
3389,233907.7839765233,112.93064978996043,361.2820740245004,906.8144011056021,9,EXFILTRATION
53,203706.5126492444,727.7594650582308,1185.7059511213142,118.6446935771515,0,NORMAL
8080,54681.155883748936,2.928589390186128,2.2588290914861355,145.28502926304841,7,C2_BEACON
22,62960.25158219242,28.58599520887952,14.394187339857146,503.84786029122006,8,PORTSCAN
443,6474684.487511171,3429.7771001564106,4349.060282552873,25.4006505613608,0,NORMAL
110,6960019.498419614,12834.241367700277,2056.8013469762286,13.454341192272453,1,NORMAL
110,27135530.748302657,1673.426529174496,17567.760698371974,65.73068542189188,2,NORMAL
1337,65923.96243340541,100.09680342497956,2.778101599275903,428.479621372072,7,PORTSCAN
53,12838356.65928019,357.48844010185655,15505.700182002836,30.891779546224484,0,NORMAL
53,1607774.6190665334,2150.4422824941116,610.6472833380623,92.6004863891873,0,NORMAL
1337,25713.14124468767,77.01228766021184,3.323928975306797,1839.6779443586493,9,EXFILTRATION
3389,311362.5809687308,89.33424316166162,55.80351929176131,313.3443616122149,8,BRUTE_FORCE
110,254392.73545384197,526.9332930576974,368.5348463605452,63.53338586261362,2,NORMAL
4444,4879.5450989620385,9.144812968104237,5.948032170444539,423.86521446904464,9,PORTSCAN
25,776457.7326180668,2269.0635254143695,362.5196104738302,39.14210571965048,2,NORMAL
110,10520044.83715477,116.09561309705097,2287.1299652732696,4.2950704772462585,1,NORMAL
25,1968942.7619228978,388.1009809094239,1513.4607683029874,11.99458343819426,0,NORMAL
3389,156232.70630463705,6.541156667618732,42.01584177348579,154.97348321454982,7,C2_BEACON
8080,129845.24271535581,3126.780734671519,1.4985341939660048,446.9360265392972,7,EXFILTRATION
1337,49747.66654176499,550.0751497981316,19.83955464334416,265.8278062521749,8,EXFILTRATION
3389,279356.2898362845,118.49102041465211,6.744441741583517,844.3858885247544,11,PORTSCAN
25,1179357.140518704,3081.5557570447922,241.81824085888053,134.06040545171575,1,NORMAL
53,257389.45354293115,1381.2052258617498,5832.648659271822,130.60611190729787,1,NORMAL
1337,215474.65184214886,2.759098421558801,1.9328561888287266,745.9399404494902,3,C2_BEACON
53,11974954.84629651,541.7959637042086,2970.548272521637,56.35082904616746,2,NORMAL
53,2024453.217940339,1379.63277970138,4032.9094323725612,2.967513858900416,1,NORMAL
8080,53705.940496545256,264.37514261906654,32.26733132746181,173.77430809143786,9,BRUTE_FORCE
443,7300019.214177723,508.38223205900886,586.3381793986786,63.878374647116885,2,NORMAL
110,8124677.976187878,346.02722921393126,3353.2876791848958,42.50441687964587,0,NORMAL
80,2706287.435673569,3172.158175196856,2245.8152652513095,35.5324353442178,3,NORMAL
53,10529028.930368481,592.9178742897341,377.0375425499109,17.75660383026427,1,NORMAL
25,9504787.628013318,43.77153166215702,744.4510933873241,25.90183623691647,0,NORMAL
25,1627896.7821346489,3623.4337737583087,18630.566311992578,12.62560911778422,2,NORMAL
1337,354646.6876993122,324.60106721407135,9.775326394234412,81.70124592065893,9,PORTSCAN
1337,195984.38302274173,21.302716303747054,21.080456183379784,191.9012554447869,8,EXFILTRATION
22,635437.2555512656,49.05007030807395,33.3127387248081,250.35226951376006,13,C2_BEACON
53,25825917.805680834,806.2731738335915,17562.3394323347,22.10459802526669,1,NORMAL
4444,69158.90668308837,9.201966625384863,43.91017109552758,312.60888969371007,4,BRUTE_FORCE
4444,326198.238441751,982.217609168472,265.40734794575246,58.58782617258501,10,BRUTE_FORCE
25,5014402.010278992,716.3594037988281,1067.0980642571585,71.13153778062214,0,NORMAL
3389,11221.084875719724,165.87876777300966,27.98893990443261,144.9513938842128,8,PORTSCAN
110,3771332.723454185,808.7921636924502,4596.418680245776,44.40388551625701,1,NORMAL
8080,427498.86140476045,16.277603633837955,921.1244676615702,196.3173009540921,7,EXFILTRATION
110,556900.6383157988,268.46124282451564,6027.949733539802,54.04779964725029,1,NORMAL
80,801435.3369979813,2159.5110340455526,7299.295475929918,75.52926512533583,1,NORMAL
25,1523756.701089296,43.26891883686838,19039.51309090672,81.11153389120331,1,NORMAL
4444,57092.25492392017,22.15387148084987,121.79587394735177,69.24992843428682,11,PORTSCAN
3389,143646.74053345635,230.37867063599282,91.35740620133419,409.53589591854427,5,EXFILTRATION
80,8789144.896795798,959.7965018681366,24872.40910968185,6.714443950045452,2,NORMAL
443,1310972.5557747155,1723.779215295243,1529.5623550609514,6.8325879166155445,4,NORMAL
53,3241919.0671779085,3055.730967700395,4098.22170573835,24.48238227655366,1,NORMAL
25,2627155.179365433,854.149523209236,646.8364353535129,35.894853127881646,0,NORMAL
53,20551546.538152877,539.9690906974475,1075.8462559499987,87.95907050892072,1,NORMAL
4444,155271.46202376264,2.7513942867008567,254.92692498109463,560.9811308558423,12,BRUTE_FORCE
1337,140937.77226233372,12.281078943242221,6.074898617331074,182.4561207413512,5,C2_BEACON
8080,33771.4388847751,67.77818180404638,57.68247758690046,90.72044711503462,6,C2_BEACON
25,789243.4912818772,2909.7525939457396,32210.5178437479,20.433154370453206,2,NORMAL
53,111915.46944112198,424.0686832262486,1585.4151157904694,3.1484655925985474,2,NORMAL
4444,160980.82362763752,74.74530943296881,23.80569592964231,11.687585306128302,10,BRUTE_FORCE
110,719206.743059743,407.477732125434,1702.3646047017705,10.985770314361304,2,NORMAL
3389,44635.72738532723,13.059544151839628,64.94846790877274,987.3274642660014,3,BRUTE_FORCE
80,1371848.0800956783,1996.3778833412123,164.2786523209794,40.94319963373543,3,NORMAL
80,8127087.331620939,1592.152651862568,2130.1995089566017,18.430226962699898,1,NORMAL
1337,31578.02915913509,11.091840101138903,17.275778127383383,1013.2889276406212,11,EXFILTRATION
25,4411649.355020619,550.2344692437209,4750.138744220677,24.011909219010473,3,NORMAL
1337,755147.1101043076,19.322390979601135,70.30966126067254,1580.4978619585825,10,EXFILTRATION
22,279539.8979229984,632.4321664190722,27.44944821620652,495.3954329406781,9,EXFILTRATION
22,888408.1741849699,2017.1909964285094,2.268483755189621,248.81941579273604,6,C2_BEACON
1337,35094.59083522639,17.051537105146004,22.677449380501038,1295.3316778480087,6,PORTSCAN
3389,492093.21626409615,417.62234216369393,10.309787099870215,354.75462623972686,7,C2_BEACON
3389,140853.80064196803,15.459731409179309,41.0648800810396,1442.702432940968,12,C2_BEACON
110,1815552.4985529282,2452.6721698086394,5750.441057620198,88.43929783743057,0,NORMAL
22,18999.102100125405,43.723689314068714,20.730237550649285,694.3709020280075,6,C2_BEACON
25,9279267.395156432,243.26894349158363,1245.890991969635,13.15401309543986,0,NORMAL
53,9052868.889069898,2150.536868347047,1889.5810940952122,18.4271105040792,2,NORMAL
25,11952171.773750186,904.1711179432025,2836.8883297081484,25.352633956047377,1,NORMAL
8080,84769.77008146442,9.350216992917074,1.4082763402411418,2852.3327780344107,8,PORTSCAN
110,191254.93661235043,4601.68139581618,1813.3786884590852,32.461931276676424,1,NORMAL
8080,56141.94026511887,109.8871058474132,157.78594541641635,1493.956884098437,4,BRUTE_FORCE
3389,68792.13885567305,136.81712746300104,44.70065966512067,1098.222365632547,8,PORTSCAN
443,8081596.058388441,547.9770423251709,24962.976446141347,106.33295203218923,1,NORMAL
1337,45032.24986363462,272.6070348634258,1.7525716187482057,912.8441225510173,13,PORTSCAN
443,1009438.9980158062,2567.580755969233,1589.8392597768632,34.88165874900475,2,NORMAL
53,16609530.298867233,316.5556840514722,9504.631518814678,12.100549499284654,2,NORMAL
1337,275493.62560549023,68.70900314269655,317.93903574571533,299.53528752565796,7,PORTSCAN
443,18621675.778110504,1625.0520713635626,394.41715907230423,43.66828317459055,0,NORMAL
443,637728.3627944627,943.7413811663461,3616.1695061153687,59.91100778711061,1,NORMAL
443,49800.66673638775,572.1169214746766,451.30549041064637,12.976572848718455,1,NORMAL
1337,11803.046927300564,1.867682439058175,98.3595935335594,135.41046987921683,12,C2_BEACON
4444,355515.53826274653,270.7797506547105,3.1729142909433854,297.379694419829,7,C2_BEACON
53,1697540.7249992245,608.4042902243364,1320.2218128036818,95.27507278572,0,NORMAL
110,16577647.978903975,711.4907976156769,3422.6924189268802,22.109204633412656,2,NORMAL
110,4959350.950740395,1555.2064070891515,9130.782449379376,96.50593334571694,1,NORMAL
110,8470293.070364205,828.3438064642047,584.4154702340546,15.640534397762002,5,NORMAL
110,8937197.269513216,3159.5032467373308,1365.1882550783275,12.719903520560033,0,NORMAL
80,1180359.93461767,2497.357850043352,7974.214047956814,16.09919457441564,0,NORMAL
53,560762.3662869602,2320.8714553703176,4031.547198955851,2.7730527024455,0,NORMAL
25,1893264.4785842875,1434.8347064828795,1442.8704579904897,25.28023600247905,0,NORMAL
3389,94230.36066393786,53.66107647737377,42.75568745670888,1341.6752712441023,6,BRUTE_FORCE
110,4830623.797260611,778.9778831987352,8867.375963405002,28.259140206172535,1,NORMAL
1337,58267.35038158576,221.98516879561032,4.707434355365746,1254.3231907271827,9,C2_BEACON
3389,40739.36331854883,5.747400610422373,7.414205711241587,167.7630945160456,3,PORTSCAN
80,5130244.532645336,426.2778131730862,524.8563937865564,123.72336047118412,0,NORMAL
443,841154.852980421,2012.1168546532813,3856.2076393649822,25.734263228148702,0,NORMAL
3389,393143.0213359739,53.0580118306516,110.2970999571333,211.64413440972456,9,C2_BEACON
1337,107438.31295659067,212.84402183300583,1.1098796559789212,541.6256303354094,9,C2_BEACON
443,10954831.739603525,1533.1111051968853,3635.353822168777,123.98630459198718,3,NORMAL
4444,222801.85021825068,53.98375112953073,8.40627289400129,804.1032288836069,10,PORTSCAN
1337,766.5620577583699,31.892752082012702,7.399404735270117,97.41113400036771,9,BRUTE_FORCE
443,4044142.657643495,1315.7611884990301,2415.6120345711115,43.14838080221759,1,NORMAL
22,71991.11464723373,13.991830712699533,9.008925878505423,271.0218647052708,7,EXFILTRATION
8080,204305.02240276663,150.59328986365048,13.558076237942462,1381.2328724969807,9,BRUTE_FORCE
22,98586.98253065307,39.49104349840551,59.14630019756994,1769.121820635895,15,BRUTE_FORCE
80,3949.1146062026774,359.5141237605539,24336.189640428474,25.986987479370633,1,NORMAL
22,742893.7379475232,651.012548126583,4.159587906389102,811.8411556344761,6,C2_BEACON
53,4701223.804557453,1740.8940743259695,3997.8727397632783,143.79149127960136,5,NORMAL
443,176440.3427101483,1215.1776128902613,2490.2698567054294,91.18119866790863,3,NORMAL
110,4876941.001226755,5369.26966918651,1876.8107843974344,56.93909999721394,1,NORMAL
1337,262881.03540512506,25.59306331903031,17.9025352778027,230.68732243912746,8,PORTSCAN
4444,177569.3853585867,1495.4735061797385,116.70099222920285,866.1001510259936,9,C2_BEACON
53,10294061.510209551,3701.3296068276427,2645.298467756132,14.880216009241467,1,NORMAL
22,280093.2682532763,139.08111833239607,22.50174986001611,49.17784502738899,12,PORTSCAN
443,6183708.497195262,433.43167066668167,1662.532292429676,4.971925403498696,1,NORMAL
53,5023558.4920969745,1452.281615432386,2177.330342177645,1.8064120564655912,1,NORMAL
80,1807615.8425404138,820.585939595117,2423.8894997269804,78.7483421160208,0,NORMAL
110,485030.42890525964,1941.3545732468408,4103.331270253185,38.48079835362842,1,NORMAL
80,4404469.340469416,1539.1621883202113,4846.100425677168,108.53504304581836,0,NORMAL
3389,118678.1199687203,2.649449848563375,95.18065833348258,151.5623936758672,7,C2_BEACON
4444,15005.272021316929,112.07144845167852,5.323660869370442,40.0801130796061,6,EXFILTRATION
25,3563925.457469414,1907.6500235250883,1006.7579974652492,48.1968972086369,0,NORMAL
80,7209370.327744139,152.61386502742948,3334.7406530372205,4.351441234593024,1,NORMAL
110,6353914.505692121,3912.3736696663586,18391.00488207653,28.18818295472746,3,NORMAL
8080,78810.94048150371,97.49789654842542,59.32545273770317,692.3139285594866,10,EXFILTRATION
1337,651679.348251461,20.873671540900588,7.537774187250242,892.5103572737411,12,PORTSCAN
25,16849922.75703082,1133.4522095252128,12959.267878553062,48.41697998815717,2,NORMAL
443,4954182.663573485,1837.9326658662035,3926.766790654818,59.83659466991615,1,NORMAL
110,3818235.720034023,161.8483305104756,4616.12686961607,101.84583195452208,2,NORMAL
8080,25883.362508667356,226.50504855280042,3.5714733070728446,26.200216630872337,8,EXFILTRATION
1337,18781.91672182608,29.901552609063216,4.092624406321802,174.14744744905005,10,BRUTE_FORCE
110,3999882.3075899826,1009.5926937477584,4824.034612855077,73.23556154201894,2,NORMAL
4444,7860.116615122741,226.3433497721888,9.060292482177418,870.6374349281484,9,PORTSCAN
110,2115728.767429429,1280.6913686660516,3657.48707285008,46.197785134130015,1,NORMAL
3389,23061.30389902062,4.725232981179731,39.02722035872373,895.0426792526354,7,C2_BEACON
8080,134135.72715464508,39.648691589406596,172.95772887753245,580.6811967888024,10,EXFILTRATION
22,199020.08459185914,211.31580872948024,61.77195802411303,1819.2639202078599,18,BRUTE_FORCE
110,5524458.632420614,756.7772045091665,2282.2610407057514,33.635185532026426,2,NORMAL
80,6521086.89917473,1472.061351876288,6490.19161069145,26.419099468725232,0,NORMAL
80,50096.30155306116,698.2342231146001,345.0226348929959,98.70695199583676,1,NORMAL
3389,85815.4810503072,191.6251943581302,127.07461883773216,138.57133970638932,12,EXFILTRATION
443,2974731.741018936,448.6157718307219,1360.1135758826929,29.558938298665822,1,NORMAL
443,307341.9293196109,411.25439608319175,3645.4308549443294,51.2336632336472,1,NORMAL
8080,137928.11197627775,771.1225792830013,32.941762086839034,260.5500734520554,6,BRUTE_FORCE
1337,17268.4149784442,4.332848866054529,78.85875239930338,368.72107625467595,7,BRUTE_FORCE
8080,56911.799310223585,38.16992706352104,12.870704827123166,367.82021936157986,10,EXFILTRATION
110,2571050.1962915,404.66856481941807,1860.5711319137968,6.1565426431700825,0,NORMAL
80,14999826.688249271,875.959711438449,1029.7973139014548,38.36026838227205,1,NORMAL
4444,127853.73308248642,41.95490731696242,33.30433418501619,476.4983682881633,4,EXFILTRATION
1337,406077.81717473036,79.56408338924801,5.36624556211546,1277.255511488092,3,EXFILTRATION
25,27095537.647438403,1186.1158381564985,6345.30240438922,66.40042365029089,5,NORMAL
25,2090025.3745108896,254.99440595063493,2564.8519911296394,118.30854182542996,0,NORMAL
22,142916.9309326818,249.51184088787846,556.9985177891713,2346.4888943399465,5,PORTSCAN
8080,234817.36596210604,95.99086703683243,1485.425583183762,106.91276128611769,5,EXFILTRATION
53,1024534.5855551026,627.1615613937746,987.8883254434312,23.231116198886248,1,NORMAL
4444,389279.7301794868,38584.23990175969,14.91855788439706,350.5876125016847,7,EXFILTRATION
8080,1083993.0151781356,12.700506767823653,1.7515404917478437,306.0736352624845,5,PORTSCAN
22,145342.39637232723,0.5948766858341787,279.2634256228456,53.0949254581132,13,EXFILTRATION
3389,7213.203974353963,40.078628373078324,64.99627403596409,176.16994749013278,7,PORTSCAN
3389,16904.127991361802,46.624294477238024,910.851178234851,859.9336290725795,10,EXFILTRATION
3389,47915.14312535468,95.14235980608784,136.25244277896854,895.9628611828726,8,C2_BEACON
22,83436.169759778,6.0475158888029235,33.31442302888328,524.2414388786459,8,BRUTE_FORCE
3389,171324.1292700244,24.51988338136218,1291.8313443021573,1227.4278243634274,2,BRUTE_FORCE
25,19323751.100352615,1274.2788044104716,5359.441590579366,19.33492243292153,2,NORMAL
25,884780.1196704153,2764.7950977476535,2717.271874549072,40.28633689430748,0,NORMAL
8080,238988.13925927915,6156.825138526903,157.18561579970077,193.03683401871155,10,PORTSCAN
443,1125279.2555119295,1628.8000136928956,787.9874201974422,34.1036563263076,1,NORMAL
4444,307493.702393764,957.2594450003153,19.448723071697604,315.31775455293143,14,EXFILTRATION
53,2020530.351400584,2975.6496264426846,503.2203680246737,69.03266046130186,4,NORMAL
53,102754.05317682843,300.05065403186467,14117.877834825033,57.98381763500484,1,NORMAL
4444,204025.99390065088,73.09880813619841,0.42449566742933315,1211.7346171031047,9,PORTSCAN
110,770503.5148056729,947.2085865415137,1216.9755194254242,4.699321055288768,0,NORMAL
25,5961986.687749041,1702.4827170724204,7762.647651772436,27.100318472376127,1,NORMAL
22,221899.23436070557,118.752767333338,128.69707327842758,408.55123199479425,12,EXFILTRATION
53,3385660.7823883877,816.4321498597914,5956.894056843597,90.37784086643995,0,NORMAL
80,5377244.285252319,238.60621648759385,2172.0053050413594,34.88456837300434,0,NORMAL
3389,259775.81973377016,10.857142194133022,16.111724123698437,56.21800599264778,6,EXFILTRATION
8080,14026.613460721324,73.63496440412864,98.98668773472251,1821.6567918866394,6,C2_BEACON
1337,700185.6854996912,12.574225183214466,87.66711144407152,96.54997706555224,8,EXFILTRATION
8080,116083.22267387892,283.7395014629624,0.6527146521314119,651.9869789196705,12,PORTSCAN
4444,216534.56558270135,322.15335949736,270.1396637450929,75.44945953466059,8,C2_BEACON
110,564230.1959700797,4991.111030415072,12039.384055258317,190.4090326407821,0,NORMAL
443,4547970.749700628,2555.79464335891,3583.9977585871707,24.589018831521216,1,NORMAL
80,4574340.49682441,552.8041888137274,30236.041255702945,90.90339785824149,0,NORMAL
8080,147312.09381302216,0.1623948011250681,524.4696250200908,21.4197050941984,5,PORTSCAN
22,103475.55960928148,155.45416132316075,342.5149205259835,844.6929306000683,8,PORTSCAN
4444,85301.01389625012,538.6498644656765,1.1875196273319788,310.31604788937193,8,C2_BEACON
443,1806424.5297964287,2181.79253766493,1906.8691273002448,46.25406223279532,1,NORMAL
443,5528992.971855141,2850.8958898446726,3085.961859833109,33.40852269753173,0,NORMAL
80,5747037.428893825,3899.9300442168687,28722.348311789756,1.3939173287406543,1,NORMAL
110,340483.38396393834,550.7635380818142,2720.5169491261345,72.68550484959174,1,NORMAL
22,179604.09845323383,3.597504813778313,14.408086503181295,395.65005055237464,7,PORTSCAN
3389,425047.6660315801,90.88061280326541,8.5829555568435,803.324936151334,8,BRUTE_FORCE
80,14179508.158214003,2395.8593115504364,2231.4840034090043,82.84042649014786,1,NORMAL
4444,96259.58249637135,12.355413149634773,3.958595402097786,387.7897493233193,8,BRUTE_FORCE
53,8420374.14028252,5636.859752683945,10446.022826243781,193.88107269738953,2,NORMAL
22,158516.6460277596,74.7385469087194,0.6238751106039118,203.3474792919899,10,BRUTE_FORCE
80,622515.1446166626,749.4243482856174,300.6748195049924,37.89073210202309,2,NORMAL
80,13407850.11432452,196.5800223919709,2848.466216572577,0.558951777972115,1,NORMAL
53,3415813.9020541366,144.5206239116918,2659.303128091146,24.624555858071716,0,NORMAL
25,13621720.739813142,294.1831674209466,9043.40873576021,2.52577115096209,0,NORMAL
1337,53072.547284722925,317.25741399716554,2.505599707118106,255.16555400766788,13,BRUTE_FORCE
110,12928628.108244574,1838.7205690353512,5059.301749992675,28.30817625643614,1,NORMAL
4444,199281.90341582478,10308.16109669914,1.3547224705808163,58.8539779745578,8,PORTSCAN
53,1355654.3794021753,692.0742429935036,1408.4891733956972,12.407125915919464,1,NORMAL
80,4666161.920549498,1019.6121281200201,10550.962168699258,25.861445425677083,1,NORMAL
8080,503915.45600036765,165.94399422903095,62.21412660367865,244.72021609688605,9,BRUTE_FORCE
3389,92725.8236049623,982.2447458081596,201.32314776377657,343.92002765216625,10,EXFILTRATION
25,1092308.3715377213,412.29745291192313,20381.66875743313,82.08539560249979,1,NORMAL
110,3474509.655067964,2315.882551886809,4282.61045542533,22.018585601116847,1,NORMAL
443,5216645.597630094,1058.9768652751209,4321.247540926955,33.197571357122754,0,NORMAL
53,3102843.898178061,968.4521362415695,2918.949775157705,224.3876071284706,1,NORMAL
443,158555.41943907828,1013.7500016787907,7361.341073028756,16.406508705574126,1,NORMAL
3389,73049.27282364474,16.37663762779053,49.22774700047885,577.5573789997654,11,BRUTE_FORCE
25,2136790.8408600353,4052.6871063836993,5569.378969333421,18.509804373257815,2,NORMAL
443,5717244.63254645,868.1747671335387,1768.289548143114,185.72641018216524,1,NORMAL
53,754041.0580589976,5882.560364289439,11972.89265406793,2.4329554337008474,1,NORMAL
3389,443874.9701592628,631.0693621809882,24.18588261660245,487.8840797255664,12,BRUTE_FORCE
53,14871441.067662328,1310.1650379286853,7483.532824364701,90.99627411689234,0,NORMAL
1337,383020.35727783997,631.3387597408707,352.81143128262505,404.58090305622034,3,EXFILTRATION
8080,38837.973565167165,37.561384510502386,1.436288788058528,79.09651721814062,11,PORTSCAN
25,749779.5306042177,873.2562325729057,105.68336289404431,52.515728511153036,0,NORMAL
4444,248003.12521431418,69.99311456576193,149.95484616101348,404.6808137348252,6,C2_BEACON
3389,156112.6576699156,2118.5891821864275,15.00466483714747,100.21817109416082,9,EXFILTRATION
1337,36714.60034617326,10.18838672084599,80.88042291305592,81.033839122725,10,EXFILTRATION
8080,388831.9755069061,31.932072317066357,53.1343283639649,95.95797892860685,11,PORTSCAN
110,2835568.44461547,2766.344057837823,4183.651533846167,23.89006793443762,2,NORMAL
80,2466849.985075385,401.2902070871964,5696.8485541361615,85.29318871786556,0,NORMAL
110,533282.4398536797,264.47996414191306,2095.8611459619538,44.187594506314234,2,NORMAL
4444,220685.1932768757,1.787626405326055,1.7259851239505064,81.72098907280592,6,PORTSCAN
443,6299636.365570295,164.9131298544499,9774.372569289999,80.47651619729994,0,NORMAL
25,13022476.861313056,1520.8041397690458,2714.2452141102112,3.5901032563278945,2,NORMAL
110,7138935.6067275,2154.118901261092,6595.1112544000525,9.63238520169478,1,NORMAL
3389,178487.12711711813,46.40136361786823,14.019115392373806,134.7651547582984,6,C2_BEACON
8080,23636.523948633916,34.10743944594732,19.252923082728607,3.978373665449159,8,C2_BEACON
110,5093874.468440542,2194.492546191288,326.19535470431816,9.846903176979442,1,NORMAL
80,12325610.569014234,700.1568051961193,769.6827330877778,9.6422568955841,0,NORMAL
22,9027.142162035845,572.9807520951875,65.8231528546564,656.1306766480265,7,C2_BEACON
22,1803.7865676539027,4.063624343339114,6.974859335640789,793.9127726545314,7,EXFILTRATION
110,2548569.3782618823,374.0028252604735,473.3946961591424,36.89842796103468,0,NORMAL
80,3103730.909317605,607.7587641209311,602.6318598146805,12.393014166710737,1,NORMAL
25,2326730.5016637417,3074.566941735422,1975.8197761495892,7.19829773062086,2,NORMAL
22,62172.50547784088,2.679944974252528,12.96653465251373,168.9565777925746,9,PORTSCAN
4444,249573.68635578608,78.62051649281294,326.16448718607506,97.49368874331425,9,C2_BEACON
4444,338963.43820478325,28.326593413043767,456.04045434206404,2785.2147137200677,5,EXFILTRATION
8080,157389.67799980025,79.78870798413006,0.7883053025495019,122.69941586305099,4,BRUTE_FORCE
110,849892.0631877977,2180.3451095682663,1112.6016037822092,29.078088948613917,1,NORMAL
3389,385768.3303441424,8.662482249274989,0.20226214034224557,49.96372213264712,5,BRUTE_FORCE
25,3414261.293945499,1016.1344811130275,6331.18608929983,119.76319473090737,0,NORMAL
8080,961585.2405147074,422.0170141856821,30.00026967121434,1114.6605530540467,10,BRUTE_FORCE
4444,58423.53548976322,2006.3848841029235,855.5261968507594,213.7935957077685,7,EXFILTRATION
1337,436297.7106328677,512.6143238740895,1.4310311615757645,718.8015766313825,10,PORTSCAN
443,2756243.0028113015,179.11188428307292,2403.2185952142418,3.076425340279782,2,NORMAL
22,351737.36856402166,0.7370961705501101,0.4789580572058112,100.76288952872362,11,BRUTE_FORCE
3389,103687.23958226762,6.282585921252228,7.7465253409071435,91.3590734479381,5,EXFILTRATION
4444,214633.60212352124,538.9232057100211,28.570612005717066,1646.5625998868243,4,BRUTE_FORCE
443,2120389.051557105,1337.0451253389379,222.94049040577187,86.91449505517365,2,NORMAL
53,17221438.31363893,909.4449352418436,6649.355020878508,97.44317443332551,3,NORMAL
53,1148242.9595948309,917.1940945426741,5951.951711630736,21.73662312946866,2,NORMAL
4444,129533.78097562121,5974.757410224947,11.780183936859268,1872.4309003549085,0,EXFILTRATION
25,6779645.081047453,1996.191395262262,16612.43327163264,188.55474526292366,3,NORMAL
443,4244597.115474032,491.63086773351876,1668.7435183509383,98.87687664134299,0,NORMAL
80,22710748.79006119,518.0010754596627,3050.652437993564,40.717949108208494,0,NORMAL
110,3723685.2448127368,2187.9075060202704,668.0777952440468,30.44638738722417,1,NORMAL
53,750919.1687390369,7425.595291204902,16783.17447319586,6.5227673564276545,1,NORMAL
80,1583024.2978489664,543.891868302724,16681.88191856542,107.3630893920596,0,NORMAL
3389,352797.77995852544,87.32131760318892,33.64171919812795,278.8379386168186,7,C2_BEACON
25,6610064.0400083475,374.9934921815849,355.5147025923348,9.387959100117516,1,NORMAL
25,829937.5519972731,2400.57998684174,599.4026038840653,21.191264450866772,1,NORMAL
3389,504166.4366237825,12344.73442223962,10.473065558926939,624.99133197668,6,PORTSCAN
8080,160907.76613180185,5.07315206300076,22.545323329927253,535.2453317607565,11,PORTSCAN
25,9990339.66587852,810.7039618857716,9872.863249625292,14.311737048225314,1,NORMAL
3389,126989.72099699675,3.7928489343492906,1.9410927514830283,317.5564657317069,12,C2_BEACON
8080,644154.5049650228,59.83594167627802,333.2382428717881,894.7185554465061,11,C2_BEACON
8080,120504.15241321082,0.2855953160524123,366.9281156214511,184.36040366216338,3,EXFILTRATION
1337,49941.206772539386,185.039288312162,45.56563338890161,284.60935635711314,6,C2_BEACON
53,18957481.84090207,842.6707942956211,1712.3625128297983,13.716442501314951,0,NORMAL
1337,36469.39979022295,183.8186045197762,18.16266854718605,258.0778379833048,7,BRUTE_FORCE
80,6175265.899670636,217.27795402363353,563.4333693537149,70.35073549384376,2,NORMAL
110,6154114.084967971,339.7010855505423,471.0650232599361,86.88846021552197,1,NORMAL
80,18315.059945274268,507.34252611011675,2037.1884676956058,1.708520205120103,0,NORMAL
1337,321700.57377946464,146.13995337794645,175.12906738375864,39.46124946633784,8,PORTSCAN
1337,126766.34088818642,238.31200222994158,19.981114211130215,594.179748464863,8,C2_BEACON
1337,11212.823749582187,0.28058286706111996,41.002795772636745,38.67148414111444,13,BRUTE_FORCE
110,2167084.355378382,1585.2502920964453,1655.4021041750334,187.05089367831644,3,NORMAL
443,7063984.013970562,1922.8687116229203,671.1033820009724,15.886390558373325,2,NORMAL
53,3123544.782406798,2018.1799862184205,11410.048473742449,36.85945023865942,0,NORMAL
53,8276826.817756805,4256.092284652233,1867.3683825908322,9.331835648479728,1,NORMAL
3389,149148.67876229683,27.443134983714973,3.93939306229932,546.9354924377925,10,BRUTE_FORCE
8080,397751.2288544801,61.231361181646164,3.5969224618014404,899.2926911761197,6,EXFILTRATION
443,969103.5335973075,4035.6732605727634,15273.061105062854,34.484109458609666,0,NORMAL
25,12867469.523768365,4199.504668945817,22251.30477900973,10.048780069607957,1,NORMAL
3389,54988.82528286805,26.28863600657612,2.582622736997751,275.47200495316434,6,BRUTE_FORCE
443,2111829.8325193436,218.4662988124657,393.90734170480016,55.47335114267378,0,NORMAL
443,11934383.789316723,242.85074957585314,5132.330407164438,7.510029437586336,1,NORMAL
25,3341051.6028677924,326.1452607926763,3226.064321900114,27.45776766649657,0,NORMAL
4444,19814.83581846977,146.8761285563796,14.520014679138335,26.870991186208233,9,PORTSCAN
3389,225873.952611333,42.53940552661145,2.6745131410125165,69.32878045928446,7,BRUTE_FORCE
110,291459.99605392193,235.6369307657514,1777.2076454219375,13.596157098652151,1,NORMAL
110,10250461.889429512,469.2310746670981,271.3862481461049,26.017029095976373,2,NORMAL
80,64238.02341811205,5593.2652410029605,681.9761999346588,21.298332083639284,2,NORMAL
3389,9740.020309372472,106.47305478793464,3.9650809988474762,72.59835688065733,7,EXFILTRATION
3389,193640.5845404711,201.66097116132423,8.260887909646991,256.7725977105306,12,BRUTE_FORCE
53,4881722.406708588,361.94885206438914,1617.3110388063706,40.41577943307576,2,NORMAL
22,65402.07680799483,21.217703979899973,108.09083090616808,720.3786686444893,7,C2_BEACON
4444,16466.506969162754,6.244290920662391,10.13862988365739,702.2361178308905,6,BRUTE_FORCE
8080,29897.76958590547,135.61167714054446,8.011074589923087,1816.8285605821566,6,EXFILTRATION
4444,127439.65167068657,5.554465658594236,254.28751802400026,538.8115964770717,11,C2_BEACON
3389,22505.84607938753,149.71887145743622,65.37197564712591,286.2959757808932,12,PORTSCAN
4444,148450.4393781993,687.6023935724392,6.055232832414071,1264.4072870511118,5,PORTSCAN
80,8896560.45406102,978.8154905452514,4506.760732110288,32.46136239857509,0,NORMAL
3389,148170.54398567372,210.4718383812263,22.8025658512515,7.0484950729520355,10,BRUTE_FORCE
3389,232871.42228132652,8.619052274944439,14.798115406904726,176.41255261399047,8,EXFILTRATION
8080,22527.907327751163,11.853238105808392,10.114088875280405,392.83741807836975,7,EXFILTRATION
110,2271025.9553626413,1455.5379295635184,38.00659612698785,14.481930627505768,0,NORMAL
80,9067812.16436373,466.03345344077525,38997.516412647296,79.39118808642066,1,NORMAL
25,4235450.5751247285,615.8451550564723,8587.266215525276,31.303918897288487,1,NORMAL
1337,85076.61501858488,98.8657621558549,13.675229741118429,608.2185465100401,4,EXFILTRATION
110,3331281.036291987,1926.911332784095,632.595410331527,21.374595419431135,0,NORMAL
3389,360890.71603563713,128.49755079072685,39.610963228190904,28.508867625294943,9,EXFILTRATION
443,2038926.1636121576,185.03797505422224,1820.0002643826458,117.98332457441371,1,NORMAL
8080,158506.20378091457,264.71917469689345,28.760283957891346,1020.171887000719,9,PORTSCAN
22,96812.88090141694,3.38992834930774,2.9561342197418994,164.46596179524798,14,BRUTE_FORCE
4444,13306.695018462975,611.4854369201717,3.3188712870291126,497.1577231568064,5,EXFILTRATION
4444,273193.81363758194,28.610242643744716,1.7828125398004597,113.18117618787194,9,PORTSCAN
110,2597626.301992397,811.8581554989679,2324.294607971491,133.08365777075753,0,NORMAL
1337,64707.827265125095,296.26895649330623,92.28737908989693,751.5040360448796,6,C2_BEACON
22,677406.1933724373,2789.845715132133,28.86978290151551,403.28472071294277,6,C2_BEACON
3389,226103.44286715053,406.04846414382325,18.414201824044074,2012.235121927599,5,PORTSCAN
110,641905.234774826,400.53654567612267,5814.21797583723,3.780133564151602,1,NORMAL
3389,1415734.3905066636,7.411632626923681,173.59315711339136,147.03522103400368,9,C2_BEACON
80,7204701.335588679,801.9698653708231,600.1443286074701,28.620966802469106,2,NORMAL
80,1180967.1687481604,1006.1011535974374,11124.522946563595,148.659073433075,1,NORMAL
1337,62476.67847023153,64.66036676689025,1.5877083706876893,223.54832048182448,11,PORTSCAN
80,2498774.574028982,1099.0831620132014,4553.48019728196,95.64478886267621,1,NORMAL
8080,213060.42259740786,4.624965267222726,59.295447797653075,608.0618051501606,8,BRUTE_FORCE
110,3845904.3591383146,1735.7661529058973,20726.700263726823,361.57229373232263,0,NORMAL
3389,51338.03626103577,12.090885317282083,11.124052440756607,465.90155147844047,6,EXFILTRATION
80,3140305.8700794606,1174.8621882700527,665.1211558402536,0.8505526369130894,1,NORMAL
110,5062534.181943613,2161.4826011046657,11415.127472983735,20.117342271729395,1,NORMAL
3389,3026.7333024316176,96.25154895899409,361.83734123087686,281.2778195180917,7,PORTSCAN
3389,78132.95175042113,1024.1115627844429,1.8116352682578432,471.23677871759526,5,EXFILTRATION
80,1048291.291953466,3153.5638831224196,7093.931103392076,20.53985578688475,1,NORMAL
443,2826453.93349141,757.4544377818677,10245.75737587512,10.044379476293974,0,NORMAL
25,2912926.676419441,4008.83802806802,22194.23042714831,59.15127273314481,0,NORMAL
110,4363101.6234555915,1155.5974578393668,9753.693429766121,5.845920790512362,3,NORMAL
22,392833.44434209383,29.76687968921257,24.523812898444397,50.95774588829245,6,PORTSCAN
4444,243254.32979049237,182.43622951832884,0.353651287524383,956.6292333139529,8,BRUTE_FORCE
8080,233615.04898315464,26.00866149870778,16.950597000398822,199.2449509145451,8,BRUTE_FORCE
3389,58962.72147646976,19.219374279391445,14.046140368838058,469.9253939893655,8,EXFILTRATION
22,89269.64936735347,111.39516957350921,9.024984035143381,455.1988301144101,6,C2_BEACON
80,10087467.122865729,1870.002876356851,916.2380615474964,0.292936450340337,1,NORMAL
110,2258099.703576552,3413.9340494530425,3059.4746403430768,115.35831490940458,1,NORMAL
8080,101274.49225301317,9.377946727372505,61.03927794612707,1273.0102781260537,6,C2_BEACON
22,92496.76123147122,1657.4721912999235,9.95868316842465,49.41942340585995,11,PORTSCAN
25,201805.85026108794,1734.2285246724748,2348.8412808882836,92.90807859051144,1,NORMAL
8080,27998.720950832558,8.136800810267992,237.05542508782045,17.723411216676777,5,BRUTE_FORCE
443,1933709.303249422,1967.704575928941,1689.6405685525292,114.74183545750203,3,NORMAL
4444,343350.2012585548,57.9868144546167,5.287050886083996,552.1237285558819,7,BRUTE_FORCE
25,120870.21586429013,1535.655025056449,558.092681081161,12.459496208599306,1,NORMAL
443,5595397.5361256525,2134.2654687073004,2540.2582604295794,6.335188596381597,2,NORMAL
8080,32684.8027472463,34.626069332449084,258.44752738149447,14.425581078427365,9,PORTSCAN
22,55920.36268433189,124.33135378468994,26.282169398847792,92.63191870765796,7,EXFILTRATION
3389,130045.0897144043,56.5720991042735,399.11515013236897,162.70671642930907,9,BRUTE_FORCE
80,7269595.41128578,2412.1932060165736,8412.733670099868,18.051847061466546,2,NORMAL
4444,164975.98636385315,148.80927446176415,8.880151394088388,24.81303085896274,6,C2_BEACON
1337,54010.092949519516,9.470556695301566,119.25384260838017,279.6686520881284,14,BRUTE_FORCE
53,1748559.4985074177,966.9827421034272,3706.1571432376895,38.734971382376315,1,NORMAL
443,4068807.7135383743,278.4275704013476,7691.639942184386,53.672783262559555,2,NORMAL
1337,515705.8869908232,112.67040953227033,45.27496315529764,711.9185577441347,7,BRUTE_FORCE
110,6944870.026441154,151.6560432655903,6105.635771973849,18.211055021653284,0,NORMAL
53,1891194.8365422837,1097.2474365761107,1674.8782192921146,15.029099967111495,1,NORMAL
22,185364.65711057174,243.8973268454321,51.32889795851886,1152.0290511833853,6,PORTSCAN
53,2335697.6263913168,15250.784215452639,2443.789611517394,70.48341869439021,0,NORMAL
53,3640058.6548225987,9474.408795298166,1369.5549052204715,54.73936623412965,2,NORMAL
22,350852.5065099743,70.51449730680113,92.62157062279766,327.91702336179225,4,PORTSCAN
53,5181266.928682798,1887.544919573716,2519.42627065488,13.41158567651923,0,NORMAL
4444,148057.2534704522,6.943621882953567,2.225875512305535,504.42649643557945,2,EXFILTRATION
1337,393540.4881886084,178.42269798269086,0.09577154859035365,948.0600801504545,5,C2_BEACON
25,165130.00311971313,686.9498672616678,487.6844874989342,1.0135587181160257,1,NORMAL
443,29805528.487189844,658.0731279184979,7634.843166882057,5.463589347872588,1,NORMAL
80,6046020.076459111,1116.833201670973,1351.7135615291866,13.198681022637546,0,NORMAL
25,12381300.929379392,171.41143390080163,5260.647621242899,52.22189070832478,0,NORMAL
53,20777477.359494153,356.7678615623652,36997.64261257445,71.94866578494047,2,NORMAL
8080,28193.10103060838,167.5091086690226,179.2189253922209,291.3233200227887,7,BRUTE_FORCE
4444,19911.781348899254,16.119666526418392,30.390229783632762,389.86208594580427,12,C2_BEACON
53,4636514.710028536,6485.309155619071,1566.164268079812,38.99964982895284,2,NORMAL
25,2180703.0768327,601.6412521383817,774.7331230607698,10.0753547740592,0,NORMAL
53,127610.1432619636,625.1989294051559,668.0264721730472,24.80250598618182,2,NORMAL
53,5918618.415124921,1409.5186514674367,710.031692335824,67.68117108358398,1,NORMAL
1337,113710.84618176665,6.662300897381063,15.90802541135722,540.1680884361497,10,PORTSCAN
110,2486347.083925783,1029.7858357010577,1083.8526428236366,20.693128662822915,0,NORMAL
443,917009.9370718936,1750.5584037182903,810.8137840784458,29.63405727717832,0,NORMAL
53,10084814.809972025,800.6297076143436,4055.757984679125,10.790014407357916,1,NORMAL
443,22606590.22884858,2661.3252520325095,6083.958323395631,57.821908846610484,2,NORMAL
53,3832330.2075369786,344.6688874936107,4582.504150474985,31.073406718384668,1,NORMAL
8080,39514.535548299566,782.8676504583841,3.0055010465036913,244.64370684052327,7,EXFILTRATION
8080,713160.9818957348,3.5281197128203226,213.50603821492376,27.70765709463412,11,PORTSCAN
3389,762466.0747136789,3.521524859325609,8.998527094331779,195.45438210107176,2,C2_BEACON
25,3760841.8601768124,1550.4689464076118,2506.429702591777,0.5557976305157479,0,NORMAL
8080,332553.45655487175,4.14937455493003,325.79568408582605,137.18465122445068,9,EXFILTRATION
3389,477812.0505748821,760.3104061339361,280.2604923654904,192.03568819414102,8,PORTSCAN
22,111437.9461228153,26.46143352533861,93.71186396969945,239.60895660423358,5,EXFILTRATION
8080,229418.91256289443,954.5491248825236,131.5257630868013,894.0581333506307,11,BRUTE_FORCE
25,1539745.5922512934,256.9222991126676,2495.9220598311167,86.29474604427355,2,NORMAL
443,9065837.64283818,479.0569271272674,13911.725441147426,64.32238843592714,1,NORMAL
110,1104457.859756723,428.5617490312143,16388.33863946367,57.78748578856662,1,NORMAL
25,1040681.0643089422,1846.8112665409858,12193.778210488208,2.4190159907922464,1,NORMAL
53,891773.8728987994,780.9177599493518,1394.9737556625648,3.830240147447015,0,NORMAL
4444,240264.88138688853,4.748871152533136,103.75486836581406,21.22274665090333,6,BRUTE_FORCE
443,5343753.618595588,484.9716641760564,3405.9560854040037,5.682208077696361,2,NORMAL
8080,292543.0877595263,32.11561628514655,39.63005060165371,262.77789270997073,6,C2_BEACON
8080,95726.4202471279,5.039272973508961,33.789790600772186,11.353988395222837,7,BRUTE_FORCE
4444,284797.2950728617,829.5113360018004,61.63444299167822,848.7354645718161,6,EXFILTRATION
80,3596169.9315594635,1682.3764502057804,2315.9398699510716,2.732595963852913,1,NORMAL
8080,287939.23723536666,330.98079472709446,421.0603584187318,76.62422483237462,6,EXFILTRATION
1337,36429.75736588574,33.35930654206839,6.521051206176493,220.40328102542654,7,EXFILTRATION
8080,117331.01151978651,6.297905558809178,16.190096090033904,626.3264247828121,12,C2_BEACON
110,3289067.5587788965,1545.5862299077912,13470.449482615299,10.572503190555496,1,NORMAL
25,733824.3481399348,2035.621297094473,766.775176943294,34.658094965001496,1,NORMAL
4444,32793.26040047237,39.60028017893951,34.38069094798168,615.3916412338612,6,C2_BEACON
53,2679414.8203451387,198.30869824001536,4920.719904240086,121.42287399474985,1,NORMAL
8080,1338133.6936561952,1.928911081733602,19.822959309524546,357.257550339189,7,EXFILTRATION
8080,349809.98312542954,68.95792847842479,1.4569601679379085,44.54130474927968,5,C2_BEACON
3389,27016.511167280994,8.49367977223659,1.2955996467891384,539.6711297446577,8,EXFILTRATION
22,99953.08561417808,924.3140352201175,60.781870897018926,51.32629820451661,7,EXFILTRATION
8080,506.5202246646701,11.38195667219937,37.78193016426455,449.2748528568221,9,PORTSCAN
4444,106628.07644409285,1.0675724737905268,14.239060526073818,380.91340896533484,4,PORTSCAN
25,4418729.386935728,965.6491949369151,2233.1242965781394,9.669572452029156,1,NORMAL
8080,184083.1235946032,66.54196616532779,29.394725935482505,940.4046723032426,5,BRUTE_FORCE
25,4066171.6639259392,5928.627738844947,5721.621460959205,5.945891786576678,1,NORMAL
1337,1227476.9292364286,71.32171824175131,1.764937154585672,1034.1167127815086,8,BRUTE_FORCE
443,1903991.913534507,279.8360992475321,1603.3956152450987,110.84828462513418,1,NORMAL
4444,179383.41840540484,33.95081902158515,58.01101404513832,628.1772717660169,2,BRUTE_FORCE
80,3749430.296588934,1456.4948315294773,8350.038925799814,115.96795703867227,2,NORMAL
443,955865.772355449,532.2776250497625,1011.3343846613964,12.486038584168817,0,NORMAL
3389,57546.451617661245,36.92928005508205,20.27680583903369,825.2821676999099,7,C2_BEACON
110,6725171.59096781,3980.6605482595037,135.10450361535322,28.246090427209868,0,NORMAL
1337,28350.08594441884,120.66978853090099,10.089946769241463,49.99135695684972,6,BRUTE_FORCE
22,101784.13002259117,28.578055955541075,12.499920278122392,1155.8895873121032,6,BRUTE_FORCE
22,535834.5064946383,82.57386013035408,262.8614712561302,120.29628254459028,8,EXFILTRATION
8080,93928.83362424326,150.60924199064726,212.77783558942514,19.368685660297768,8,C2_BEACON
53,6532616.89668063,7303.604528173287,8734.369648850134,156.72799444334356,0,NORMAL
22,385489.854274952,229.72976726106123,2.3327153800436866,239.79366801416643,8,PORTSCAN
22,113616.40465478649,2756.305091932168,0.13796189015947216,1018.2453022927535,3,BRUTE_FORCE
22,95396.67638162468,139.5506200522197,2.8885034189461307,1819.4944146574123,3,PORTSCAN
3389,44757.3393097428,44.49952034397698,32.93026144683744,103.8566586184115,3,EXFILTRATION
4444,41446.06082186934,2.550255970592044,4.83718162932516,113.01954851105891,9,EXFILTRATION
3389,19032.156355499723,139.18366503250152,47.045347519170825,791.5066655972387,6,C2_BEACON
110,1511266.9074681187,1768.9484899395186,489.63733705062805,69.69411214940429,1,NORMAL
25,13058161.122364977,157.19739506716226,7872.83168912917,8.162345609658407,1,NORMAL
4444,184255.98993692957,2.4871690957283974,0.2137411596621561,238.51224425521607,5,EXFILTRATION
443,985193.0272406104,3913.543678837619,3254.2760077780918,68.53705056563795,0,NORMAL
110,12640970.033733888,670.6406082802755,4519.420540090445,1.095923801326472,0,NORMAL
53,4135169.44325329,1526.9673188827614,32599.759847902136,31.515282636231994,1,NORMAL
80,37626017.18016094,3649.148031710891,1859.599291842429,88.17993036870433,1,NORMAL
53,942680.9002664526,2879.369619809179,2502.3527803636666,94.57779802214256,1,NORMAL
443,8615028.209282702,1429.619955784678,2849.0430936827674,2.8933699756495903,1,NORMAL
22,149426.1662247217,3.6011031116241248,1.2668236661987071,245.77559668835525,5,PORTSCAN
110,19918490.454528395,2045.3870164615919,827.4682590984456,27.746143984449013,2,NORMAL
25,1261252.958168237,1012.4727109934083,10440.33256466004,45.50091396134947,1,NORMAL
4444,279197.804745827,546.4925850799387,0.3054134908474371,160.53563131275348,11,BRUTE_FORCE
25,1380377.3588850982,4472.253044872692,17458.471684180535,160.00096736240138,1,NORMAL
110,2625092.51776947,268.5166183194657,3621.587918930594,120.19652970695556,0,NORMAL
25,7180146.887064508,207.44675486783004,17700.016417932075,1.5632256422622324,1,NORMAL
25,2971810.5648240643,741.722610618114,2196.786082337234,11.61493179985343,0,NORMAL
110,573690.4775085802,3558.1664064439587,5777.485577425889,51.654528815536985,1,NORMAL
53,1032600.5530273132,954.9554765531669,1281.3074322706195,28.85728639565521,1,NORMAL
8080,568996.4126114511,271.8149064623157,9.313366636824423,1243.2126942712732,3,EXFILTRATION
53,27366173.348935433,2381.9512878845476,1830.550057162539,0.5632160150714738,1,NORMAL
3389,3237.4901845580466,174.93209133344396,7.5851754910358355,233.94585507040358,7,BRUTE_FORCE
22,110551.73351478245,51.36652355217859,169.00414329388602,269.48705018017404,5,EXFILTRATION
110,4543414.021101691,372.41074248538865,5360.36547187712,61.7364965246385,0,NORMAL
25,5983873.622284978,1112.0995201807605,12898.395910498437,31.27461473799625,0,NORMAL
22,129976.36677370232,114.66969242758893,133.12347895628122,40.366803557773785,6,PORTSCAN
8080,149304.95619306134,94.76443600939035,6.293733162354199,189.85818399834704,7,BRUTE_FORCE
53,2992371.3441188796,584.5131784261424,12532.942666230727,25.903097383336643,0,NORMAL
4444,63933.02709672678,4.2479857407306065,36.45140681928329,58.93865506444754,9,BRUTE_FORCE
1337,233095.87686887552,30.804880633738918,4.750978392513716,757.6902368056535,13,EXFILTRATION
8080,180687.18011168417,73.16822773892846,0.44742397805470807,93.20995224416873,5,BRUTE_FORCE
1337,144843.66330152206,201.0783831246987,28.519473969712113,252.47709344845055,9,C2_BEACON
443,3515093.2302417466,5056.003173447693,32424.23988004889,38.95419277750114,2,NORMAL
4444,145914.07286343086,94.11839983833659,0.4302929746697681,279.88262589140544,12,C2_BEACON
1337,114640.90146876693,78.75619111595717,2.868005917644579,202.99420881513043,12,BRUTE_FORCE
443,2431137.075872818,1319.3027470105765,622.9967614747537,3.000424012016715,0,NORMAL
53,1017325.5125667336,2036.6939701799554,1798.6954990291613,94.3869360765755,0,NORMAL
4444,361804.9825575628,47.687871522902554,470.39420242246763,816.5378979635615,8,PORTSCAN
1337,130197.68705447484,41.903533995583935,0.30104331309881643,138.7088634592825,9,EXFILTRATION
3389,200054.6805559484,96.57185090121463,59.75528717509496,413.8288470248859,11,PORTSCAN
4444,140385.38686901788,15.638235100705844,0.6165055527029987,95.89662177308955,8,C2_BEACON
3389,95232.15099381513,44.11107221505839,14.48939260404107,1091.4075459960727,9,C2_BEACON
110,1196682.8041257074,829.3562130913557,1083.209925194693,19.39720320080988,1,NORMAL
443,3076885.8290776066,4339.858245805403,1470.81207709689,33.52654841869861,2,NORMAL
22,53147.686335474435,41.30792490570309,10.510968712963031,412.5896339451918,7,BRUTE_FORCE
80,15806767.84886862,1534.9880719086623,9055.787688007458,164.01140766835763,1,NORMAL
80,2314079.1141269095,1322.2724654550311,4923.178871837861,55.08123829692049,0,NORMAL
4444,146959.05595750618,13.61439390048684,0.9728078867504093,113.95270988756477,11,EXFILTRATION
8080,100708.044548856,15.61906822117617,238.86991457805024,252.6328829309659,6,BRUTE_FORCE
22,505804.9617104388,3.373033186820319,1.586922421388157,120.30410728981292,10,C2_BEACON
1337,276469.91262655536,71.3455300781569,543.3702862820338,508.0154176738907,8,BRUTE_FORCE
3389,32178.01904478381,31.09270064303217,28.499123652007274,73.59688082010716,10,PORTSCAN
53,878318.984262044,1146.0363719106142,2513.061899777705,96.85590395322812,2,NORMAL
8080,45309.93764669533,19.646166200946347,441.0919953154851,54.51305383751487,7,PORTSCAN
1337,545560.4188118601,19.144856247822712,111.12992910103935,102.7169035578685,11,C2_BEACON
4444,28618.803966632917,21.534563025859022,18.950778603646363,488.88759352460625,7,EXFILTRATION
4444,12674.271238071793,323.213258164381,26.31277218379892,869.1350566827313,10,BRUTE_FORCE
4444,260073.92880115955,160.3170366340904,21.748842662845785,388.49908837416245,5,PORTSCAN
22,202459.3546129326,209.17037871550224,392.93900514534175,541.3442459293523,6,BRUTE_FORCE
4444,413743.6156955305,693.9709522435973,3.843181496636203,1325.7018007726817,5,C2_BEACON
53,9484244.458281705,586.4479880975174,11518.623739953875,8.183372469944645,0,NORMAL
1337,92183.90377631434,4.374189040354943,28.597315698468865,230.7986423588856,8,BRUTE_FORCE
25,899019.9930991672,3208.0312249762846,2314.6142862194274,50.04283455867824,0,NORMAL
443,8581033.73389464,476.4685491500789,20205.586142217708,34.62409927070915,2,NORMAL
53,4270026.152863628,3920.849362872254,14713.813212584753,72.0157179876873,0,NORMAL
4444,103783.08594351793,460.3885965695396,46.76199730750124,187.76442912736772,10,EXFILTRATION
25,508472.6612342599,1214.136415238498,8041.213415661674,28.029103037248454,1,NORMAL
1337,292893.04618004547,137.1304975017673,1.1363947355954285,939.3919338057116,7,EXFILTRATION
80,1437526.8753712727,255.68686358538673,9448.69987617897,46.25529122274436,1,NORMAL
110,5897584.839923132,803.5412594475586,9169.195750568946,42.48058422337709,0,NORMAL
3389,33802.4760376815,79.24314533305177,17.152593366430484,803.9328298747117,8,C2_BEACON
25,11273740.203325946,588.3877092251732,16281.880842527098,23.362659684008296,0,NORMAL
4444,162155.54429276285,196.44365456634839,2.827281269348483,588.0748579673544,4,BRUTE_FORCE
1337,118209.97308681955,188.2462663448419,14.20787180812428,47.74083910826818,10,PORTSCAN
443,9570948.93785872,4554.627086268862,2445.245498260296,21.867320709298717,0,NORMAL
443,2022798.6642481522,1388.5885295242929,2471.467344623227,99.78094665730264,1,NORMAL
80,6991555.226448245,3929.4863158046273,524.3976495281628,78.98198779276966,0,NORMAL
1337,21261.252004888796,1.83674617974494,9.626508477563986,283.56960733346386,9,EXFILTRATION
53,3921879.8270213013,392.9795695724054,11256.798839767524,29.841130157119956,0,NORMAL
1337,8409.632056242748,185.67353148490835,45.87693589501187,1032.6826441567855,5,EXFILTRATION
3389,92297.08084519536,6.948978694082768,10.636404697723165,28.580696933987642,7,C2_BEACON
80,1998884.6856554835,1434.9004979772972,286.54880457025615,40.91294413530554,1,NORMAL
443,4748154.952106525,1281.1477102068723,1402.8800736017836,109.51358506597299,0,NORMAL
22,157565.10120417192,64.43427952970195,5.531179561332848,18.888726359251123,7,EXFILTRATION
1337,9404.445060662218,1.7261352230010705,6.813705262236593,706.4339047458903,7,BRUTE_FORCE
443,2964992.9571236284,522.2554515637233,3011.655294203487,2.8068438097196515,3,NORMAL
1337,151256.1352905809,108.3644354395397,0.12200927422934038,283.19895982744634,10,EXFILTRATION
80,111159.13948196478,4547.909497589698,2792.7749625630236,166.1303098627777,0,NORMAL
3389,471208.0008566125,30.22503113564142,7011.384553594704,4.4148286781321975,4,EXFILTRATION
4444,342922.8494690493,117.42496941699217,0.6642773740006772,175.1461553640487,7,PORTSCAN
8080,1095307.9603281582,284.5980535359301,109.78361348780565,240.4904334390829,8,EXFILTRATION
443,1376597.4568914324,2031.7727696202958,1527.3086733874222,59.87889290451286,0,NORMAL
80,2282880.416999201,3079.0900626888065,3026.570341660991,26.344478058998362,2,NORMAL
22,2326.2945520602384,28.925370162171216,10.468952773550992,453.23492031226095,3,C2_BEACON
25,661067.1744528562,332.2252984613016,603.786766722312,30.481992070270465,0,NORMAL
80,8465008.078399729,1045.252963196746,1948.7594819185078,216.49233703505985,1,NORMAL
4444,1228319.8193132963,74.21843801819271,0.9858740288278299,673.7575296830618,8,C2_BEACON
1337,88665.93952043536,62.82618841692323,14.350425762938501,235.95295417540453,8,C2_BEACON
22,38202.97062528725,4.499378627795627,1.3865945292275093,828.2997705811814,12,PORTSCAN
4444,167113.29450842497,174.40909734600976,6.956602226521132,1217.2233451681145,16,BRUTE_FORCE
8080,108980.51192710048,642.3667854117489,14.216794671975975,305.81848479372564,13,BRUTE_FORCE
110,9771025.143988216,3508.700323571659,5466.927576777475,1.052848822528776,0,NORMAL
443,5281804.605527639,187.13739660109778,17171.27473326334,76.6096408050585,0,NORMAL
443,3320764.3780046464,2202.25705249759,2925.364712395963,18.04784281734745,0,NORMAL
443,6461681.843451471,4759.27414474266,3715.0412910235186,33.477632670138036,1,NORMAL
25,6725275.622860965,5502.007863588408,2537.706520961055,11.87268802279298,1,NORMAL
8080,107765.8155703217,51.15600810927011,1.3931625925985542,193.27071711236616,5,BRUTE_FORCE
53,5385573.828625083,1510.291853344381,1509.9561014289543,12.038418983835648,3,NORMAL
8080,324123.97160990693,15.249337716741916,2.662429334296052,311.404413545823,5,C2_BEACON
8080,168740.52221495064,170.59436847240707,11.506992373794338,1033.2644090817832,10,BRUTE_FORCE
4444,205726.2618754079,118.11650038068565,1008.4607732343534,388.203637935511,8,C2_BEACON
1337,110234.0742562515,99.57871022049589,26.73049515623455,1188.9609932460585,4,C2_BEACON
4444,138607.07175168415,24.597815404882844,2.871965283807642,504.3632893176617,1,PORTSCAN
443,18922533.58553752,1330.6842664845153,12180.130299087697,91.47993823424403,1,NORMAL
53,2649226.5507650143,4080.9087748304364,1724.3371297824233,1.380745424478943,1,NORMAL
1337,34094.356236093656,27075.987723736158,88.71364329859902,493.5247615295033,10,BRUTE_FORCE
3389,260630.9844678756,6.7458886691268285,0.753502886227266,235.41381061010037,3,BRUTE_FORCE
80,18744533.776833784,290.32249672549847,7695.713853303506,67.16948125032587,3,NORMAL
110,695488.642223212,835.1180558170857,6906.831640126529,38.836594973364356,0,NORMAL
80,16999324.483489547,184.95728227466114,3447.5481709210817,4.811452890570922,0,NORMAL
22,84343.9611399754,20.99985729963324,50.98544095698921,845.3183081125724,9,BRUTE_FORCE
80,1384882.761978619,753.0049146427872,1785.8031807068728,49.00616872652357,3,NORMAL
80,1540978.7154150284,1911.8488317149668,21569.371213858554,21.344880721359157,2,NORMAL
53,3019921.1506982306,2017.2891743341163,4908.8552503935725,111.29199343829528,0,NORMAL
1337,99828.0211451912,96.95799073364714,4.138553485733289,109.51967058119014,9,PORTSCAN
25,974495.1455235421,12147.000456164818,3432.421071763071,125.90963133313358,4,NORMAL
3389,496427.3511209912,24.78660189125691,0.42989156467233863,295.0954641550638,17,PORTSCAN
25,14391202.598203579,681.2555155890153,3706.241088365318,194.18488855472063,0,NORMAL
80,3301408.915541284,759.5779873104206,4945.299178267658,45.41962790700064,3,NORMAL
80,6595285.534958935,3202.478671804364,1179.6695930128362,88.66951932194807,0,NORMAL
25,2385837.1855087685,856.5567410885711,1334.8006159727117,65.03761991597099,1,NORMAL
110,726385.1666978773,1428.371424333874,495.59690027018917,67.69319341162728,0,NORMAL
443,5574615.488044748,435.16775368557336,23195.554014822326,27.27423339605235,0,NORMAL
4444,53494.18377550775,282.9525087753371,122.08880936645477,381.5320499190841,17,PORTSCAN
22,886388.8741924765,9.692370940362311,49.07646362357291,218.0399298676688,9,PORTSCAN
53,4612413.946485956,2006.4202747753254,1071.605096363562,38.542377040936294,0,NORMAL
110,8196681.468449358,1807.7199534900706,1109.1690687373232,20.37912743700638,2,NORMAL
443,8689041.529332876,2464.79023346728,2959.3526055981365,6.674776414916103,0,NORMAL
4444,111277.57426413777,22.16706525723918,27.538161780974068,262.8188842167562,6,PORTSCAN
8080,309242.89007539774,199.05161662616607,1.0965139261356982,1089.7515960960854,15,C2_BEACON
443,365734.0658065671,398.3597767166818,1181.8085157339742,5.686400226781328,0,NORMAL
110,10679204.547216771,550.0380183913319,5809.123166254305,27.37242627986897,2,NORMAL
4444,699.2420958671441,32.822505288042656,319.57631716002857,613.5819288632537,9,EXFILTRATION
443,17188979.96606387,1656.324001828947,9427.585439809873,15.311593210195365,1,NORMAL
3389,149684.86344710737,238.50232310127396,185.64594797856898,664.7184936980439,11,EXFILTRATION
1337,73539.04557042528,1.041936340657993,106.99328771405217,971.7623522546785,9,BRUTE_FORCE
53,2779100.6249478594,2954.814381850552,7784.304545471384,79.32962129274046,0,NORMAL
8080,56595.89993175837,197.09758690881964,936.2128641170918,742.42724875187,5,BRUTE_FORCE
25,5739083.344354255,1534.3272106972242,2063.118890617157,19.911982711530225,0,NORMAL
1337,266616.1145877839,4.014496736500121,1.7749585399846202,637.5639770402377,10,PORTSCAN
53,718071.0980969138,3890.6451374178914,5052.324264221667,80.64506103199692,2,NORMAL
53,7650120.705942749,1946.9940139807368,6822.138960757438,172.60223282724675,0,NORMAL
4444,29864.06747867163,387.03891983757586,4.452287905242099,337.29796155860214,11,EXFILTRATION
25,6067867.789618473,902.651285006823,12833.752315802514,0.8925147959754536,0,NORMAL
53,6196649.746947053,938.7766274524034,58499.94546601091,30.92077113374847,0,NORMAL
4444,126289.96945655919,5.007160525855499,0.6156934757596518,132.2087157450971,14,EXFILTRATION
1337,70744.09057299691,38.72815567114625,1.5866453998519725,1172.9644455776481,4,PORTSCAN
110,4312293.655762136,5318.4920489880815,1027.247674135332,23.990566360657333,4,NORMAL
25,70236.10267775612,2055.147642469894,1300.0088053430172,68.7316775322704,0,NORMAL
443,1205901.6542466953,257.2333485196232,2374.6385331789643,22.294114658625848,1,NORMAL
1337,407755.0963496466,3.4892321647533513,856.7107210761567,324.95433364095845,9,C2_BEACON
22,90159.77631372519,57.30181378742274,22.960448840293644,1921.6113067806918,5,EXFILTRATION
53,23138374.958097313,845.9018008221525,4240.755948219926,10.297255090556453,2,NORMAL
80,1066110.7153887136,237.3939183396893,2481.761988256299,107.64118912603679,1,NORMAL
25,1810044.6622064668,1291.3555332469664,11547.854406673909,9.911302467802988,1,NORMAL
3389,212392.46927755198,6.919907309851156,36.451989059360294,1119.0969864958283,7,PORTSCAN
80,230203.04978826278,765.892342497349,4287.910237010279,12.422138174731105,3,NORMAL
4444,23073.13793959289,55.728219135680774,4.461524473715151,78.06281701326573,16,EXFILTRATION
53,2137191.4045369118,1528.560101932929,891.8811061078832,48.82470121495216,1,NORMAL
1337,334606.34115835326,6.871520212625278,122.57408539077208,262.9408258686363,6,BRUTE_FORCE
443,621041.2721850302,1367.639814869025,3416.000822795177,23.358362237237216,1,NORMAL
8080,115837.09691554484,145.6005385365454,101.91617351493193,382.6152989439358,7,EXFILTRATION
110,1899753.5903047717,343.17780673199945,14045.519526955382,60.61698097198788,0,NORMAL
53,9240509.767863398,2835.2604126274305,6641.558657982861,2.2291290620040747,0,NORMAL
443,4354494.712378506,529.1171186262238,1530.7598432304098,83.26364616699884,1,NORMAL
443,571235.2437889626,1208.927569056114,163.09686657252024,21.960764633937337,2,NORMAL
3389,75110.42111193419,397.46774407778355,6.0143261925512,752.4232601325268,4,BRUTE_FORCE
8080,402726.4286575436,226.41385388290502,224.15030997019878,588.1907974710008,6,PORTSCAN
8080,325013.7589358947,1.5713575802518618,354.60939850543326,39.82037163593259,10,PORTSCAN
80,2138952.032727579,1873.303534812945,536.361425335514,0.602550605235137,1,NORMAL
80,1565324.9856366385,491.2185624125226,1263.1762744356863,139.97475987603445,1,NORMAL
1337,287363.32528277405,12.121905004342903,0.6945409237446057,1565.826532389835,13,PORTSCAN
4444,44016.41181278481,246.54620563523108,2.2976400408901263,119.67612767453959,9,BRUTE_FORCE
80,7343432.45932616,796.4526944994607,15780.970972382069,10.880259006970814,0,NORMAL
53,1324571.834032721,2216.073351606972,881.9189117959813,166.24060719848995,2,NORMAL
53,1378742.857110021,1679.3407079768467,18485.114805980087,86.64123274091142,1,NORMAL
80,7060236.80085109,3903.4390943188364,2848.445260690456,93.04688245219914,1,NORMAL
110,6234426.010016589,636.3352627102666,34312.033392846446,94.15573173592222,1,NORMAL
8080,714824.8480039726,64.99406875732687,46.92651245526825,534.5320923947971,9,EXFILTRATION
53,10663613.298249893,1468.1123300847303,9427.72097654792,244.89705862114667,2,NORMAL
443,2774698.7946679476,537.4349318410239,344.9597000796594,18.101593521985894,3,NORMAL
25,5303374.343245907,2018.7524602986143,1608.3251978560986,8.107459722359486,3,NORMAL
3389,213603.89938624116,590.9562927413275,36.318785697894654,503.4536175384027,9,PORTSCAN
22,618953.092716952,18.880858020425258,16.634281300739275,164.0433057544102,8,BRUTE_FORCE
22,224584.37529516942,1068.7855639167005,2.8549348984245975,41.25114594222078,9,C2_BEACON
4444,93682.77566815785,306.7321559636347,36.742899173599746,149.5027886063137,7,BRUTE_FORCE
3389,32243.297100413893,740.1794081145542,35.748803149897824,567.4003940863016,5,BRUTE_FORCE
22,16131.853951001902,12.745351224397893,13.885737729446017,286.18232838173157,4,BRUTE_FORCE
8080,233587.67562619437,70.91198239525662,5.160969927532363,353.111421801214,9,C2_BEACON
1337,37547.64421162579,27.44913503011193,29.802608982524234,575.9861309462278,4,BRUTE_FORCE
25,1158512.2037602505,5127.003362685564,449.135415871968,49.45040122841355,2,NORMAL
4444,8331.544172516853,179.77012485089998,18.852413561129104,317.42886714743037,7,BRUTE_FORCE
4444,155240.79589907173,500.5853547171628,46.29567000238631,112.97610834557597,7,EXFILTRATION
3389,21686.49818956705,41.326436705087005,582.44961168453,331.3734025227422,5,C2_BEACON
4444,714201.7550698306,89.05118966728169,13.93457871682903,85.36445278379774,10,C2_BEACON
22,26410.416145997224,42.64925441188269,8.098620439382415,325.1127495208719,13,BRUTE_FORCE
1337,113270.3618924678,927.3070709466043,791.8133276202027,1081.428935754671,5,C2_BEACON
53,909140.3749788478,2641.2673943439045,10548.571670209063,216.33885200496542,0,NORMAL
8080,96891.4743740551,205.01497433683846,116.98943577537085,2.409829051121691,7,C2_BEACON
53,252830.88405979742,592.2499654272779,3390.535116241321,10.933053610631212,2,NORMAL
80,3908652.345673216,1028.437773471469,7667.36610968197,249.36707168827627,1,NORMAL
110,114135.75713968773,1316.7403946818688,1223.9213811929899,6.519846155693182,3,NORMAL
80,973369.3725394516,1614.1862357993678,11321.470096689141,151.35304320553388,2,NORMAL
110,983237.1549431605,4510.2613986513725,1755.2156328031372,87.82991985026948,0,NORMAL
25,5191273.472827269,2852.456472878,1221.1643889265856,51.82498164630781,0,NORMAL
443,934434.8818922593,126.21258907350891,3804.468079056387,36.014861727257774,1,NORMAL
3389,143980.63194973106,45.483162139662085,336.9011352520745,99.3145757584868,9,C2_BEACON
3389,61320.179013410736,256.10378738756606,20.64876489301192,17.821687927909156,7,C2_BEACON
25,15651107.082044257,2675.4236541166138,2390.3942939736735,0.8537856984511584,2,NORMAL
80,10894388.84625498,937.8506562146686,982.7411348651231,52.68909357740004,1,NORMAL
1337,110816.17559332069,1.4134588126111503,18.29289131544714,560.0616631554473,10,C2_BEACON
110,1867310.4332512158,202.90155696461466,1292.6474810537882,2.8592484176063757,0,NORMAL
8080,310171.8165459785,82.35892594354203,4.191211413600136,1031.205402769717,9,EXFILTRATION
25,4552566.4613706,270.4071444489068,8902.61336172737,10.577339041053433,1,NORMAL
1337,83757.65993772072,1.6900531286261344,554.5731011994162,662.2732499881099,6,EXFILTRATION
3389,627284.7011022295,40.10592610195914,0.11486792607810388,304.3364080766186,3,EXFILTRATION
53,3055351.9731613244,1795.7816908405496,80703.63519997972,46.95992055768561,0,NORMAL
25,3087164.1334387735,1028.7730598721678,3804.338015256928,63.63750715698975,1,NORMAL
80,3320668.0434842436,4749.696397180819,1436.3716859316723,16.463205514903994,2,NORMAL
22,101683.0771997293,19.577487492377422,163.6103566679865,513.956660192804,7,C2_BEACON
4444,140251.76146910392,12.3600839636026,2.303414958161789,714.8243056220199,9,BRUTE_FORCE
110,948665.0783852767,203.69379615113672,2375.89739345478,4.2705095601396,0,NORMAL
53,19679221.920177404,2085.4024822030287,1081.0887059987017,37.85162706704514,0,NORMAL
1337,87464.02998574359,5.811732713992692,10.375735975559966,146.24138067960448,14,BRUTE_FORCE
22,163683.718955695,3.1449645496764598,56.43629610132477,134.4418980495908,7,BRUTE_FORCE
3389,154371.39158801682,0.6983841254860998,8.931581417101462,105.83784913049621,3,C2_BEACON
8080,759851.4103916585,97.99213128042753,14.584200997223203,397.8298998475023,5,EXFILTRATION
110,1245323.6102681323,2357.6064235018157,2277.6758849250627,30.223971687765104,1,NORMAL
4444,35680.26395287246,0.05753792078643964,27.062240758794555,76.08486032963373,7,PORTSCAN
1337,31623.50518741077,374.6749208676813,117.1695305403176,418.5670085503471,4,PORTSCAN
1337,82365.29387278894,41.06422590000015,2.032086430952839,81.08983709821491,6,PORTSCAN
3389,280346.6487289496,25.32008591554035,9.356200697651252,915.218465483685,9,C2_BEACON
443,6025665.533858866,904.0800668490265,5068.184603008492,13.668347815732757,2,NORMAL
22,530231.0539058645,15.966102425976395,14.478226270147733,0.6622527210698425,7,BRUTE_FORCE
1337,284416.09651917237,15.177732041916153,103.3626226335927,84.63471171069176,11,EXFILTRATION
80,294148.7393455917,2590.0028491721687,6602.568567662603,33.39266673376043,3,NORMAL
25,3040810.144761503,373.2615029170272,3534.71283660713,2.191678312647174,0,NORMAL
110,449133.3439608453,418.99490997177026,9930.555552438138,22.375692863552917,0,NORMAL
25,47923.70627495114,1185.5206172723117,556.8531452415456,46.046025394228444,1,NORMAL
443,2284466.3455222473,1145.8483207212857,1198.0109118225078,1.294323335815475,2,NORMAL
443,11028943.458471647,5303.766607259769,1923.5620116421558,13.742330108289083,2,NORMAL
110,13080151.834527407,4240.186554352572,1030.671325543495,7.916183662800702,0,NORMAL
53,17980268.270906396,1521.0718850993885,17425.334252537283,7.557560471958885,1,NORMAL
22,30178.773966822846,61.37873654994391,8.306407212966786,351.55206163632164,8,PORTSCAN
3389,310523.73074513435,50.78395183164425,236.8979504715654,395.2718510374031,8,EXFILTRATION
53,673034.9460559664,810.4992644655199,518.7347958418488,38.42628196324934,4,NORMAL
1337,221807.83682996515,137.8838085877566,47.6986707052789,234.44796076486566,12,BRUTE_FORCE
80,13407166.655800525,4015.497406117318,1824.9805163967283,22.199033443614,2,NORMAL
22,17576.559597916126,27.722409542089242,6.625891319153914,169.82572706659383,9,PORTSCAN
1337,10146.802749468843,109.57945666741205,191.27823431556422,181.4377305758501,6,BRUTE_FORCE
53,1184987.1971192306,1179.9406862570297,6130.898171898682,2.2165791802426185,2,NORMAL
8080,130894.37664271594,156.51516041165758,3.5171603003064105,206.72204951109555,8,BRUTE_FORCE
443,728953.8325171298,507.53983521099707,1845.8409698043545,103.25093937199357,2,NORMAL
80,3442286.521263522,1022.4464922931527,2707.6476701809474,27.508790782921494,1,NORMAL
8080,364268.8587416164,1256.7933507056985,13.79672416673093,525.1074033682492,9,PORTSCAN
80,2484096.6867796527,486.0616291747461,960.3244806226027,4.846744831904156,2,NORMAL
4444,631713.7210145443,48.18730209888132,12.85096978282596,342.17135074954956,7,PORTSCAN
25,1478713.5148500288,7104.809215846656,4608.778434438614,13.010782124673275,0,NORMAL
4444,40293.468932997,31.15199658128052,21.25931212990163,338.8572424709294,10,C2_BEACON
25,16188548.211409137,1283.8704178004964,101.06838968721868,3.557868807220663,0,NORMAL
80,22292808.225093894,2048.5829611509453,7655.589971781794,0.837791238909112,0,NORMAL
22,316170.75025978166,313.2783062539334,96.48399928362798,698.0713662602952,6,EXFILTRATION
80,2348617.7371615255,903.6033472755131,9200.778895377152,52.96696703181235,1,NORMAL
8080,256851.28862381127,86.73587146958636,11.929906524701408,128.17634341271255,7,C2_BEACON
25,3006205.2548508984,5451.8040730911325,3543.473280627732,43.76893266378124,3,NORMAL
22,220315.39234103682,114.0004927660097,128.992944460269,320.894606314686,14,PORTSCAN
110,477806.4216355241,1254.8877725322495,1090.5363761350789,13.248169642927952,0,NORMAL
53,4449846.561183244,1604.4243412115425,9087.19442357833,2.8048784480134925,0,NORMAL
443,3843777.8220122233,1175.0725774629564,3356.2811990480445,20.224676315505754,1,NORMAL
1337,171398.8296262078,342.03806179289353,16.42748386627356,209.06897972310654,11,BRUTE_FORCE
4444,219672.31162096869,5.6526743289414,6.358790262335037,145.37623906622923,7,BRUTE_FORCE
22,179524.05138670298,4.44369817955325,239.95979933711533,730.8156897912074,4,C2_BEACON
1337,125436.37879883383,464.8194423836805,30.252260034481512,216.13012426264496,8,BRUTE_FORCE
8080,15507.802430556922,43.70568590483631,195.65125600984325,1659.9511746869866,6,BRUTE_FORCE
8080,95276.64682136326,72.20784977025646,4.177005402223287,1282.981278034203,7,PORTSCAN
53,1929644.6949884724,4350.187966876655,2526.668628879177,41.66628627699689,0,NORMAL
22,15366.33702900392,3.7196806235735482,86.35691659629632,444.92665823361875,7,EXFILTRATION
4444,669943.0991192342,17.803734165997952,124.76506856374459,518.1488517958848,14,PORTSCAN
22,105755.42312589799,8.425675321924558,69.526861845037,514.5095579595963,9,EXFILTRATION
8080,124381.82591583554,35.09452909838853,38.38847025809511,1337.7201758841354,6,BRUTE_FORCE
22,852186.3680807218,41.727456086582094,9.862834641382413,1008.5317281076667,11,BRUTE_FORCE
1337,122729.19242471101,1.8877935947674036,10.931216958674996,385.5095933811185,6,BRUTE_FORCE
53,2417650.634589187,4532.530226156937,31796.00351801506,97.20637092508187,0,NORMAL
53,8272161.865201735,739.9990298450306,628.7318562090608,164.2090074066096,1,NORMAL
25,1271767.6683527604,3634.494781867039,2362.7455912817336,19.549491693078146,1,NORMAL
25,5901300.897531497,444.3919259721337,8708.168003108256,33.06239413145883,0,NORMAL
3389,30473.810287071177,330.99814588246704,104.8563976304331,787.5534973738347,7,EXFILTRATION
443,7243117.24577362,1566.2078329264964,3282.8329948034625,136.3775865573754,0,NORMAL
110,6178845.313685549,11132.641956734145,1108.0081519072367,10.59391122476617,0,NORMAL
8080,248909.26949468852,108.89278976562659,5.557798220459818,244.8093167798572,8,PORTSCAN
25,12928130.121458527,1185.459482051293,1961.3290386404487,0.4269749850997868,1,NORMAL
8080,809184.9174267772,141.26322995240264,23.394863254971273,27.03738720322453,6,BRUTE_FORCE
110,7805221.276493059,811.1667993940293,3462.8288898902438,59.320139489674936,3,NORMAL
25,27896103.062433366,369.5371677525731,2905.617298935447,93.98038720823845,1,NORMAL
1337,132402.69123819328,21.03703798960483,29.25678242056961,397.43752765587965,7,PORTSCAN
22,98473.55518254086,121.79949160140411,16.461989429321537,62.5384866033763,8,PORTSCAN
443,5114973.152087163,719.7254106698883,7800.368004833889,13.105062298534692,2,NORMAL
8080,87492.74609079321,10.557678248885864,135.56508154307474,378.3113020641821,8,PORTSCAN
443,1205721.7986599728,480.6019176489572,1537.8907594512907,122.72081623533428,0,NORMAL
110,2360523.7108317036,71.56424767260418,745.0152958011317,30.564262674952264,1,NORMAL
22,49580.60864609589,2.7705924919309,75.82821185214718,100.03562554464587,10,PORTSCAN
53,7800016.471171269,748.6179724964632,20567.141087976972,81.69302750001702,1,NORMAL
1337,83513.29461039469,211.0764916781481,12.852137497913128,214.62915910232215,6,PORTSCAN
110,1310038.0831543468,111.80556830009343,5245.681699769263,51.60458277626676,1,NORMAL
443,3654885.8681878634,1098.5902446907362,532.9901623759715,0.7644635840668415,2,NORMAL
53,2312020.381165006,4701.328838144807,11275.745748380754,50.59123816577351,1,NORMAL
4444,160095.9551078152,43.443781885452296,60.086181145636644,56.01813658962762,10,BRUTE_FORCE
8080,178590.83224905594,0.4345399906069188,202.40247609711764,54.159562715147295,10,C2_BEACON
443,1067562.3872149761,1391.071428063194,370.89826945404315,15.101027397399086,2,NORMAL
110,2765136.783607048,2269.1742086043955,1471.3948726709434,15.980765956962909,0,NORMAL
8080,187359.5312774459,21.043869714100303,57.58028757217044,513.6506161638499,8,BRUTE_FORCE
53,6502038.988286688,1077.1479410574955,5507.830623861576,44.208794531142374,1,NORMAL
80,351020.14371716056,1096.1083059592004,38916.140078437136,6.207578112709371,0,NORMAL
3389,106140.622126249,167.89363563089813,725.1679570656323,80.42362593925304,8,C2_BEACON
443,2929893.426936954,3178.5191853713227,2337.450500339846,19.392706741765025,0,NORMAL
1337,314252.7725356649,1.667765386756742,17.434796546137513,31.81064119512326,7,C2_BEACON
53,2788420.3958921568,665.2264903017024,155.62931807248606,210.3046832081219,0,NORMAL
80,4078706.631177119,9832.510284627526,7393.402173846512,117.02991440562978,1,NORMAL
80,11210940.73308942,4700.392701536682,1002.0896963689635,78.26277425339964,0,NORMAL
22,142754.21638335488,14.461037732032333,96.19236119660177,416.6534636365614,7,PORTSCAN
3389,7370.571714317327,40.165391879153184,45.20951479825986,312.8626156846615,15,C2_BEACON
80,7273450.973382179,682.9041700608395,2735.575651362752,57.22665964683949,2,NORMAL
3389,55758.97988861013,34.907842474169165,43.595600349618444,357.0932116051041,10,EXFILTRATION
443,8176836.171509489,1730.829362893695,2799.1267161330393,39.35680304521372,2,NORMAL
80,8332808.3895123275,639.8380913947441,27697.821752225515,79.33080954655473,3,NORMAL
8080,471411.7725419941,12878.544657978982,32.55459731378846,350.22314576503754,6,BRUTE_FORCE
25,6030066.029224481,4307.419314443879,1694.2241795506538,79.64339134847435,1,NORMAL
53,3306329.560065953,322.14447058602343,1958.699288439198,53.72132395950976,2,NORMAL
4444,144905.61290111966,1.4042278505803176,0.9268350558334549,723.5053322593532,11,BRUTE_FORCE
8080,415416.722518711,2.9047521263998544,5.725859465244131,160.67139632193187,3,C2_BEACON
443,19133969.282322004,131.6191842022691,4399.469168442588,137.14711275799283,0,NORMAL
3389,12784.061007340022,513.7712129534937,72.5458237943408,252.26055679749743,6,C2_BEACON
4444,178605.9780470704,22.050740296315478,18.4575254461607,606.2296661193534,7,PORTSCAN
3389,113128.72534211246,386.42328182826213,19.283216628407168,133.79164279850565,15,PORTSCAN
53,17261447.181381308,2069.5780224674427,1699.7739650087863,34.33751008933666,1,NORMAL
1337,44108.894207943355,491.9293576915455,2.0495161440763203,57.38022278420185,8,BRUTE_FORCE
4444,79673.69376773013,75.06569341630968,6.956295573678578,245.71233078057398,5,EXFILTRATION
4444,85480.37789248169,737.3531296648243,4.478989119104167,517.0082282919105,7,C2_BEACON
22,55417.27809437268,244.61473118415987,11.855309975018702,295.9646535723002,3,PORTSCAN
3389,117983.4234362373,1587.3644786386444,85.61199154996945,169.06028815051985,6,EXFILTRATION
53,15889591.575419182,3382.5781017345366,5069.892609625008,95.31718810013028,2,NORMAL
53,7463489.077781294,1655.0156089630186,718.3645750790283,39.07598934497685,0,NORMAL
443,1395045.915051384,3856.8771733547655,17860.228905290605,20.220123635772648,0,NORMAL
25,4207719.535815295,1191.4327496264457,4439.7649475319895,18.69016023424988,0,NORMAL
1337,172042.3132240505,866.5138797858091,6.0566531416184395,355.8739928508041,10,PORTSCAN
443,4533467.781591341,793.212493108192,568.8270749641813,60.68785878798779,3,NORMAL
80,1070153.4770501978,291.8822388041923,1105.6739628399832,6.76607963607413,0,NORMAL
80,46039.06136992443,3220.5056907211065,3414.519344119879,21.818233193800676,4,NORMAL
4444,34364.58355749757,2511.732660242535,40.901198980295455,1099.031925429306,7,EXFILTRATION
3389,54280.26126675507,33.03312308090301,7.042145310597161,122.6745094965591,10,BRUTE_FORCE
8080,134538.75288455578,1267.1412661886357,1.731513492191419,453.75447714215466,12,EXFILTRATION
80,3813069.7525263852,735.0072320578133,6772.552573490338,57.53550763942857,1,NORMAL
80,15151867.706575032,532.1000636222876,17011.596767827752,0.8589082261571285,0,NORMAL
110,374766.49081804894,8396.174435253086,15479.929602614391,59.277993306700196,0,NORMAL
443,2497536.5458422513,5156.473635205537,3997.1837895442627,74.4049845371918,0,NORMAL
3389,281597.1348279923,46.03810940074646,21.904958744574156,27.060724981156586,5,BRUTE_FORCE
110,11384456.046852656,839.5470448335019,1685.1534363369685,4.163613406277779,0,NORMAL
4444,214558.32907120907,27.759789411289947,60.541944007528116,452.8942803714425,10,BRUTE_FORCE
110,2060545.6294829503,888.4381732596933,6994.845713760553,30.26646107718072,0,NORMAL
1337,205949.0655878982,13.823562070588578,11.734083648586804,872.9783170003742,12,PORTSCAN
443,1286327.5910884154,1239.8292006560885,4037.7867594402687,143.20494277162007,1,NORMAL
443,19630.359475714427,591.5311194577158,7035.548132407984,91.66444951194843,1,NORMAL
53,9825370.20689442,4206.072423619554,4547.940602037556,310.2981216928574,3,NORMAL
443,3527514.5224803197,2431.685749148578,4520.384593487691,24.474037144691852,1,NORMAL
3389,289665.41501967306,344.23490624705676,196.92553076541546,6.390037574751746,8,PORTSCAN
25,1453847.0139077937,514.9119836601202,5060.613509259427,94.015116082576,1,NORMAL
53,1543422.7649102688,2211.41949512756,2174.643043327334,6.845893964199718,0,NORMAL
110,1576179.312837477,1686.048617781482,4456.644286503899,67.27890899083027,2,NORMAL
1337,745193.0229800524,80.72646590135022,104.62947442183957,117.5114845500169,7,C2_BEACON
3389,16467.990633238132,31.037847887937122,254.3755259649531,66.68567975497265,6,BRUTE_FORCE
22,60039.398308209944,30.02997270263297,1.156631725290128,1126.3533490726684,11,C2_BEACON
1337,50104.896525791264,10.628949716412134,202.7581575789516,44.50015944162469,6,EXFILTRATION
25,4799984.726871559,577.2485038353215,623.4048745474855,29.166711563628645,1,NORMAL
25,24690734.871447746,362.53814939433994,2873.5064509437566,51.514079969430206,1,NORMAL
8080,501966.56133209576,357.10256051793175,105.7140078378889,698.3704741051611,7,C2_BEACON
25,3445263.7965942505,2498.4434190551365,942.2976470683122,5.105475193895459,2,NORMAL
3389,16341.602154792978,53.70456789931231,8.405389648306874,130.26429268412136,11,C2_BEACON
8080,23520.655056035786,44.8616558862921,31.251553471189897,548.4293471964285,6,PORTSCAN
25,488160.1169356458,1266.8053302211326,30708.68844746064,3.3362617807362542,4,NORMAL
443,268421.1074731425,692.5598783414589,10223.101529085465,17.5483477179595,0,NORMAL
25,20233853.474649187,855.8711857845384,2430.355841193814,8.886534299075755,0,NORMAL
25,2807111.0979301035,1551.1067947809847,3444.2028203734417,9.365909147767542,0,NORMAL
22,127177.71636208077,14.865320663143011,0.18914291896664007,229.13262114965747,12,PORTSCAN
4444,249629.57140858038,147.961014101289,136.92876482746416,524.7905188502572,11,PORTSCAN
4444,116444.36423672255,52.555681328359874,14.56317845768514,1540.391098218415,10,C2_BEACON
53,2940094.9690668094,577.5731324198741,17920.08103790409,7.046276911788331,2,NORMAL
3389,105101.27833388964,68.36722397608193,30.014301800654284,298.7303036098933,7,BRUTE_FORCE
1337,111738.09418768565,2.579995246248537,7.315674037395944,1323.393273846251,10,EXFILTRATION
443,442237.0575215551,1732.3338281034144,2605.2488549874206,75.2156165250979,1,NORMAL
3389,375580.90852437756,86.64158055745683,1.3199851800271545,570.541970171144,8,C2_BEACON
25,6412980.47170358,1550.8012600506752,11404.94438171747,68.68805653908554,1,NORMAL
80,1327565.1870097746,886.7368794188199,1054.468312015105,3.7152717718512385,0,NORMAL
8080,129974.81921098924,256.9753571325719,8.94968890776832,1102.4334242158754,6,EXFILTRATION
110,5848407.786432919,695.6032252522904,747.016888110583,131.30350414633395,3,NORMAL
110,9404515.398126733,1295.284022626066,3125.116701624441,4.470823853518532,0,NORMAL
3389,128243.04992464888,15.15176613110499,24.81447447857637,98.30532308259411,7,PORTSCAN
80,1875974.26110966,358.0776125653463,1578.5564948394535,156.87228722926176,0,NORMAL
22,207959.40263878912,23.101871072044176,12.246297371561479,621.8169497784037,6,EXFILTRATION
443,1680190.133763775,1543.4167717405285,1593.2940029789463,13.884556976131709,2,NORMAL
443,2922157.6118598264,1739.3592622717297,431.80495468665106,30.80302927506025,1,NORMAL
8080,5956.6585290629455,457.78637268003513,0.4084190547997013,333.92757714462846,10,PORTSCAN
110,357426.3499005983,2226.678338427052,5099.325503590471,94.12609389114756,2,NORMAL
110,1408198.2405382993,200.21118818280823,9024.55749469374,222.85773794513705,1,NORMAL
4444,899636.2929497791,905.6062234920954,67.28836321872133,302.2196058804449,5,C2_BEACON
443,2125274.07889435,14476.64439910966,21126.144283914313,78.02589054144309,0,NORMAL
25,3067232.4616451734,168.50984393570332,12543.855813263977,134.1071770031756,0,NORMAL
25,8625347.27349106,792.4600334496995,5184.734499202399,42.3058456090993,0,NORMAL
443,2054312.5878339505,262.141873006781,5439.807233308913,38.97122254039927,3,NORMAL
110,3356448.295112079,366.5478929049961,13023.017741336162,107.65890945755991,0,NORMAL
8080,8312.573297153644,36.04980087243485,6.899396175716794,149.58954508603534,11,BRUTE_FORCE
443,12450510.926500654,329.4183396857053,381.26997158883717,111.75330098994208,2,NORMAL
25,2336860.761356089,7506.416653924799,3079.7774017813695,16.58316561021414,1,NORMAL
25,563736.5377439869,8754.677776841527,6261.373637078083,142.02653893502367,1,NORMAL
53,8157763.61434474,1107.6779339692137,76194.1344857612,53.60880311925755,3,NORMAL
53,9176762.452057565,4023.3543275724915,2063.3544483059663,14.925724009119914,0,NORMAL
8080,105343.63689208066,162.47281433319642,4.394611050247682,64.53341538538403,10,C2_BEACON
22,62721.29026049371,26.088043639157437,39.58029170918207,650.9072877937656,8,EXFILTRATION
25,9618787.577866014,339.042908695624,5489.08029757254,44.227898586494014,1,NORMAL
3389,867391.6950595711,3.63789667167362,9.63827267071629,358.0619789425241,13,EXFILTRATION
110,851645.6605443072,126.30455753452001,1424.5672202845444,66.87275013014975,3,NORMAL
22,1182716.3963237335,14.156952642054797,19.43644110206417,618.871804029442,9,EXFILTRATION
80,5642529.664908359,287.2953077070744,3190.1053149189734,6.483350019764934,1,NORMAL
110,16358548.756225146,103.04281971297624,3381.555756102482,26.408385908157655,2,NORMAL
8080,183436.00082349026,1102.459027472504,0.689881886771259,293.25463139641374,11,PORTSCAN
80,203053.45577177627,11448.61638447056,7038.0927718186895,6.939095793872721,2,NORMAL
53,1705192.9070598753,1885.9802795508087,90319.84417907757,12.334577807172984,1,NORMAL
25,11131563.624954376,924.9837853697833,12866.705088673725,38.07424599850028,0,NORMAL
22,735280.1187468331,223.5466315419163,370.90732370539257,482.6945529417886,7,BRUTE_FORCE
53,14500727.528731281,1371.3127374282003,1414.6511483942495,26.093099212250735,0,NORMAL
22,7682.456489868791,14.70695187817785,12.81645439243821,6.673764196557884,8,C2_BEACON
3389,25421.91065511084,9.44935128707269,107.04291118924449,542.8765790415067,5,EXFILTRATION
25,251230.5037537511,962.1779437495991,2800.905311578857,287.4014589307197,1,NORMAL
80,2534458.4071430387,1544.4928440673878,16613.371868541948,1.7768831551904174,1,NORMAL
4444,458031.20508251124,80.45505441877432,2.1700298538729688,379.4249304051298,10,C2_BEACON
80,2418331.6826514886,13402.168361975026,866.0008656974858,51.34541557835621,0,NORMAL
443,17035908.805984925,3635.0151921719726,600.0468801933018,38.56244379066823,3,NORMAL
3389,32409.476177660075,56.04789071219336,5.161447843185184,73.99844522185884,9,PORTSCAN
3389,63751.67830310762,202.58736255112612,69.03727206299025,1003.9461498412007,10,PORTSCAN
22,309995.689442766,49.21905585528051,24.892292709983664,214.32683427298718,7,C2_BEACON
53,169989.84934238973,1465.6995259958883,6441.683542981873,25.734252800048257,1,NORMAL
443,2521356.397723325,2953.395624790443,2025.5278966265598,65.92246236463892,1,NORMAL
53,4855459.069381825,2309.0383045926465,1332.1463398785572,176.12868413907697,1,NORMAL
1337,175640.6721837656,477.47823303058243,1.2477165977579985,924.4924831082901,6,EXFILTRATION
53,3172545.678807437,527.2635140673368,213.6340460551028,25.13009482232635,2,NORMAL
53,4659771.871305962,563.9514181161762,3039.498821258072,28.489122675750643,1,NORMAL
22,206534.70892917705,8.55243719228798,2.157351379934374,206.30968457066496,9,PORTSCAN
4444,175072.77098558823,160.08135380966198,46.86907042693721,1612.8625890881506,11,PORTSCAN
4444,258411.00102887035,224.43519725498848,13.08824922808469,94.17176505390812,8,PORTSCAN
25,265346.35203115316,613.0332873165742,7438.887957927018,59.34547972682341,3,NORMAL
4444,109956.47367372172,174.20395117364288,1.235572943381272,700.2780499582749,11,EXFILTRATION
22,482912.0038665796,340.4359118289177,8.039652594062918,641.9086834841836,9,EXFILTRATION
25,9554350.962767268,2884.0667565474946,16702.391895402634,40.851648525346725,2,NORMAL
3389,48206.606737261995,132.06906733196635,91.41427817354939,135.89605755523408,6,C2_BEACON
25,6141811.256774968,1006.0458256845628,2259.6862123090314,182.4408299508662,0,NORMAL
25,1037254.0901671199,1609.1397764606425,18486.51835013559,64.4720064720327,0,NORMAL
8080,175249.64467504303,26.12009870731299,4.563957578550395,340.30620930891916,8,BRUTE_FORCE
4444,77434.65660378007,16.899739751098828,6.297603858168117,575.4154473920422,8,C2_BEACON
1337,101124.8518839594,200.72008834955565,2836.2314382313193,2021.9073585322396,6,PORTSCAN
110,477250.6801886375,56.443883446858905,805.553292687584,4.967513239868455,1,NORMAL
25,2084870.215114887,1925.3335038265716,14936.267547019843,14.349441948466854,1,NORMAL
443,3980029.7137668184,2251.087397781653,395.12223733865574,127.85872992658054,0,NORMAL
1337,17370.777780620614,15.160427021176913,49.20128616368914,505.59789979061986,12,EXFILTRATION
25,3927503.5411896235,1544.1449094080635,36443.44627902512,29.348326492431305,1,NORMAL
25,1137863.744230151,209.42394445669,3133.8496522891487,91.70193235485662,1,NORMAL
80,5690173.761392099,1027.7513701649946,1581.3005701191898,25.51427935076035,0,NORMAL
3389,21804.892327021287,2.23189918657224,1.8711072262523338,98.04485635825888,5,EXFILTRATION
8080,394540.58780727396,378.6784878993836,13.743230999670573,0.31497438371991704,9,EXFILTRATION
443,2650135.0791654517,354.5805629662135,6088.693396447897,45.37219770190427,1,NORMAL
53,706144.9172058736,2787.9632929891577,3641.5052211107795,15.837308335654033,0,NORMAL
443,6165009.603393448,941.1899775275748,3330.4334870672524,22.52839214505543,1,NORMAL
3389,447116.53104947595,23.665434715262723,3.310787986236789,196.71945078875612,9,C2_BEACON
8080,83592.71328298388,4169.0698870271835,1.5317439168316824,128.37559549129543,5,BRUTE_FORCE
4444,119524.68582263919,24.608773521368427,5.604772880714142,383.9678649893729,8,C2_BEACON
4444,227115.04521151213,278.7639085228198,0.5023744631451532,262.3861548008302,7,C2_BEACON
443,4377338.606634291,3876.071450662296,3834.9484161233363,40.75122958044414,2,NORMAL
3389,65371.49994308318,149.35871771469203,309.843894722567,376.06934733176513,5,EXFILTRATION
3389,335953.2275410535,6.594966350536976,275.75431305936115,209.33089382803936,6,BRUTE_FORCE
110,3932405.1441745176,833.2687762053031,3350.620433420794,86.83860663630382,2,NORMAL
8080,609439.456619382,2.18650122276848,0.4018327767099157,570.8107006508569,8,EXFILTRATION
25,6168134.744162452,789.720477822925,267.4523948093902,6.882728704764453,2,NORMAL
4444,145594.56576854855,19.862249498551634,186.47976488886604,174.7328080180038,2,PORTSCAN
4444,110719.53361062169,11.561408227405478,7092.5909245823395,9.046104764064458,5,BRUTE_FORCE
53,3320424.1012890916,741.2436550635697,4158.9986758937375,5.988966135773167,1,NORMAL
25,81665.29251670322,77.33695679088247,7923.761625374054,36.748839793660544,0,NORMAL
443,35609.16324120354,1236.6959658887602,2958.149245529993,46.7013850840713,4,NORMAL
8080,27946.905466409742,10.436259196057735,22.733925923232693,174.8607715819797,10,PORTSCAN
3389,111825.6686320404,12.258664449095193,1786.1602699916164,8.90600588815515,2,BRUTE_FORCE
443,4433665.272312192,506.46635152130153,4320.533038430654,63.33534128713198,2,NORMAL
8080,2803.457685832337,58.871947117749215,439.6234954092465,562.3206579680995,6,C2_BEACON
80,3444472.9832738917,1133.2709473670716,12652.51290328011,6.41572130199234,0,NORMAL
3389,32476.69804092863,101.40465217244498,248.56054834719583,512.338899715294,7,PORTSCAN
110,2022504.2135026192,640.1886316786623,3091.2795062084106,54.90513206366566,0,NORMAL
1337,220170.79895270287,152.3016785372407,0.4201886599346143,390.58727526300015,7,PORTSCAN
110,1666935.3351712122,947.0654709965626,768.6358396964914,14.038163560368409,1,NORMAL
110,1386569.6764311988,5867.826624940888,1048.618277992963,29.686172711996754,0,NORMAL
8080,337666.2518357368,16.64852930560918,8.43977936276969,213.49689471627266,7,C2_BEACON
80,1984258.753440845,885.8674220642358,7200.874665190718,127.80842500390837,0,NORMAL
443,28312687.518027227,2579.1147728685646,1769.2624401625485,20.805076989301842,1,NORMAL
80,5825646.375692252,1981.4239233979565,643644.028335126,37.27522500431772,0,NORMAL
1337,34582.9800657761,1572.0299887253734,22.067523340178063,126.67374495793176,5,PORTSCAN
80,1045169.3535511438,762.9132833720383,161.46584638096536,21.722771739102807,1,NORMAL
25,1694192.9079601422,634.4815515227716,15679.491981918094,23.157532679929286,0,NORMAL
443,12483718.83853331,266.26070774199314,6533.324028401532,32.09478408277499,1,NORMAL
22,662598.8738112687,44.37229164862946,20.520411123457134,865.286611083824,6,C2_BEACON
8080,64408.414960455695,495.15224613776235,67.24604312142104,291.44740871572577,14,EXFILTRATION
80,209207.4777258201,1313.3530033265224,812.0817398102675,22.346854202591878,1,NORMAL
8080,35665.80077387036,355.00390278442717,88.74900545826634,598.2411293351329,15,EXFILTRATION
110,2066634.864463626,1259.7077499151515,1860.6650509977917,33.75969979821494,2,NORMAL
25,6372263.709960044,667.2226996069539,4185.551657936964,1.1807671477569042,2,NORMAL
8080,66785.17575748675,94.19275300236684,54.21156127168325,114.84279404738282,7,BRUTE_FORCE
4444,44044.349627298165,98.82014920824587,53.48169883821719,84.19667432207062,8,BRUTE_FORCE
8080,19214.203635458576,31.91321797727599,107.84885564510823,772.0157098996381,9,PORTSCAN
1337,85038.56695694775,2.0098073801133336,167.3932554237403,884.3840227050982,10,EXFILTRATION
80,187019.12957678636,389.1784860395638,28651.074327520993,15.178485127508285,3,NORMAL
443,1298199.7778458232,7987.845964720497,3037.9606425914562,59.77138062735081,1,NORMAL
4444,14563.060161201136,16.968548806358502,37.396646453952116,576.4101873686462,4,C2_BEACON
22,240102.68731380143,291.70317898514463,55.09696764544472,160.14296312532795,10,EXFILTRATION
1337,130861.84246450446,1436.3472154581323,11.124058864627731,136.83693845991598,9,BRUTE_FORCE
443,532518.3245271045,413.42125639119183,9877.013643958288,26.002863329907417,0,NORMAL
110,147127.28899168147,8248.410657343478,10836.917703213343,73.44384912709288,1,NORMAL
8080,204743.98830202877,23.04119558649087,248.04309439561771,694.2371743949134,14,EXFILTRATION
4444,79985.93968864341,107.42182755325898,226.49273354770355,22.77659787880741,9,PORTSCAN
1337,151449.66057514143,3.2900976066432563,66.6602119879447,205.22478099827546,7,PORTSCAN
443,1458626.7837357859,138.18907010139964,953.1925829062471,145.3567513137517,0,NORMAL
53,8912570.702028157,811.6463429349295,826.3966388689665,1.9986064343468093,2,NORMAL
110,7211371.622209645,2512.663035512587,512.632522602189,5.640878314217872,0,NORMAL
3389,245804.99699928463,55.46968635569351,25.52399404018914,16.01858453971215,9,BRUTE_FORCE
3389,52522.831262452884,13.334467632163904,149.09200590089395,824.1306273132714,9,BRUTE_FORCE
80,270929.2223847981,1261.4058050919575,3618.5048660893603,8.928004515850395,2,NORMAL
8080,94024.73481151907,255.01119167961588,1024.2539629645778,429.1928981983542,4,C2_BEACON
1337,111408.76077152549,44.5435818808206,0.6927680735931406,172.38052463676777,10,BRUTE_FORCE
3389,570724.518986168,53.727454686968926,324.87504299024454,270.5223063473553,7,BRUTE_FORCE
4444,98094.40851253447,18.70399808721235,2.603258920207141,2100.024344220955,4,EXFILTRATION
80,11053874.284050591,1260.9890775817853,4433.906209051283,69.12619634911336,2,NORMAL
443,19303645.57068606,407.2294462611913,1230.6355082732955,23.84062745185061,0,NORMAL
1337,202645.97483013995,175.94893076538023,0.4550068265829975,206.92244007708888,8,C2_BEACON
53,4058198.9992946186,792.6488612107263,8530.942230629262,56.19728769757288,1,NORMAL
110,475515.8612724009,5502.612016591556,5723.781423275847,7.832278680558584,1,NORMAL
80,7156583.803128508,1811.4813839723313,10243.90792476506,28.38908247890463,1,NORMAL
8080,27884.905877831716,14.777161593553716,2.796365576009638,135.5453739210096,8,PORTSCAN
25,3467715.649915719,824.2372182408213,57274.823547929016,58.23632551019767,0,NORMAL
80,996265.7002461487,678.6023784548653,3237.0472529521894,34.39444350856187,0,NORMAL
22,148655.58956601436,11.34829901409826,11.066903555923755,192.61729044033456,6,EXFILTRATION
4444,488524.667104758,133.79473541071408,1.860599589401889,202.9912176036987,6,PORTSCAN
110,2419031.373055699,740.4615896812379,3016.270726343011,49.33882285224862,0,NORMAL
80,1381071.7531501155,1015.4981842631487,6201.385409275572,36.00417235263426,2,NORMAL
443,1123068.3588651735,3836.6173629400214,12924.53334618077,74.58066599204051,1,NORMAL
53,2512553.6967173447,775.3000447866358,6138.425067192398,8.495444740430228,1,NORMAL
80,7265528.8169122515,517.4085426674794,5861.056946111534,105.72279109567093,0,NORMAL
80,15643024.975021768,851.4264837127841,5568.1231570688615,14.306267949018231,1,NORMAL
80,26073795.015917618,3528.331461103225,1765.9636024848105,60.302369432714464,1,NORMAL
22,37119.92612875931,179.6052283263042,4.711855985848913,1076.9019267995607,8,BRUTE_FORCE
80,498909.8305246055,12738.31822389367,7013.772678677162,60.24606804806136,1,NORMAL
80,1042704.7001080515,751.8798963317522,7263.753279747198,16.88674075838918,1,NORMAL
4444,24960.08235936719,55.744168866345966,6.610879319139098,120.27047126218365,4,C2_BEACON
25,4665777.266000574,3600.4216449865985,3930.9657030856115,73.0804578998118,0,NORMAL
110,3619754.178929614,3002.8116862429556,1063.2730581318885,43.033005286783016,0,NORMAL
25,924120.0570057447,1801.9678829007412,55834.44782338189,115.23762319261894,1,NORMAL
25,7616342.952561237,380.6398181115776,1798.8083961037426,38.55753628267854,1,NORMAL
80,382048.0787604074,3779.9444462014735,658.5525612731088,151.0255837761179,0,NORMAL
53,2556877.778177016,1526.7048948270592,1312.0784422069455,16.094350640918936,1,NORMAL
80,1614285.5828953257,1139.739684956729,3282.5751076541305,130.846692970373,0,NORMAL
25,868166.3560918025,541.5644349042464,55446.95900003594,89.80175470137407,0,NORMAL
22,314587.10204858053,9.365006880982254,37.66445269472782,154.68482691172676,8,C2_BEACON
110,233284.2856698219,585.5662135684717,2532.4749431652926,81.11186606950986,1,NORMAL
3389,24242.861546071974,11.02372604783651,25.834365645770756,503.1945436970441,11,C2_BEACON
25,2027584.3331122866,6671.959528289045,1308.6170455576685,24.897134036411526,0,NORMAL
1337,128574.91648216077,2.829992426931723,18.824300529260928,694.8685672424126,10,BRUTE_FORCE
8080,79004.1882133544,25.423367714385545,4.239773265378156,222.0753239501774,5,PORTSCAN
25,17339040.734524745,302.02202049892696,498.7358288323745,112.75551632739058,1,NORMAL
443,600924.0034054829,769.8079261558322,5281.345682953991,49.55607364101579,1,NORMAL
110,473856.00325257384,512.9599992772582,1965.755357466742,36.73165813229127,2,NORMAL
443,1943538.0271816012,1660.3512611683,911.0249748437454,9.285661596549177,1,NORMAL
1337,821383.5977575784,437.6877318023605,1009.5502758956121,1188.8823590166187,5,PORTSCAN
80,1597408.5897829628,842.8919089884088,5684.965892356374,14.562703017744733,1,NORMAL
53,14740916.904268408,897.2322809203293,14796.198086770935,62.37059769611167,1,NORMAL
443,2271390.9845272894,1468.8946470713172,10008.139060014646,14.063767989514783,2,NORMAL
22,1121376.9666903846,101.59240303347195,36.310299391664586,252.30064770701478,12,C2_BEACON
443,9754635.990236143,2111.6684075816206,2417.1555964356944,25.643818002833434,3,NORMAL
3389,462768.7121689,324.5552366903401,7.334478602807313,250.8786450104481,5,C2_BEACON
25,4320690.049043237,6077.232481918545,625.8544997282011,2.7348109875149755,2,NORMAL
4444,38789.41601132066,9.970809985354089,3.458023569867106,324.9882417196069,11,PORTSCAN
443,13783051.799304849,990.1900962485902,10940.844075631792,2.9516463514186912,0,NORMAL
80,8178252.330108548,688.78147200135,3035.224620031774,25.575020670102212,0,NORMAL
3389,144515.72456411278,865.9158649484616,54.4322402082143,1119.4122974713969,12,EXFILTRATION
53,113807.07084717488,2705.5436932420994,36487.55761344245,26.439990775925715,0,NORMAL
4444,146539.92789968778,778.2779360785364,4.737058959688726,37.922596352873605,13,PORTSCAN
3389,192020.92965088057,24.529799760241318,6.2526268780865255,164.36025379577922,9,C2_BEACON
25,4199758.405261743,840.5697416626268,7074.618652036324,44.10740388071631,0,NORMAL
4444,171346.246829498,1.9313826019084732,17347.93881648576,174.55882236622796,5,C2_BEACON
3389,150826.06476371415,1.2257553874306564,227.91248798132543,777.5342607903327,3,EXFILTRATION
8080,433158.4688585705,758.2922358598497,124.62924933398428,1086.3177451884842,8,C2_BEACON
22,82626.0872998488,4.14707377824788,61.783320614094144,396.425720294871,6,EXFILTRATION
53,4034135.8294895426,3550.394693602266,1982.6995378039876,1.2844465169927797,0,NORMAL
110,5558684.917512197,4081.5274637392627,11993.246934173976,139.6572162352733,2,NORMAL
1337,52354.59902569619,7.054996226501415,184.49173861074675,690.6229487775366,9,C2_BEACON
22,177740.61671904905,677.4664685159127,0.719901138740901,422.4858887416391,5,PORTSCAN
8080,580839.8901072775,6.15997660634903,130.46830212727622,1592.7168755156865,5,EXFILTRATION
25,3255502.0331688793,1144.8523701643146,5520.510644784606,20.226645781658593,1,NORMAL
110,6766760.571219642,10446.665430608957,14856.95537944722,106.58107315793639,2,NORMAL
1337,230240.9642660741,12.950392598997256,1.1450704869758994,1617.577569478563,11,EXFILTRATION
80,130397.71963020973,495.38776317612616,3317.85558221373,37.68372652700905,0,NORMAL
4444,149246.00623832754,38.32782909366416,2.56222232133675,193.26760377613613,5,C2_BEACON
8080,7351.473872246167,87.79178958808681,41.257869361474135,418.8491230945443,11,C2_BEACON
53,578622.6593451505,2696.099496923613,3043.195821462858,9.68445364905791,1,NORMAL
110,446355.9201065018,305.68751768557576,170.76107934443684,44.69576694599045,0,NORMAL
1337,203930.70551906168,5.494574041584351,0.9208171062130502,121.6996669330848,8,BRUTE_FORCE
8080,107771.49944943523,28.480432997162396,29.672229134381944,500.01229282722835,8,EXFILTRATION
53,1343097.5135715876,3171.0455721998073,14023.789121844342,28.658929419107853,1,NORMAL
53,5745365.046445831,1425.1275170645415,518.671954028519,35.593497315594725,1,NORMAL
8080,101497.17058371336,0.8333934655493466,142.37967949219092,309.19511719632226,4,PORTSCAN
1337,122505.92554853894,2.610808112033623,50.60777748902634,692.4188102970726,7,PORTSCAN
1337,210604.2346880408,35.55055995220316,274.8587105194159,456.83551617149334,5,C2_BEACON
53,3702851.970246773,624.0008110574518,5029.800441653369,5.403692435726376,1,NORMAL
25,1191801.4384206752,555.8814294271737,17716.645510756865,23.691837146318516,1,NORMAL
3389,420291.5743449136,339.26585981938524,1.6547745561116995,2246.6749442007967,12,PORTSCAN
443,3009362.9376171925,377.12099101672754,2161.0746394196267,4.023574592547955,1,NORMAL
22,79288.01779498372,16.63166791924526,1419.9127333900524,1623.0249641629653,7,C2_BEACON
110,2528273.3568136105,29370.94464826004,1128.0969196924173,37.265418462836905,2,NORMAL
4444,224336.48774539022,19.151955136768336,3.269538548928077,2057.0100011023055,10,EXFILTRATION
22,175846.73730960992,14.62413587026402,5.743033669062927,155.90231537278896,4,BRUTE_FORCE
8080,176790.75393321796,5.507536948542753,0.12141665868774015,550.1502706791379,4,BRUTE_FORCE
80,18652708.4919955,850.132325125386,11733.42767399997,11.35805512257363,1,NORMAL
110,1092610.6223277317,1387.7732943298097,3874.9291844835,78.80975634633126,2,NORMAL
443,2190953.659796779,2366.4252906884617,4220.637130350125,50.71084058741137,0,NORMAL
80,2120026.4949748577,1271.332369083651,1629.407799083254,117.47912657575321,1,NORMAL
8080,90894.96683548013,21.944430714393828,11.408924809551227,413.8486861860925,5,PORTSCAN
443,3338201.7593608564,2328.2939812721443,888.7556045986811,196.9367515448558,1,NORMAL
8080,142909.63375715294,30.094887686685446,8.095205162363861,168.81310759789366,5,BRUTE_FORCE
53,886736.1383283446,948.2807210639301,86.09159757398666,15.483591950375212,1,NORMAL
1337,515712.00256962684,7.540304864570603,0.8181256163683057,1271.9828495384616,11,PORTSCAN
4444,336333.6737204853,35.404861659245256,182.0632518541238,48.618995454063615,9,BRUTE_FORCE
110,5803859.73224111,402.098936495671,431.72820813325876,2.664619361356745,1,NORMAL
53,6192360.027795475,1821.8574251933924,421.976300752156,90.16621545190304,2,NORMAL
53,16140437.439062418,8557.08513390274,45029.92600256641,141.50998313927767,0,NORMAL
1337,172503.58966856086,10.072504346585342,19.031621536030375,216.7104868495813,8,EXFILTRATION
4444,141799.7585900182,449.3282021761267,70.06836991685111,549.5892051660819,11,EXFILTRATION
8080,141703.0921579342,278.40004005251024,80.97388602964767,64.47390586175491,11,BRUTE_FORCE
3389,157870.2625593019,24.057159511008727,172.0680410273124,296.9732530550541,6,BRUTE_FORCE
3389,10603.458582025,101.99592091494635,153.91785542659613,131.50304332172652,5,PORTSCAN
25,5793263.172009636,874.3428080264888,8375.71834414089,51.02341311731481,5,NORMAL
1337,54468.849057278094,1.8810999250675857,19.611257335119703,934.0791039579549,4,PORTSCAN
4444,247663.33204562293,8.141874099069373,41.6811112459259,128.50825342466868,11,C2_BEACON
22,33818.59811603716,7.376193319587335,233.03450805241133,45.687438909254176,7,PORTSCAN
443,2948602.9991851915,10039.97539511134,4534.997034236731,88.12042488448813,1,NORMAL
443,1601107.4535768242,4118.897965617641,1118.8586298861628,8.708354034582666,2,NORMAL
4444,313861.628766494,0.40427711442126,23.799506646260106,18.508592637331116,9,BRUTE_FORCE
443,17887312.01398587,206.70365262097525,2218.2010951229468,159.11305666462118,1,NORMAL
53,4155344.844754279,785.6518214484863,4535.530697468099,94.7832850568751,1,NORMAL
25,14823606.179302722,11488.577478788844,4340.514205610462,20.613696465829985,2,NORMAL
8080,249182.9219501323,117.88040472355507,15.38095918030201,358.4267382870697,9,EXFILTRATION
110,641709.2083205719,3680.0239987537866,5251.368233058914,77.13997768183938,1,NORMAL
4444,227544.09877316735,53.044329121297274,13.312769872514277,121.9466070727176,11,EXFILTRATION
1337,96043.83617800483,430.7948512075542,0.1777924137952632,336.37898241498067,3,EXFILTRATION
4444,11329.067324063308,232.96693978726248,1.842742104647429,1020.2949880512797,4,C2_BEACON
22,135738.16963690287,53.42966197196163,419.6032692956733,389.15375131863414,11,C2_BEACON
443,2204624.0986930337,1146.615238891092,17165.59667378927,49.09381000528325,1,NORMAL
8080,70785.20322461244,53.131165687341635,697.8337165249212,2606.5167532396836,10,C2_BEACON
53,7954150.81360898,481.61454670060505,3203.359651831492,67.81278037796909,1,NORMAL
3389,294378.83538547537,1195.8057033287673,530.4369084834984,52.83177712665421,6,BRUTE_FORCE
22,94323.49532100036,9612.006029069724,0.7082081054429985,181.49421218834385,7,PORTSCAN
25,14475579.317476619,443.2805151225815,838.2347944753229,22.19151726991607,1,NORMAL
8080,61842.183728704,10.92028340644356,7.796753587983658,10.529379438325867,8,EXFILTRATION
4444,166381.55056392393,7.436201917116828,357.125038786462,60.76397539142635,4,C2_BEACON
80,10080324.189271843,4494.871325792459,4421.683293585227,53.300461648200546,2,NORMAL
53,4537578.94204577,1365.4020244110027,853.5381431249187,1.8984497996741752,1,NORMAL
443,7213101.899608106,381.4615991313071,1791.1782076864145,37.463312809106185,1,NORMAL
3389,207550.11893116654,190.6777598976215,4.251951894799589,28.047026930109283,9,BRUTE_FORCE
110,6095324.536910101,2739.8372621938292,2211.7335330018905,162.8766834379706,0,NORMAL
80,3498044.2095890674,961.8789982594907,1337.3829961754195,76.47392967130612,2,NORMAL
443,3613612.412246386,726.021718851027,3226.3841478824315,210.6215848667881,1,NORMAL
1337,192250.1290680732,37.86680693436371,2.889351069198121,282.78631867580003,11,EXFILTRATION
8080,21277.367706704066,20.036618735442058,17.198293250161715,165.13068850997183,5,BRUTE_FORCE
110,1296612.5165900243,713.3759719942801,10830.753347821337,4.788936090051197,1,NORMAL
22,261735.5357564456,9.256918974172764,18.87620114248335,1148.317832146793,10,PORTSCAN
8080,74213.4588533589,30.36717525160505,1179.98637884734,77.44107571912832,6,BRUTE_FORCE
80,4584597.273639555,4163.990691129536,5662.635730461496,22.82878449890083,3,NORMAL
3389,120189.7192120362,16.08597608781682,7.792959520627024,279.1930910185231,10,EXFILTRATION
443,4223485.484507778,1526.3175161777567,3660.106012590449,4.845969855185794,1,NORMAL
443,1172902.0464797122,793.8006302366092,5299.738059216689,47.40202026530679,1,NORMAL
443,3649859.810873943,2217.944643722069,935.9148946649906,44.26216050351828,0,NORMAL
53,2815296.984773289,1033.9763121586423,3626.0774530422236,73.78268546674092,0,NORMAL
1337,269213.63890449854,33.63843361626037,19.620193819819058,442.96144907893273,7,PORTSCAN
25,2537944.676481306,1043.7063225979705,32206.61634909128,39.81968522675975,0,NORMAL
53,372191.9846375493,6644.39158962523,3412.8354181369077,12.630544649592204,0,NORMAL
3389,87930.43060761169,36.4624497704944,119.00194596388306,51.84283731670587,5,PORTSCAN
25,618039.2868491116,1318.327805302372,186.59773952191134,1.27894654939701,1,NORMAL
25,9725568.323236475,1283.500728209183,3260.231916236313,16.53080732451618,0,NORMAL
8080,60561.31048648543,11.869463286451326,0.7460880402494177,196.62471685172562,10,PORTSCAN
8080,346247.745871822,623.3396375422811,23.262169127291603,43.24057989022334,9,EXFILTRATION
4444,28298.3089497048,15.60722692334561,671.4492789867755,518.4419536521582,8,EXFILTRATION
4444,260809.90205829559,1865.7423523094635,18.047787314152924,247.28447531042306,5,EXFILTRATION
8080,187752.71576482308,89.1577078659983,9.79055179363738,1264.1059721893898,11,EXFILTRATION
1337,61475.01403467064,22.424993131764307,42.65663527357291,33.72973125475643,8,BRUTE_FORCE
3389,361315.44873169845,1.7208841508342763,2.1851120007761553,2834.411219002744,6,C2_BEACON
443,6063883.499640904,186.4388526981966,2577.124687760117,74.2602714592587,2,NORMAL
80,1771050.3086784238,2003.1444227413608,4370.324109597869,13.38679407841503,1,NORMAL
25,1034550.7471411735,1647.2254979081888,17537.424247550254,13.262905796462043,1,NORMAL
1337,108746.11272617722,89.9794100475111,193.96982059171918,104.6263601805349,8,BRUTE_FORCE
25,3722721.7727180202,454.2130198757296,3227.015823655268,77.41916995898265,1,NORMAL
22,921712.3615773419,106.92721881096574,1.7713931535977123,1134.7426354313932,8,C2_BEACON
25,9382902.66937688,1035.5931042737716,6947.786445140745,27.139317373655068,2,NORMAL
110,6104972.341928541,286.2285476681521,3237.602576107295,29.334587459284638,1,NORMAL
3389,31094.64785139493,204.9373022474474,19.53205989437391,713.0972896380591,5,EXFILTRATION
22,953723.7795091951,663.8706355853885,5.873541487194781,708.5732391910185,8,BRUTE_FORCE
8080,380126.14113196987,4.576885773571932,5.988172116230549,400.1960265418656,2,C2_BEACON
53,223213.75867669724,9107.040320384942,2970.4404082241695,15.935859049968315,0,NORMAL
110,9162851.795423051,2390.195941815692,51868.414257294,7.310654749743471,0,NORMAL
3389,28703.599800379336,324.9036119834721,1.1219981499368632,12.339073297173787,12,PORTSCAN
22,1296979.728153444,11.057330378676538,5.432649066727903,728.5070903060774,9,C2_BEACON
80,3878969.0907087014,246.0996341816663,759.6490945417256,31.628832789726797,1,NORMAL
4444,185866.79667308176,5.646591929740039,832.5999800145712,1091.2053327299116,6,BRUTE_FORCE
80,9048333.6502684,1517.4424441018007,12520.596520449122,46.46180633531675,1,NORMAL
25,1646694.390801953,732.6149478933013,14762.606484517331,24.891904343095224,0,NORMAL
110,21845.553176015517,1148.7863004811168,1183.0570306620086,65.25397445613166,1,NORMAL
25,5147764.568383158,4684.088564022145,17550.664172363366,61.71316905648963,2,NORMAL
1337,97797.8890605349,146.95851817376598,0.1967048734194834,465.18610506870493,11,BRUTE_FORCE
1337,91524.02253746917,58.10936269070196,32.478511732354235,1068.4096241778534,5,BRUTE_FORCE
53,8948631.843481459,835.7002198918375,985.9156564197891,29.45734764808484,0,NORMAL
25,852520.8616449735,342.1799100378453,2801.6462582106137,20.9219177403385,3,NORMAL
25,9332306.53375266,263.3149355071766,2194.5946498257513,72.24779258113371,0,NORMAL
25,11032438.677425304,2178.8832344594985,210.8069785498369,10.070734943648944,0,NORMAL
443,3213771.943366735,728.2609449091341,1577.966855070894,64.50970772333737,2,NORMAL
443,5385569.647955132,1018.0605454477613,31307.74463490775,3.267157217963848,1,NORMAL
80,5493346.229838425,970.2599354143497,5320.142207265129,92.24557119816305,0,NORMAL
80,11225892.653570045,2881.670171008965,7756.784128016622,95.606543132511,0,NORMAL
25,2407333.3535811165,502.6309075847736,967.2489513134451,34.35855092315566,0,NORMAL
443,7902662.679606205,315.7180044032402,13874.313766261785,65.3410365207123,1,NORMAL
3389,111493.13045518796,151.04757456337182,30.599981753086983,426.86188850239097,6,EXFILTRATION
25,4467811.619721634,7962.278249760103,3584.516782177265,5.608821236517398,1,NORMAL
80,437625.68522715854,2019.165971643212,5517.374769407277,142.3233068954012,2,NORMAL
443,2479007.161768635,802.9754288072053,7457.607713398157,18.138479891258136,1,NORMAL
1337,198963.25770604436,42.52119543745019,87.02037528653292,379.57207794536623,6,C2_BEACON
8080,494252.8148553602,49.37238242233667,13.822264150573364,500.69345436868906,3,BRUTE_FORCE
443,14174783.270770954,9621.954248818933,12387.725481326635,13.910662217120551,3,NORMAL
1337,23371.58727149418,6.602275572039064,2.488656281735005,1136.240161535398,15,EXFILTRATION
443,1839191.5821910133,1371.865640665888,1089.7495831747312,5.724921269493707,1,NORMAL
443,2045983.0423318632,2049.4327653638916,2802.038568238514,12.634897401718472,0,NORMAL
80,1577966.2321674777,1048.791122331016,2063.843886790915,40.99322164873252,3,NORMAL
110,512195.5677309854,1890.473112484326,555.5353011047416,62.47772792130625,1,NORMAL
4444,394579.07989896456,116.23397525853717,19.85579018958803,524.8219699018923,5,PORTSCAN
1337,18078.11432038884,74.05284680297991,5.287044165324471,2425.625496264006,8,C2_BEACON
443,776653.3490445192,1526.5778448803903,3186.071723144819,52.68289370367626,2,NORMAL
53,4302156.660229775,605.0596285965228,5205.052808342887,89.71280844572837,3,NORMAL
25,9798941.551541256,1264.009990851895,2790.2270748013666,24.488246567024945,0,NORMAL
4444,397397.00992375717,4.914032803110832,186.08871465960408,334.0302903657334,10,PORTSCAN
8080,179659.6180144744,12.687688345245645,8.894560303973286,77.66173420811154,11,PORTSCAN
4444,6889.54264873662,157.6486234870725,13.649721905406205,425.5789317939747,9,EXFILTRATION
3389,22413.11240327575,3.301412587787168,103.31431263259519,269.5796676620608,6,PORTSCAN
443,1740110.7273569382,3694.7448570527913,952.1002595590589,32.41606906835784,1,NORMAL
1337,446807.13299082563,323.4682592081282,3.9870731844407277,1915.5240487365652,6,EXFILTRATION
1337,376814.766789306,1409.0635647370568,1952.368933636826,34.9032950362873,14,C2_BEACON
25,5841221.2568912,204.20605156306317,20402.507656450987,211.93834051863197,0,NORMAL
22,366440.6907131335,399.61787953403984,90.31767026127261,1436.8399198387822,10,BRUTE_FORCE
53,9444687.275766889,917.1702505985388,687.6837980915477,32.11157083910801,1,NORMAL
3389,91075.82403921423,2425.8505102909885,326.3096665305072,329.20174853208255,7,EXFILTRATION
80,5186252.842440848,782.2582318631393,833.2315870451201,29.20469511718374,2,NORMAL
80,5577531.266739928,10816.095858279816,18296.801442128122,62.60964686955336,1,NORMAL
25,1834259.5080194485,312.92931913249527,5042.243042734549,10.683378356703324,2,NORMAL
1337,298595.76177670044,146.77401826257952,12.799550096836862,274.36126233228333,8,PORTSCAN
53,1468375.518333385,974.9099116272529,4026.3560683687133,31.61590767200164,2,NORMAL
53,600113.7439709189,1698.509198884178,9110.785640089654,6.421327358373848,2,NORMAL
25,8517740.157598821,1596.1658619608952,2981.532201343899,13.990987117424913,1,NORMAL
4444,493715.6582369454,120.78325375364325,30.23406803424753,113.93903376489699,10,PORTSCAN
8080,301100.6380881367,84.99401937337676,38.44339456718055,149.19601692499617,8,BRUTE_FORCE
22,15658.730405985005,183.87506836323095,5.202658739555424,124.88930263540271,10,BRUTE_FORCE
8080,46016.27317009234,1.949231350641454,98.38439636773333,380.47808103929356,11,PORTSCAN
25,282673.4899311677,1027.8533088913357,258.2334885759381,38.80943394788572,2,NORMAL
1337,10577.12115885294,84.17492036541553,18.948849703452098,100.27577504932917,5,EXFILTRATION
25,4346510.936994331,5014.513772156819,907.3850930110463,47.335030988835456,3,NORMAL
443,8591845.096319592,4466.303026570591,8368.090113321196,16.439293329449264,0,NORMAL
53,25863097.731957007,480.751093823078,816.1770435052457,20.573815222586063,1,NORMAL
4444,233603.38580161205,92.51991543313136,14.766214612589774,1160.8249798229567,6,BRUTE_FORCE
110,3521250.8737789183,1035.006915813345,923.6094898925866,252.3001668719568,1,NORMAL
443,2158860.8066106387,2149.807736486294,2656.1337167491115,134.3971012873102,1,NORMAL
4444,21699.23962824718,199.6228753309456,113.326504421607,428.3907249929234,9,C2_BEACON
3389,33619.37976766756,105.49130759989514,18.09287621865516,677.380599501568,9,EXFILTRATION
3389,141345.62909370006,269.2653208909386,19.24573396164892,220.1723859955443,5,C2_BEACON
22,29164.19943859776,58.164555382018825,656.4587285282086,152.39867081907076,4,C2_BEACON
8080,68919.72084516991,2650.069600627025,0.26294382968328733,397.1419055240953,3,EXFILTRATION
3389,45588.875324123466,14.280271644033652,81.95648858577754,487.2294609575453,13,C2_BEACON
80,955582.8342106923,6393.132539583798,90.54394077873039,111.99025957971651,0,NORMAL
110,2805753.9266454247,1570.1361019742815,345.31882470525414,65.55937558038423,0,NORMAL
1337,23830.540835560365,1.5329620205540426,21.278409893656043,74.31361539975835,7,PORTSCAN
110,42437.06231678861,309.316045421464,5988.807989403167,26.160375344260956,1,NORMAL
1337,213583.8789343953,8.411895272114158,5.620824325899488,354.4073884139275,8,PORTSCAN
3389,75096.50110443325,78.59678794169491,1.0366260709094248,1217.7217206992834,7,BRUTE_FORCE
4444,80290.57783435933,85.04558601169357,4.641656128489551,574.6345860217932,7,PORTSCAN
8080,49005.20966553656,76.21974956038214,5.503739736090077,4039.2714048908315,3,C2_BEACON
8080,238625.23144995444,38.033364978759245,13.56374622188005,1370.1370474067662,8,EXFILTRATION
1337,73370.14585091065,47.88035189492102,24.46095831992772,1298.5433203926248,10,C2_BEACON
3389,77141.7137348051,4.282538039241646,17.13606042297771,80.08820369471069,7,BRUTE_FORCE
443,5167115.433700033,1373.7090852475994,14775.45693267597,47.115766259302305,2,NORMAL
25,871051.2926934542,694.2148263634394,2182.826256095712,111.24763891897824,0,NORMAL
1337,155288.12036364022,138.1016851063228,91.83163440981575,1540.1861770299813,6,PORTSCAN
4444,65510.930070257156,586.0323275107113,5.654302328427434,715.2364342043829,9,PORTSCAN
25,4573456.62107091,337.9079707591755,2468.3774959930915,8.667706098008809,2,NORMAL
25,1047914.9005129432,309.0082590610278,465.022596078069,48.36108128500757,1,NORMAL
4444,193105.3060320728,11.050390040680115,0.4259211359090335,271.5073688445479,10,EXFILTRATION
3389,25183.272192598815,30.88410497720763,4.3557996285348315,373.8627481091562,9,EXFILTRATION
3389,420633.5842213961,299.7373112966351,8.21274512930614,411.9152294186906,7,EXFILTRATION
4444,69628.34773444725,247.5279984009099,13.743406679972999,860.1299348720463,9,C2_BEACON
443,13697277.86285637,1600.459829583374,524.9687121392355,174.08665363462273,1,NORMAL
3389,59981.460951773246,348.843734245815,10.190707987964187,948.0206493277352,7,C2_BEACON
8080,267763.6485093333,922.9518271679971,58.556498280546904,408.00452029051706,10,BRUTE_FORCE
25,3672247.3801883915,268.21079817599167,7199.54862604924,45.40422144223875,2,NORMAL
80,2950515.1160749486,1759.552984913683,5124.852327716661,64.171400461457,0,NORMAL
443,11714591.51358534,559.243937801942,7218.680266947407,3.323100139680405,0,NORMAL
443,1720884.3914408747,543.5070629064458,6770.579593793672,25.71598182050731,0,NORMAL
80,2687343.7787020993,2881.7114810000385,28583.16643750045,98.26093069857768,1,NORMAL
53,6521844.68947754,1752.04711200055,2777.4495973274597,88.64002607841313,0,NORMAL
110,5542608.488310096,2195.854143273715,7072.831955774092,54.37609180048134,0,NORMAL
22,3.3472795974947567,433.9641308381618,115.7900471906476,123.89997577561368,8,EXFILTRATION
3389,4772.276495674981,20.76502834093817,30.130781605433242,26.660549624746196,8,BRUTE_FORCE
80,2017122.243871152,139.03104102966418,4871.002730300087,46.81244441110387,0,NORMAL
25,12251221.590268986,4907.629729117816,2580.332828291131,27.118726224478756,1,NORMAL
443,134843.88158165902,4808.40749471171,2667.456633476656,13.51573539622121,2,NORMAL
53,3065800.643803283,412.39308177362926,3509.923638783813,170.87160650926938,1,NORMAL
443,14703438.719400106,192.9273709491839,2217.0112041244834,211.94806247905228,1,NORMAL
1337,43362.03683430319,632.4290048583563,295.38166698092004,2.361147153282711,6,C2_BEACON
8080,419778.63029075816,46.220729203140046,10.287619007575193,1.726158778922247,8,BRUTE_FORCE
8080,170810.20333206133,0.6280173968619862,7.631065576929606,143.2519703688481,8,BRUTE_FORCE
53,331204.9731437815,381.715604847205,6962.862948355932,28.0142854344591,2,NORMAL
53,571695.5105387433,480.7695216183898,1971.2796819516461,63.47988870987229,0,NORMAL
4444,104038.11103657538,15.5792373648648,149.96702794936078,232.7268052806823,6,EXFILTRATION
3389,403626.38296118815,35.6318196119435,12.08555504944713,22.10398616193904,11,C2_BEACON
3389,45910.473986277495,56.976255839441755,17.607707196957286,10.371032018749567,6,BRUTE_FORCE
110,2023464.7396904111,2464.001388709632,3135.1956029203684,29.20918519451166,1,NORMAL
443,3733731.5857610228,698.0975928483294,3959.411302996107,112.44181718897161,2,NORMAL
3389,233997.90044841642,29.274433251577687,21.514893241846774,767.8265188656717,9,PORTSCAN
1337,492804.85213192104,47.75615622209251,339.754050374829,1284.057203862451,9,PORTSCAN
53,21845022.39277945,4269.694676633409,1537.9122962217928,3.0480151708883327,1,NORMAL
443,991022.0010425551,204.4855283750377,479.0809256591249,52.276958496997736,0,NORMAL
8080,24705.03918304463,40.42371602114511,2.898651734497736,1146.0030083005822,8,BRUTE_FORCE
53,4022672.32653576,1307.1487923562693,14946.849307506815,43.16174650487945,2,NORMAL
3389,1114335.819911227,1235.9348322768817,35.2584792700269,32.87478268538721,13,PORTSCAN
4444,658466.0462328392,1787.752407208837,55.24596000252795,1591.7691599171922,10,EXFILTRATION
8080,224047.76078440613,299.664625610974,6.259783316599649,274.4915010365096,7,C2_BEACON
443,4108866.539615062,1315.2489372471837,1178.3873003497717,9.197207922837269,5,NORMAL
1337,55989.13408403488,208.6388380055115,2.6197633838356675,9.454524460969449,7,BRUTE_FORCE
3389,103514.99591471365,16.321740653367932,0.47870421949798064,1162.0942957340687,10,C2_BEACON
53,1828140.5583408822,315.27271741683285,1744.5547179155017,27.81773437586295,0,NORMAL
80,1741178.0077289923,456.36955748899163,12255.190521539378,21.902288894885,2,NORMAL
80,4049908.432038345,3300.198383257181,2575.799616208609,5.67777185606559,2,NORMAL
53,1145823.2657080353,1276.2192461482086,12346.88788753058,57.693840949749564,3,NORMAL
80,841162.4667806248,246.36401741843352,1088.159603642396,22.89534724059975,3,NORMAL
1337,132732.6700720943,325.55306903402334,17.70956982166315,568.9166910016135,5,BRUTE_FORCE
22,122749.03859487163,2377.283362083847,10.828386714444868,434.6644833630639,12,EXFILTRATION
8080,118206.77458110676,487.16796707437226,65.17552059125356,84.33572775426445,9,EXFILTRATION
8080,314736.0915755995,79.52920835251042,0.3109754619622397,200.92504920328125,3,PORTSCAN
8080,1011456.6455603295,8.571420986577428,5.295166315283588,1831.5471905725715,7,C2_BEACON
25,3676677.1412928305,696.9686798185445,10096.780087460407,4.7486777037508805,2,NORMAL
25,3037864.384908113,5457.439552359403,340.79639897830384,26.90919934627,0,NORMAL
3389,209603.28687467476,2.526507632256227,0.3199423199644866,791.1091339260698,9,EXFILTRATION
443,803818.7163035274,749.6032719432544,648.3683012779519,26.32970110528322,0,NORMAL
3389,607079.7200324913,159.842600455293,0.8203076762450622,175.13852047933605,6,BRUTE_FORCE
53,686698.1004259967,1009.6988778588509,4138.023343337819,19.272319247068232,0,NORMAL
4444,188803.20321877932,40.210533960783394,59.60122775906436,317.9458630449437,14,PORTSCAN
443,6369615.025735596,1030.9375786672756,1331.8756190199167,2.5713194948927853,2,NORMAL
3389,123431.53997126601,7.3820656778458,65.56118842545284,168.06729087529132,5,C2_BEACON
110,1954296.0798780618,5006.147972841197,549.980163690015,43.89409867309654,0,NORMAL
80,1792177.4267270635,866.8232757012499,15443.603761198397,27.474677625592065,1,NORMAL
3389,117916.63294036097,596.9360677183033,44.65617613885614,921.0323193853892,6,C2_BEACON
4444,98736.78922859325,78.59219450882227,706.0584801807058,317.9759454350047,9,EXFILTRATION
22,67604.86072497291,38.312908102876236,276.75920843126335,158.85301523739852,6,PORTSCAN
22,617.2311104382246,16.70049914550576,3.372321222818239,457.39897705218215,7,BRUTE_FORCE
80,9755740.700667625,463.45620716286385,15125.269115321771,65.21584969320989,0,NORMAL
3389,159457.90745384168,57.846734054755245,11.758666133420014,1754.1170911089207,8,C2_BEACON
110,3508553.3216608423,1925.4416717699705,2308.6670726353213,90.9760668281328,2,NORMAL
110,5415656.775254085,2790.037808270418,2345.101801889949,64.57456141862517,1,NORMAL
8080,139062.52570099712,2.0418763125124495,25.655167310873463,1268.420502348554,8,C2_BEACON
22,205812.4057646731,188.11395863684237,16.853134546018524,143.63657739182943,12,PORTSCAN
80,3630912.6740171677,814.0734824325182,9034.259268043796,16.141207036426124,0,NORMAL
22,186888.36467335204,3857.0643786731694,3.310689841507753,292.65806783620883,7,EXFILTRATION
4444,245573.94920608166,1066.113527517348,25.000737792459038,2751.4936914829163,7,EXFILTRATION
110,861576.4705493478,507.11133914724985,939.1745940660131,5.865784501850736,0,NORMAL
25,1414124.4201820313,1272.2571731230946,25747.792094475244,54.43198768747875,0,NORMAL
25,5651655.971843924,1848.2982596824465,3227.714836302745,14.891269286171847,0,NORMAL
4444,163160.96890488852,48.865949727257515,1.0741087156675677,473.6617818747719,9,PORTSCAN
110,14513254.582735077,899.1328628209321,13945.481720929125,16.512730645106213,1,NORMAL
80,672243.8455487218,493.9896189304119,18012.378264235685,116.8597871074103,0,NORMAL
80,449799.45448152645,566.2156118749726,3914.628309333018,32.995397977918344,1,NORMAL
8080,250992.05480148018,90.88870640076453,33.06937304354723,66.07517931547515,10,C2_BEACON
3389,25232.69713839876,156.40339389722303,89.97931015967578,158.55733126616335,8,EXFILTRATION
1337,490125.45011956367,12.222085623383,11.129721885250294,474.2564318634653,10,BRUTE_FORCE
110,45699.11248703786,555.6252761373592,44073.708588373935,115.74121652151896,1,NORMAL
53,373115.15557303006,450.40862624851883,6909.112529879022,35.0635225706795,1,NORMAL
80,3512325.1659203097,934.4195303953943,175.88722618500267,17.40548869494506,0,NORMAL
443,399319.78681562305,2329.5198990565914,1199.7197807711793,91.61058196550047,2,NORMAL
4444,77929.72682896498,26.418006554425823,28.739249783786754,438.83209121599117,9,PORTSCAN
25,8426873.903771266,1094.8561711075222,2482.4478434929224,104.21989819991246,0,NORMAL
4444,4624.202388653196,446.6656543392058,24.421315652511193,1933.448585281772,7,PORTSCAN
1337,43606.65239934859,93.97498511433257,31.32990811011328,300.1201999305801,6,EXFILTRATION
110,1466135.623571668,1121.5875188655168,829.1195126139504,41.15226229400994,0,NORMAL
80,2762517.9840850644,11305.181260629808,9336.268938879131,73.89047637539524,1,NORMAL
110,1016978.9661595642,32124.778238200048,14079.903655495455,4.948387921616599,0,NORMAL
80,2657520.8594133086,1057.2431107388668,2068.239046378506,82.20449169594498,1,NORMAL
110,5765040.0941088945,9177.923225196851,7295.608142101701,4.25201500167917,1,NORMAL
22,581478.8584542876,17.099404513111697,4.44760029494872,626.5292336909472,8,BRUTE_FORCE
53,1485942.8443305537,267.6105049333373,4329.671181223365,64.31420329409328,1,NORMAL
53,7661732.790278647,466.1545838301165,1338.638778804919,13.267976480101781,1,NORMAL
443,8107597.621666282,700.7297941812866,734.6165168418731,52.22191613032226,0,NORMAL
110,7899746.2978755785,4453.743896728201,3194.8805385923692,1.6014851635542633,1,NORMAL
110,6104592.989313401,16487.068813150836,1183.6420900242156,56.12022132568823,1,NORMAL
25,6033355.8415508345,57.792466772481674,946.8065262893268,20.57298896568419,1,NORMAL
53,10332078.451853108,327.1977313052661,210.62227769731643,45.43164834339359,2,NORMAL
3389,82296.84395766564,73.98181427474857,659.438977355919,183.262348027376,7,EXFILTRATION
8080,65332.58387582126,125.48230372862932,127.93609128420414,316.6327133482974,8,EXFILTRATION
3389,101913.0186226101,1142.7705608287633,18.41239754847379,331.3675055417295,10,PORTSCAN
443,2414907.8493189877,175.3579911823248,7551.87202870485,102.24065775146514,0,NORMAL
110,3291074.694399528,534.9358245805861,129121.29231934053,22.659662429451124,0,NORMAL
53,3789388.1017541126,560.587395390909,942.1642640441165,20.895844459981543,0,NORMAL
443,2599523.7827000567,3140.731947248686,20087.935978348567,24.239748606115132,2,NORMAL
53,447433.3873134423,5188.928196377213,4917.210108874667,28.63150443696169,2,NORMAL
4444,88074.54978303047,2.6933785568487556,86.61711410630532,127.01031294068349,10,C2_BEACON
25,5436971.021808341,689.2459807786705,936.7448063465358,34.45163916683425,2,NORMAL
443,2505948.449274814,199.3803075668813,293.61143780543557,22.875552123333556,1,NORMAL
1337,201193.46128231985,22.937749954573068,42.07838237305616,451.83708233919884,5,PORTSCAN
4444,911909.8395881865,65.90626751013433,7.638390954423711,425.4079777804664,12,PORTSCAN
3389,402354.68090804556,327.026808620962,315.10526154961985,795.1806120474969,7,EXFILTRATION
3389,97776.35491630856,727.9458122425159,486.44800618952087,254.13746517928266,9,BRUTE_FORCE
80,811787.6472440923,1204.8011856995572,671.0581709037106,2.9212586718084523,0,NORMAL
443,690975.522387576,709.1723110389254,1053.2457358436548,55.71299966720237,1,NORMAL
80,5015632.221525202,470.7422425823011,6015.43679232427,110.38552761876232,1,NORMAL
443,8246912.184870449,1987.940333422697,2208.950656199432,148.41574909759981,1,NORMAL
110,2923580.2696430627,1099.8465693837027,2952.730737987175,59.10767011329329,2,NORMAL
4444,377203.45958620706,32.68551688645511,1.1821825029339845,646.0929049181734,7,PORTSCAN
4444,77855.02150085682,656.6276526986227,1.7509702208460498,128.81732688350488,5,PORTSCAN
22,284233.9763746424,30.95489981281496,406.5742993105986,85.84012282120815,9,EXFILTRATION
53,3359044.828019839,2932.867944431217,2585.7190717899066,18.484764054076717,0,NORMAL
80,982091.3253210378,2102.6751180676642,3366.377812565741,62.56151087295832,1,NORMAL
8080,90791.76481134746,215.08176427648965,16.633127763067012,948.7152591389791,3,BRUTE_FORCE
110,1768108.0390884841,2637.3965478509067,3138.9052826571346,0.18112074005391096,1,NORMAL
110,3871578.748765201,1484.7057353497685,755.1332475380731,122.99006949369881,2,NORMAL
25,1694955.4269810666,1323.5507377746492,136474.06754092898,25.523596611298288,1,NORMAL
80,1382730.0555338743,3390.889270139868,1505.3287163167636,25.82181435190085,1,NORMAL
22,1621.622168631286,46.087488387955624,16.73041296819768,886.9398072284288,8,PORTSCAN
80,3081881.0333317732,1030.566503608605,785.0749194381764,37.59800885162754,2,NORMAL
25,2004512.6687582964,646.7798528375201,998.3340583384226,299.6233220657618,2,NORMAL
110,7194238.094657427,420.7640227514483,2999.412660502037,223.16735669570917,1,NORMAL
1337,49942.769461241165,2.5889276253743,38.066090074530976,408.79165824001973,8,PORTSCAN
1337,69898.93157829238,10.149699253854616,128.82460455131815,343.94213069857227,10,BRUTE_FORCE
110,7957762.143215298,283.92485193992434,270.43076879772775,11.734535239545425,2,NORMAL
4444,61644.39928825916,44.980458636059346,551.7336938118318,839.9105822786815,3,C2_BEACON
1337,196355.19261449826,51.658193256899644,375.8031933350833,409.4673922163321,8,BRUTE_FORCE
22,202457.91859658886,14.427529317223765,11.839587558941712,650.3680230436937,9,EXFILTRATION
53,3496556.702805214,2183.0886709201777,4207.910625248459,26.336610633410864,0,NORMAL
80,3853119.0485584824,279.7235131641196,14298.937076262333,188.24338368156472,0,NORMAL
4444,240774.6353109637,52.5791366094863,45.68466504422466,1841.3150065889333,10,C2_BEACON
443,7645978.256567997,988.7209176032349,192.49370482153623,46.97300567918862,0,NORMAL
4444,171478.91238407796,35.98826756348393,2.510851934569082,640.3401207816496,6,EXFILTRATION
3389,108918.14101319466,165.0686070318239,14.970060771035659,13.252943123497275,8,BRUTE_FORCE
443,641233.0583295656,669.0173385671299,3760.8640932576254,16.744326459337692,0,NORMAL
8080,323667.9493671584,50.79023118521997,19.298829146878163,785.6382567676666,8,PORTSCAN
80,2734862.969378544,1345.8726301127583,508.849372339886,174.12456565584472,0,NORMAL
110,3998449.535949602,446.9025736086685,4228.236993813733,8.013592687943856,2,NORMAL
4444,345859.7145352288,112.5926338543681,745.8615046011863,148.10630227268305,7,EXFILTRATION
110,2389856.0494980738,1669.5506836197717,9130.670817809058,79.41259679340799,2,NORMAL
22,388316.89058825374,51.16042659971491,7.656757873149231,241.48980110013682,10,EXFILTRATION
4444,97954.83908864901,38.646902084925976,11.437117002211766,446.8014703175652,11,BRUTE_FORCE
22,175479.06830558725,57.30695623743803,1.5176929716894478,429.6743617354803,9,PORTSCAN
25,2497344.5263356515,856.333251581822,37358.96612760247,21.474218860099008,0,NORMAL
443,6986314.2346694935,846.218996311572,390.3925855899286,1.4859320663160476,2,NORMAL
110,2834965.1529765897,3955.2337024647386,13020.580479847702,161.0166890644837,0,NORMAL
80,6195435.812880584,879.5707986901382,256.4165905172536,3.7745117397211008,2,NORMAL
25,2607464.969237068,787.5884373505004,15717.426406600538,16.92098425159276,2,NORMAL
3389,212061.91072966516,377.6815102207182,11.751342470125213,215.43874167318953,7,BRUTE_FORCE
1337,6800.926781245091,84.44160654580976,9.71563198345679,83.75687310029804,12,C2_BEACON
110,3896468.595696304,802.6574763357769,10598.532357006003,133.13436017901202,0,NORMAL
80,1461756.4699831586,637.1327633861183,12395.765255625174,57.0143290279369,0,NORMAL
110,709365.9592899565,2287.6247014867836,20300.01922978203,277.0438573975947,1,NORMAL
110,3018925.757415311,5230.983082987049,1613.6838752053336,8.096914309527586,1,NORMAL
22,154130.17021950288,2.3236751480687436,8.088894479236783,857.0811908691462,9,BRUTE_FORCE
25,4018584.1283077984,4440.33007140336,9035.51095799655,6.703170366994904,2,NORMAL
8080,59894.825426711504,761.3798008658754,22.840396470202002,1270.0346071161778,9,BRUTE_FORCE
3389,225333.6961647077,54.86164310174627,0.8043277499237199,204.13449152494127,5,PORTSCAN
4444,108593.79807251682,45.09531864312933,169.2725035912724,1709.3831460360839,6,C2_BEACON
1337,8766.979895396504,23.16289946918579,99.39127390518703,1117.5395582956694,8,EXFILTRATION
53,678090.8281102242,1351.3421226913406,4246.272537357965,75.4510506744806,0,NORMAL
4444,88025.8563395117,4.170638020984235,66.40338010821691,300.54499523050146,7,PORTSCAN
3389,13533.044352045526,65.92899346876732,242.79411520301622,727.0932132619012,6,PORTSCAN
443,185087.601075609,488.3518289624264,21639.966918533933,52.29180718816304,3,NORMAL
22,24595.135198963388,7.716154632885704,23.338707004904872,46.66329509958155,8,C2_BEACON
25,713638.0217502092,460.36726701092357,775.900675235232,26.1570365660331,0,NORMAL
3389,134089.24195752546,1202.5720141470188,29.666142795160507,248.22816448361496,10,EXFILTRATION
8080,167264.55586418696,78.97437258043348,8.186324351144949,898.2984088383926,5,EXFILTRATION
8080,341.05624138346576,332.1291763288492,40.50890176600664,196.17639066290943,4,C2_BEACON
25,1124469.8043996373,1077.2188341177678,7735.453913028239,5.423020131628037,0,NORMAL
8080,165673.62410294538,27.701763484894094,28.857932026159958,814.604899576557,9,EXFILTRATION
25,9285632.827085458,1386.1137740732788,13578.552609968297,59.572891385614824,1,NORMAL
25,10578979.882775674,417.77976656185956,22094.772716244384,49.0945899311986,0,NORMAL
22,322595.9618760088,34.99529222840724,5.033506923934614,794.6972386195827,10,PORTSCAN
3389,326169.5931089835,930.2499082209388,474.50681610607177,225.7179213274615,12,BRUTE_FORCE
8080,286711.5133455459,3.7736563628531603,10.230143628637656,926.0685055254756,6,C2_BEACON
8080,1246601.056628679,0.7352891202214784,0.21034769844173387,80.72332373636839,12,C2_BEACON
22,88840.54727022293,93.77269765788614,150.42004973579785,1699.5591565742525,10,C2_BEACON
8080,121649.89587595745,86.7730758462147,0.033446927177996716,179.0285321344701,3,C2_BEACON
3389,47913.57860442284,20.90285844817379,16.805600207018223,546.0848166989229,8,C2_BEACON
80,10497782.15126718,2055.097758613342,362.31852151152805,13.061322488136074,0,NORMAL
110,274576.0828693394,5315.289073284181,2295.85704469787,112.43741303301024,2,NORMAL
8080,152958.80343927233,278.5609119966663,11.324020917245198,659.9040339278614,5,EXFILTRATION
80,3826433.555246808,1624.1962598011169,4395.598450299865,29.875786774519103,2,NORMAL
80,70568.2407257717,345.6289017807673,5834.791925676222,165.9219843262729,1,NORMAL
80,4161501.529512491,709.635744871081,813.5523181498205,50.58034448273069,0,NORMAL
22,1404853.6189870727,11.953569419985296,16.531676764837975,20.180924766907086,16,EXFILTRATION
3389,753942.8643259489,9.518208620687005,7.626856474313992,1805.3751653541522,3,C2_BEACON
110,7357339.766307603,256.7660232463472,5152.11237702319,16.20768630726136,1,NORMAL
4444,383715.1335750779,216.8275563567584,1.2337417984844479,1588.6069081584926,6,PORTSCAN
53,564727.735982155,3966.273367089013,869.5252820046254,29.740836632411753,1,NORMAL
1337,255393.9739386736,1.0770325137700905,94.65055631938067,486.5742558302057,8,PORTSCAN
1337,230170.43150767992,6.8976884837547505,95.18843977344282,524.2695016402365,11,EXFILTRATION
25,2326422.452088375,409.6758810274191,3111.972205393767,3.951546295876914,1,NORMAL
8080,461156.28248375125,1.3814804175449227,2.2830575532023296,460.8521033281718,9,EXFILTRATION
25,24118339.752657153,2300.9417639155254,2174.5812595551356,1.1170734738573054,0,NORMAL
3389,393487.6660787057,7.939757387476762,9.748734297425099,759.7630059385846,5,BRUTE_FORCE
25,2620350.029836781,4165.1440229292175,3903.0726154803633,58.115704291889905,1,NORMAL
3389,267533.75482120394,18.00005357699171,67.29269501962763,28.195062496755572,15,PORTSCAN
80,5251785.1440388905,1611.573671071452,3100.7613928775995,51.03926198478369,0,NORMAL
4444,190573.22611123728,83.78551054756258,114.01217288961176,136.06817014382662,12,C2_BEACON
8080,37977.153199066524,1036.224218003113,4.125428482918506,161.3145969755151,13,BRUTE_FORCE
110,6680524.243554146,1315.665954655852,653.1099924369203,17.45888987927727,0,NORMAL
110,3306274.898357599,3354.0834497118963,919.3101068301723,8.16896993717191,3,NORMAL
1337,26332.421231417302,15.71742573362274,25.260775960594106,612.4411935306766,11,PORTSCAN
53,4653970.614118224,3333.011318331644,12849.467198870885,5.553040927836629,0,NORMAL
3389,216659.5619454383,21.99272328823244,12.304980945251389,1019.6530359632047,10,EXFILTRATION
25,9634444.003408663,2956.9875511581545,6094.916899312801,17.142591984688107,3,NORMAL
8080,367741.61510107387,9.9008147728355,8.216297525084642,762.4315962997945,7,PORTSCAN
110,18333498.39755402,270.60436167812645,5975.9204583197625,27.112856093875138,2,NORMAL
22,10787.57986238638,2.140619499060665,98.59610211782697,114.23761094163788,7,BRUTE_FORCE
1337,8460.18252726703,5.817284036072154,0.7085349961662145,744.2988955206151,8,C2_BEACON
443,2593060.4794636327,3695.7696506276243,11736.577319773918,2.5306785462349444,0,NORMAL
25,678780.2624741864,505.625451945192,3456.9745132969633,83.67089394523136,0,NORMAL
443,6540714.840839523,1311.1629562248165,2171.0123489620305,7.987340407340617,0,NORMAL
1337,730679.0560488361,276.78740460900474,599.5304302438074,82.58512726618986,3,BRUTE_FORCE
1337,93454.09409185973,120.85265127263739,0.9594332980349928,243.47931158565515,7,PORTSCAN
1337,95691.70257450225,1174.1398783569407,1621.2912445671082,511.88563380036413,6,BRUTE_FORCE
443,2374276.4933916098,643.0068363785604,2957.933279614657,30.818405757808563,2,NORMAL
80,467927.80168413545,138.08437120815245,1242.0424990386018,31.457780937500218,0,NORMAL
80,864253.3183682656,885.7252117910976,522.4539993742148,28.383753033140753,0,NORMAL
80,4335474.393463496,3000.1304199637357,4923.909431805643,110.40156429781022,1,NORMAL
443,2605071.1974117826,1017.3667999457751,1604.8220576882813,40.982567260855255,0,NORMAL
22,331320.7964617933,12.82713524205808,8.108078261078136,88.71323701135206,9,C2_BEACON
80,348275.8801762422,178.5941959651185,3152.7112660507423,22.073910871148637,0,NORMAL
1337,111625.03945879558,221.631973043236,0.6245466071634529,120.6253110722057,7,BRUTE_FORCE
25,586061.2365967521,836.9232716648171,15471.187407806725,86.07234578704053,2,NORMAL
1337,31084.901099900715,22.402392098265032,92.11410391645046,41.30897716436797,6,C2_BEACON
25,680885.1819741167,291.4063334398991,1014.155388870506,11.432912648132,1,NORMAL
4444,72984.1286795672,13.67866798264592,3.4577670831012868,124.3152021473317,8,BRUTE_FORCE
3389,267960.196352061,73.46666332143107,4.7669226763375745,586.0259212420762,7,EXFILTRATION
3389,248864.9886658106,6.226323240348902,110.79080369630867,639.909368298298,7,PORTSCAN
3389,164115.10448264875,10.55210255182299,7.383492631010371,52.87390621677982,11,PORTSCAN
1337,283572.83149204345,1.4395121670943563,0.3931004206772397,1262.125000667371,5,PORTSCAN
4444,232506.61747147498,10.007971240797662,85.8531190887196,390.1778553934437,8,EXFILTRATION
1337,234899.29733479902,111.57248550907462,1.0350190934369266,0.02343544501475608,13,PORTSCAN
80,2687718.36600432,1543.9603337069702,5484.63188436019,100.33746613480909,0,NORMAL
80,550821.7745971264,2866.744024810097,16114.565494945775,105.81423668469728,2,NORMAL
1337,172622.49008043032,30.87219081904639,0.47004555071025694,1281.8981199412956,13,EXFILTRATION
443,326712.4019240458,810.9991013524448,5051.209475005348,5.476804223460053,0,NORMAL
4444,6169.982191659195,7.175758186184147,3.0334442649323807,62.26691811362387,5,C2_BEACON
8080,128856.06557758927,26.082647710270646,280.6432455641021,2641.5145785805835,6,C2_BEACON
110,1189673.655168473,2486.834687256413,7960.590501782673,1.3977688238446662,4,NORMAL
8080,3871.817765611829,2781.635574031325,36.753924749432365,570.4374625583441,10,BRUTE_FORCE
8080,39135.22034369882,168.45240359618708,11.526910991815974,72.14059257977547,8,BRUTE_FORCE
8080,39309.00209561256,13.168008294337401,12.12666720446349,369.482452476508,7,C2_BEACON
53,2703921.062742338,1229.639183788789,4006.2765329576714,4.603888439633918,0,NORMAL
8080,38411.364368258124,1114.9762127017632,28.08696128515499,430.31209717161244,7,BRUTE_FORCE
53,6453334.733188847,226.50604404229313,11508.209377037923,61.17934466778729,1,NORMAL
443,1429118.2327326566,466.33512386717075,339.0108739646637,1.87656953249088,0,NORMAL
1337,41972.31385339079,6.6529250409252825,14.35343417382695,181.18372915973663,6,C2_BEACON
1337,420843.95943987154,37.4247474639326,0.6542706762449734,99.52558803189451,6,BRUTE_FORCE
25,524004.6178525402,838.9081843393066,3518.782344196771,21.97308728289176,1,NORMAL
110,1870297.6676938576,1110.4513844794621,2801.596329335122,124.72677830123015,1,NORMAL
80,11403912.843541259,461.07108571059644,13545.352641129835,94.61850821010707,0,NORMAL
80,565794.5611742246,551.2650374305467,1124.2805319448682,3.1708463736421657,1,NORMAL
443,3799687.723683861,2991.008476802714,2376.116013651326,95.28193730324517,2,NORMAL
3389,737814.508024858,8.19996118698502,37.65664482487275,837.7477044619266,5,EXFILTRATION
53,2738421.661806102,2006.3082985463811,1055.4781176946954,35.44380010357191,5,NORMAL
80,1366996.7101731515,560.0817132123274,871.4217914242199,48.929914627169126,0,NORMAL
80,5676279.091766756,679.0169275351631,4126.172955715684,0.5553912073677154,0,NORMAL
80,5820063.207231278,7296.489434684187,7483.644817741112,91.5059283929291,0,NORMAL
3389,33879.41971093616,118.05517172921083,162.96389753554303,1078.3798398162296,10,EXFILTRATION
53,162587.34365268104,1468.0039988588574,3577.4979321151923,76.05376122882862,0,NORMAL
3389,13735.550849414027,70.27093840188287,12.296484461539315,1282.6618410331505,9,EXFILTRATION
4444,544734.0035274356,11.391528177030665,17.76248244269005,309.827969681228,6,PORTSCAN
110,658885.0835299705,604.0610753235535,8486.343334268497,16.104754926214575,1,NORMAL
4444,131022.01821669463,318.7360350914494,9.022606371024905,147.50719913526575,6,C2_BEACON
4444,202030.3884744068,41.60547244885172,9.54474684104025,1102.9924835444942,10,PORTSCAN
110,9514106.27549352,334.43643553844635,1935.4852619250373,73.41091436684019,0,NORMAL
3389,18537.095201751596,7.90380960249788,6.355875207656645,68.8674709179994,8,EXFILTRATION
53,5861124.828976646,2137.833218527839,3326.0020556289974,53.38121535606616,0,NORMAL
25,15524964.19800347,2158.122904959732,745.4512972672926,22.90688255468917,1,NORMAL
1337,59797.773398509045,21.042307600795624,158.74624103667458,496.0121289926442,7,EXFILTRATION
53,6800266.361068422,4145.564992202575,5349.593178858907,20.839589807487886,0,NORMAL
22,122752.79322818916,297.258152364725,28.107760012807436,475.3192720337315,10,BRUTE_FORCE
22,464278.18614167976,22.747032669718305,32.79404225534941,9.732834380477163,8,BRUTE_FORCE
53,701376.9175005466,11188.136169315623,7719.357747311592,14.375100614470368,3,NORMAL
110,4399731.156644323,979.4771186661243,1476.5535591072462,18.54102790529102,0,NORMAL
4444,323762.9206294351,130.4172605608342,1.3648476202415039,685.5862940573711,10,BRUTE_FORCE
3389,504890.56479963317,203.12916646580507,10.690294086771086,84.54925007517787,10,C2_BEACON
110,7332114.145921433,2758.6071353810626,2225.6910183769946,76.84175952827209,3,NORMAL
8080,423916.4991766602,77.95296688239925,547.2505534210775,650.6743726835799,9,BRUTE_FORCE
1337,49867.2684389158,16.619505347363337,421.7972075924775,248.7646235750427,10,PORTSCAN
22,504705.80159425753,15.334957405177354,2.6672259712173254,648.5311216938496,6,EXFILTRATION
80,941959.6552954859,2967.653023647502,16581.39340886005,61.36704198911781,0,NORMAL
110,1973889.0127170288,1230.2119760366731,2294.932964059147,36.16107467145628,1,NORMAL
1337,301415.32521408977,83.3328189920829,27.829352124346702,953.3147392995367,6,EXFILTRATION
110,79824.16710420037,406.3160457651369,1662.5411171996072,7.092012181003893,1,NORMAL
25,10540470.640629709,2377.6720873555237,1559.823327484876,36.138967833716315,0,NORMAL
25,5970327.123366266,4043.3739692370395,5131.477128392938,20.309736352211964,2,NORMAL
443,4287662.442969724,651.5599387196752,2316.5013206700314,11.449841644247401,1,NORMAL
4444,72681.68793138878,28.264117906157,37.7117067985661,50.81096832980857,9,EXFILTRATION
4444,100244.29953795095,39.696052251112256,28.23598888453271,375.1115748172815,6,PORTSCAN
25,852535.7978001498,759.6712925570547,23769.062593777155,1.940587859152471,0,NORMAL
80,14716353.736586759,272.60305148525697,8640.460779928551,30.96909147018318,1,NORMAL
110,4766602.471446215,736.3260233220518,4823.571796507347,34.90596331022379,1,NORMAL
25,3482756.500092622,384.93644775393074,638.3981491348948,50.15425046916856,0,NORMAL
22,106509.2776028343,12295.77887252287,26.825173251597974,530.4373720014628,6,PORTSCAN
53,1398538.4450121429,979.3034028943637,2278.500182553733,73.4862746299716,0,NORMAL
22,620538.2749633741,709.0230562388083,158.7933454603417,432.4557915666678,8,C2_BEACON
3389,591160.1243909813,69.25878764073138,154.9865049041235,111.94822894866546,4,PORTSCAN
443,1049661.5010677706,933.8788450869031,233.21149691415152,40.44152962545207,2,NORMAL
1337,112925.78119311547,102.27714104609498,12.829461368011387,353.631906006603,3,C2_BEACON
22,393079.33262778405,465.08804871829153,62.62021280581738,75.71242473457976,7,EXFILTRATION
25,3933234.5832133424,972.0554124476766,2384.207677034601,3.789153356472315,0,NORMAL
443,23358012.320922937,932.5641082637363,2999.204828512477,17.699324723994128,0,NORMAL
1337,137877.65895534516,110.2301482520907,28.66165789665082,235.77039547764957,11,EXFILTRATION
1337,446307.59067348053,10.63055102195168,2.326352737413696,80.75823032673662,10,EXFILTRATION
80,603194.516504489,1868.500880627063,2480.7182015235257,4.160327482184674,1,NORMAL
110,8565028.035793865,573.3697519590669,1611.6405767724298,59.075842492484696,2,NORMAL
110,2044424.075038079,2079.7991767283806,764.5323936747259,35.45704679291977,2,NORMAL
80,5081836.242885043,1452.335888713894,4390.527932846598,0.6794593530157053,1,NORMAL
443,2601177.0383549123,3452.8762842137844,15225.69806615133,32.284563997217866,2,NORMAL
3389,158151.3044337529,286.5672462454018,0.1528813452806489,439.94616527444776,10,BRUTE_FORCE
3389,59730.70382824158,5633.078534988605,136.09033108987305,66.30756515369445,5,EXFILTRATION
110,359596.9222453063,191.77587981932854,17632.232708595348,22.528631441547052,2,NORMAL
80,508197.4269170653,1109.739336245583,2677.923504514298,9.953478443532283,1,NORMAL
8080,300832.1447517753,68.75772598697426,660.1726722763702,2123.5238989383706,9,BRUTE_FORCE
3389,667838.536255476,8.29897038526074,52.735888524729724,826.248636385228,8,C2_BEACON
1337,138873.05791876162,84.98293584875721,2.0585796832862733,1453.897254872163,5,EXFILTRATION
3389,211209.51152347907,114.44492397712021,51.11886329897683,32.992053604313405,7,EXFILTRATION
110,5072900.683197585,385.80554356033934,2243.5586973231325,53.75048316219537,2,NORMAL
80,11475511.708146917,417.84339107182,4052.678309400835,42.83826379631418,1,NORMAL
3389,91955.0837955757,352.32917619242016,11.273681124041602,123.68846874846547,10,PORTSCAN
80,5198049.029908354,1083.5550804678965,58828.20580542463,35.05714563863367,1,NORMAL
4444,133157.12798838597,39807.43249149406,102.52106281912941,347.56732166307694,6,BRUTE_FORCE
4444,736134.8001476268,33.58617240485585,32.982352450399766,813.9257212987472,9,BRUTE_FORCE
22,184671.03629085622,1469.9207759592396,5.973638051249832,340.3900172623904,7,BRUTE_FORCE
80,174908.21702259817,2267.677870462317,687.5706800452054,117.69140678606678,0,NORMAL
3389,21977.37295837106,308.9950060655562,7.034987877744103,160.16896476251642,9,C2_BEACON
3389,456285.1210157623,39.624967152870326,553.7155377994919,226.3024113431558,9,BRUTE_FORCE
53,1589437.8127310055,238.98533478862942,1441.173858185347,21.52342756739051,2,NORMAL
8080,237885.752953714,14.726993571825606,14.446816777470625,148.6226980572733,4,PORTSCAN
8080,127085.83176182644,30.64730175371463,135.01707184919604,40.009098702508865,5,C2_BEACON
4444,102872.36718137658,17.94846323768129,17.163090974001552,827.9446537607341,10,EXFILTRATION
53,21551131.76255523,852.7343764985877,3465.701093586566,6.678376270072178,0,NORMAL
3389,169066.5242173597,124.51517428633655,8.176753342732045,46.01276250182722,12,PORTSCAN
110,5181535.6747309,580.0553475474509,3994.9383472259497,69.30726295581272,0,NORMAL
1337,48200.50145574391,406.98939226474386,24.944235133049162,35.42230246000105,8,BRUTE_FORCE
80,2053753.019673825,472.4355380780092,593.487408212157,14.535909131666209,1,NORMAL
110,8104357.56691717,3664.8244841772953,3104.935627281378,19.429949430718256,2,NORMAL
443,5811505.350055037,2773.916942903589,310.1209735340128,66.91727251966353,0,NORMAL
80,1898517.694197366,1073.928782787994,1935.6364131291475,99.90436908917142,0,NORMAL
25,3582449.514218305,1180.7285428365049,2464.2204001063524,3.098470020786433,1,NORMAL
4444,458383.61222415813,74.50337679021604,46.151005618528494,723.1262357807088,5,C2_BEACON
3389,136198.23077433533,52.26845748553241,13.415970894349863,646.1887915575229,5,C2_BEACON
110,1447953.8121270104,1177.8203314422599,4445.299635951025,22.998262083406306,1,NORMAL
1337,206197.3629002399,38.49609000575885,358.6933240631805,571.9003893778507,11,EXFILTRATION
1337,146513.40338964446,16.825034522061177,11.06324901195773,818.3613945097823,8,BRUTE_FORCE
22,780257.3003866463,562.228344552092,22.23842617949555,156.0983507654001,10,EXFILTRATION
110,11352843.163810816,425.5725681741758,1599.0566447216627,132.95884660477225,2,NORMAL
4444,65691.97776695306,11.973282336360208,28.908075231389304,192.61258702033214,9,PORTSCAN
1337,103852.09154761532,476.64836447034884,0.971539218752628,167.53208818535862,4,BRUTE_FORCE
443,1878430.0781151415,719.4715634081819,954.9449726408335,2.1374396094813286,0,NORMAL
110,99235.70344335414,1064.9129075851993,1593.6836078417211,69.9964291097499,0,NORMAL
110,8353007.316259138,763.8503481749193,8310.917587000406,39.940906644947816,1,NORMAL
25,2662284.4910440985,834.5125262546266,2986.8871190127857,45.25757642506202,0,NORMAL
25,7143923.467867238,284.40371040869917,1144.3744722600202,59.50124425627364,0,NORMAL
53,5211284.556163475,410.7482526205249,24530.035517038603,126.71857000888625,0,NORMAL
1337,623948.4686508274,322.9486857940548,74.47515059366512,410.40312481110175,7,PORTSCAN
1337,76518.14389777592,14062.190012579542,383.6581513598593,374.58841472094366,11,BRUTE_FORCE
22,212220.42206824158,49.11282633832084,43.434229422289164,622.7744587563208,13,C2_BEACON
4444,630042.2391667478,249.88061080392458,10.342230407608206,1050.263506231262,7,BRUTE_FORCE
3389,38329.89730995319,20.379200974437133,43.215103696707445,650.1596921086326,7,EXFILTRATION
22,28510.00702472909,283.6103265945999,418.06237688892554,771.981935872655,8,PORTSCAN
8080,628067.8834718043,671.7307965101946,2998.3117836168963,453.22301748289124,5,PORTSCAN
110,13194174.074456997,356.33743788306276,389.9344501386316,32.3180648887254,0,NORMAL
1337,45310.55234253145,30.239037527322722,66.56653848684849,737.0383074891623,12,PORTSCAN
110,3885676.3145234594,802.1718248328417,1313.5358108276932,197.49331896295692,2,NORMAL
3389,413084.38636382006,1.4709681328149669,2.7420319275429375,628.4613309364341,13,C2_BEACON
1337,1200892.4463474932,39.13252689370172,1.9425733830443468,109.86158504898228,5,BRUTE_FORCE
53,14479441.951769339,2137.129685611639,2126.9570384291646,43.102617172415286,0,NORMAL
80,5337691.987081195,131.10164313267785,25225.086251571633,32.14070664114049,1,NORMAL
25,8723665.79647599,657.6945028500704,2339.9170252800222,50.05832562803674,2,NORMAL
110,4569106.9686728325,621.7591000543921,2130.3480319384093,204.37410254907428,2,NORMAL
3389,481377.8420540359,49.52372099555546,1.40196997916421,186.78636756772534,8,EXFILTRATION
53,5563116.280790813,3923.1615439483294,4314.574563382187,36.56966080664584,0,NORMAL
110,5903054.343219857,4444.47898188543,2763.5819809449677,7.666089449240578,1,NORMAL
80,2779167.7424510964,1131.827663164557,397.14665009282436,73.74135115965066,0,NORMAL
1337,76562.74098185281,33.89460087984504,49.832323584990014,352.07999659952753,7,C2_BEACON
4444,390525.8381491939,1.84829825130863,55.60772251039026,26.32029424503614,6,PORTSCAN
80,2709771.7833508668,3556.5037685198818,400.8683358434969,6.161150249229881,0,NORMAL
8080,552556.1915194059,74.26877765024362,39.001065945770925,27.839707664079484,6,EXFILTRATION
8080,304192.12162476656,4.081655582958082,173.054788886269,125.77498127466305,14,BRUTE_FORCE
1337,38994.75278412325,126.89208427823147,1.2578679473314764,59.96092865471737,8,BRUTE_FORCE
22,58298.02268288344,19.479043234719555,6.7486650067587055,230.8348004885146,9,PORTSCAN
3389,119534.11893312793,7.1008088280631405,162.5664297621427,318.27711285316866,5,C2_BEACON
53,4358039.330275023,3152.973490081347,14360.459307105242,19.754026150997657,0,NORMAL
4444,130476.09192454796,50.693721184052976,8.992298649136233,12.731577877456344,5,PORTSCAN
1337,233747.33842716867,223.34546106558577,46.30720796043183,98.62435272615843,14,BRUTE_FORCE
8080,50439.37049668431,156.99257709056616,1014.9745071883735,915.0073685818415,5,EXFILTRATION
1337,166131.6682143529,671.5672336271039,504.59561614698663,403.74452859150773,4,C2_BEACON
3389,19609.464373326602,47.092190626355155,55.56429025566988,318.1558183890422,10,PORTSCAN
3389,32592.434086524114,6.579159467293622,73.7703596929833,1047.1592741596144,6,C2_BEACON
4444,218519.80040744267,148.5556347197401,13.093388397182153,1315.7639406074961,8,BRUTE_FORCE
4444,228890.91325385292,2.9777108488961734,1.8197818271341069,1395.9727970622023,6,BRUTE_FORCE
8080,239147.779624655,64.46500476772685,240.88641910035912,67.22694729437822,6,PORTSCAN
1337,46685.97214353148,596.9864410420886,10.659201144955253,1059.5857456584956,7,BRUTE_FORCE
3389,233570.76950524127,8.860557770710695,76.63049573085836,1481.481646200647,8,BRUTE_FORCE
80,921288.6809469957,1470.4915863067672,1146.4801323722163,84.57351818639533,0,NORMAL
25,3360087.4403860136,1312.1393438259206,1346.1169916339081,15.692047773722553,1,NORMAL
1337,412408.6637278375,1729.7814664730474,27.150552831412423,375.2336194052984,11,BRUTE_FORCE
4444,469712.6041184141,51.76933809069133,17.797631694383448,631.089856878028,6,PORTSCAN
110,8107452.027894015,5637.588288969538,6804.344731748752,112.84578965626397,0,NORMAL
4444,244013.6160302945,67.07834716933648,43.74745824844635,97.15538028818398,8,BRUTE_FORCE
53,1374152.5333169738,611.306838265794,647.6269572466139,53.17613877831159,1,NORMAL
8080,172401.39513380086,96.11638044137334,23.226201241929996,39.219938775424126,8,PORTSCAN
22,361581.0730390199,34.501871171717355,1.0469026301887625,522.6088510959003,4,C2_BEACON
110,5449269.191001469,726.8641305695777,3005.8319540856046,8.343693824666394,0,NORMAL
443,2990.5883575644284,345.34648112499275,5396.074320326041,101.12995693451208,2,NORMAL
22,28811.310655161098,1.1322906106773571,4220.066710054152,407.97375006522174,8,PORTSCAN
4444,561024.8615234797,9.046930791054255,98.61197764948975,1332.8240229560868,15,PORTSCAN
3389,345267.8544984015,5.16286088186494,70.81279035099205,227.31500544659318,9,C2_BEACON
53,3515308.8815610395,1238.2799757463486,661.0444732469565,6.804915516634844,1,NORMAL
80,6305043.246659897,2347.6592315578614,28989.521841682345,55.355065050795474,1,NORMAL
3389,210120.1636425476,8.059183323332746,7.211838679373898,993.1720614675967,5,EXFILTRATION
1337,517788.8131897414,85.83092045968523,27.879451348216914,1107.4684951280904,6,PORTSCAN
80,1328512.498118268,2005.4940913055939,1554.0834567216425,28.086198443021654,1,NORMAL
4444,2000.1500528415972,185.56107905537655,12.62891193701786,318.41898052691073,8,BRUTE_FORCE
22,39622.4947902294,59.41001854464462,1359.7704154707635,206.2268506781629,5,EXFILTRATION
4444,462777.0263195746,78.78353871679018,75.41809660882349,459.33323604846714,7,C2_BEACON
22,76191.3323780086,14.584960979948184,195.55198558009067,167.79189046104494,11,C2_BEACON
110,14701765.60891229,784.3324915200833,965.9733323394877,250.33610533901748,2,NORMAL
443,11328192.951516181,185.67869858679595,10338.841387699347,44.00447699042125,0,NORMAL
443,9890380.829046354,488.99361995024054,476.1316641229777,85.0314668322861,0,NORMAL
110,5257782.756625534,2319.103839145129,1046.2697180953237,17.072927480665218,1,NORMAL
80,6511906.913898305,1570.3520258264446,10136.664989149893,40.737336549716275,1,NORMAL
4444,2481.0628508900477,1000.6893966503236,20.21796304355771,464.82185656623807,13,EXFILTRATION
53,4137168.4306479674,671.2848305091685,78763.08442823697,14.106957695043521,0,NORMAL
8080,49502.971017382995,57.65049012224917,418.99736423929573,60.63497908092061,5,BRUTE_FORCE
80,3320532.293976353,1299.8115088558202,4252.916695642325,103.61378906539787,2,NORMAL
25,7642978.292289252,1875.047401429909,4533.0547403135915,78.30574413566808,0,NORMAL
3389,15595.915379901204,125.94043083073994,8.447675812179632,810.9798583425944,9,C2_BEACON
53,1896306.3511938427,1985.3280268569192,22056.38745898897,91.86279192138791,2,NORMAL
3389,280693.181917488,11.352767075152466,392.87375207979443,735.6108664769542,4,PORTSCAN
3389,204862.05761923495,54.26389854305741,1.410857015456289,43.88072989327101,2,BRUTE_FORCE
53,1174105.860028571,564.6278814013931,7076.84403758495,3.8451316159161095,1,NORMAL
8080,549517.7417052761,2909.2244800133226,46.07768526215802,764.2303510220773,6,PORTSCAN
25,1008287.2622804327,1232.3297360355593,1644.5490576725488,26.91152663014177,0,NORMAL
4444,221786.39306278812,151.03666052127355,0.45611525721628843,199.74109692099577,9,EXFILTRATION
22,937303.3813160605,111.26878663864235,2.4496507455209513,1019.861599750724,9,C2_BEACON
3389,87558.39514539468,2.2581016514064776,23.23939252988162,673.9066658474802,6,EXFILTRATION
4444,12214.987972880046,3.2678097807937445,41.40665242845338,1135.1175134603088,11,EXFILTRATION
4444,208279.20480998725,30.303695141860082,3.615664936721455,203.3717132990236,10,BRUTE_FORCE
80,6779240.778292903,1063.3860658467765,2811.4860967929562,3.3349044916247736,1,NORMAL
80,409840.0899718165,1457.6295370602386,16622.198244670362,77.33632543681705,0,NORMAL
110,3714363.47581243,891.3025249273126,7275.099758116224,9.750004819971672,0,NORMAL
443,19824347.820973486,1410.9718199051974,6437.852359494064,137.6853152384121,2,NORMAL
25,317937.4557764026,2870.4112138612945,93798.03984601006,69.93111115313168,1,NORMAL
80,722680.136876162,2268.3184077136,2732.6489702232643,47.012115103230904,0,NORMAL
22,16164.168870312104,117.28195191565926,251.5467037120617,507.62989801537896,13,C2_BEACON
80,7469515.82740636,3102.792808266112,810.6136763988018,17.91706922694206,1,NORMAL
53,1382103.4483086925,710.4983645298156,10200.188968957138,2.971604100450594,0,NORMAL
4444,21817.634844824635,3.9282152921855937,57.23749392464858,194.699759212422,8,C2_BEACON
80,912699.3723510875,1604.915551585465,4210.002213342574,85.21350646166414,0,NORMAL
110,1376874.4912532656,5254.576589667472,3518.4543521021515,6.462896110733728,1,NORMAL
53,9524105.661256395,251.86005466591212,2165.798640566601,78.12013695495483,0,NORMAL
8080,192762.24226634266,21.302718360973003,129.88875845323238,1100.8938494606357,4,BRUTE_FORCE
80,24927571.622522954,1832.8167945290818,1029.9001375579078,17.47662445689131,2,NORMAL
110,1980100.0329436467,593.4552662678512,2002.3714162735712,114.88125079278177,3,NORMAL
4444,158263.0627374068,22.26686765064828,215.7557151530319,89.2857958660377,7,PORTSCAN
110,1531308.5491606956,351.99776751679167,1420.329934466899,391.0004833954609,0,NORMAL
80,2079266.8571670766,1810.0853467786271,2343.6528092072654,77.95970520325447,3,NORMAL
25,8485703.175586345,1198.94609607221,1558.777854380215,13.774456137696347,0,NORMAL
1337,394077.5064872148,6.3846693598539375,59.7185491541808,227.77218143211306,5,EXFILTRATION
4444,218242.5947773611,793.93838299814,18.95336511287268,628.87907288208,6,BRUTE_FORCE
1337,193722.56757135884,132.19198325687827,20.48484143840541,972.3230249213135,8,C2_BEACON
1337,11750.182194284691,25.46700769029097,1.397529270916293,1423.4153678007538,11,EXFILTRATION
22,142894.7173605933,276.48849948229116,198.15594285375067,443.86499478322065,4,PORTSCAN
1337,4287.456113122458,226.46987375550157,4.649673683969542,826.2524450906639,4,BRUTE_FORCE
110,19928731.198560126,738.7452565828329,1368.0045165108068,15.288460311590269,1,NORMAL
4444,203255.5761107777,144.0041174146443,10.719117110135903,308.4708592386311,5,PORTSCAN
1337,42485.90014652455,557.0282137724034,279.3581397284327,52.88016057828382,9,C2_BEACON
1337,41067.40487261706,489.22740747047163,19.920680840613972,480.24068534592,4,PORTSCAN
22,146815.8118639561,10.296816152208413,44.64459673296584,250.24811686087023,7,C2_BEACON
443,7377226.888628266,2568.2568480176205,4306.7711291905425,56.73869965312868,1,NORMAL
3389,176511.77022842862,75.0449456553738,64.1128244553349,554.1295035121533,4,C2_BEACON
110,2042636.0042939256,6278.34322275495,1168.5447765004064,51.13899934366353,1,NORMAL
3389,37709.401589641726,26.538437303880023,44.91085209511506,878.6097022521973,7,C2_BEACON
3389,75968.19015088138,261.6783710307841,5.998646237225836,865.3625101637474,10,EXFILTRATION
110,1472440.7226616775,685.5834335172713,1234.987339044814,5.037979904768789,0,NORMAL
80,2684504.922951864,492.5837977402949,477.83337504359423,11.790861001770491,1,NORMAL
110,2159377.4713247763,2799.9796107273146,1292.9213357720716,76.02251337247124,1,NORMAL
25,6624138.874764507,2275.08555446046,2629.47197148945,0.5651308636234231,0,NORMAL
8080,55395.106769509286,34.54096653223692,215.65868226370253,793.0188357503852,10,PORTSCAN
25,3341959.0493430495,1956.8206168410786,7609.941362686298,37.589900181919674,1,NORMAL
80,1814238.2930217083,712.6595378002387,3793.2905773861753,92.58004549737608,0,NORMAL
8080,166286.71119661475,5.170320915546695,2528.658271308939,31.602168502275408,8,BRUTE_FORCE
80,2200037.3576182695,635.1326633806998,632.2190613097553,6.346740551698627,0,NORMAL
22,126312.3947812567,29.453623955033844,7.287385583649431,64.68646894647065,8,C2_BEACON
1337,157729.4946256219,141.4399950656996,0.7789479853853586,326.6675220071254,5,PORTSCAN
80,1793786.8849955366,278.8115833929942,2244.3250239457693,64.90801055165426,2,NORMAL
8080,146338.32993952057,39.00822227858171,7.786412250650833,426.9440137915797,7,EXFILTRATION
4444,213736.9987588106,298.30373204394,97.1642647520432,85.27405722761412,9,BRUTE_FORCE
8080,293747.2350308243,2727.258499601664,14.311002597089487,218.87290496824804,9,PORTSCAN
8080,759921.2978777856,1.2270455393566477,125.08908907811676,106.99539996645704,5,C2_BEACON
25,283680.3477969453,337.45332863685366,1232.7166962304716,73.69359116663152,1,NORMAL
53,1226006.039278473,3564.729466612246,10363.686005711243,18.762528418962628,0,NORMAL
1337,16398.165603662095,4.410455713970124,2.100723156051477,324.95398362886374,9,EXFILTRATION
25,559157.172928912,824.8574557395705,8019.5860831053205,1.862553160668699,2,NORMAL
80,5652438.732231034,371.8857261307405,11894.169941250142,65.25477669259156,0,NORMAL
4444,169456.13880322635,4160.88653977309,2.709192867455342,93.14335590283167,10,EXFILTRATION
3389,13888.764022978461,0.11841007565932586,24.4433261577735,300.09206918360286,7,BRUTE_FORCE
1337,25921.982609632738,77.5397589131827,69.58552041331197,586.6798054703719,12,PORTSCAN
4444,597484.772619577,153.25735507678283,27.69199043852063,583.0456112728198,10,BRUTE_FORCE
1337,437132.7836968305,8.145491822334959,337.6903423435316,723.1902192445968,5,PORTSCAN
8080,499001.4108593647,22.567397643135997,78.17649821030324,175.36250857662458,7,C2_BEACON
1337,204206.02367438484,154.70474860715007,27.664430614736556,1278.524889995093,7,BRUTE_FORCE
25,1522504.2881915676,1362.0138317433189,4458.223220459695,55.56411393616176,0,NORMAL
1337,224866.0600134177,199.76750144122266,51.42646122979697,284.2734923471289,3,EXFILTRATION
4444,25433.13762078955,207.75894430509774,3.854337344148316,43.03425625958617,7,BRUTE_FORCE
8080,47880.20846636048,87.90889625326973,4.994701674632067,1229.1363242513544,9,C2_BEACON
110,2360102.9443531157,826.5336847844541,3636.358872069896,3.479468626198348,0,NORMAL
25,2994065.0123343854,926.7300970823218,6298.71290252881,16.433551031608648,0,NORMAL
1337,44108.77313418055,5.18053263219513,17.129602018820727,408.939625637083,7,PORTSCAN
53,2033944.949716506,1309.8894794319035,3819.240081150091,3.8442992854160045,0,NORMAL
22,1009423.7020380694,393.00816454074675,30.437920081615488,778.4298972313258,5,BRUTE_FORCE
53,16882375.513656627,5726.8049350390975,18986.16294244711,51.32083508749332,1,NORMAL
1337,142257.1320760943,3.730238493532299,2.233918722553028,271.63656034063087,9,C2_BEACON
8080,116287.19400216665,22.65711457347668,22.079276995152462,133.7744890247937,5,EXFILTRATION
4444,7874.586815823527,19.10019786610259,4.93212712640056,526.9101804579507,6,PORTSCAN
1337,212933.7686025164,61.776123187556145,126.28549301866926,1245.9520920816033,5,BRUTE_FORCE
25,6287969.504673016,1071.2763207688013,780.3141427400409,67.4531658325408,0,NORMAL
443,5853029.793752701,1145.8572225693233,4346.591173380715,14.345177539077106,1,NORMAL
22,59885.88240425599,52.05393232505178,12.345700032532699,107.33778392227038,7,EXFILTRATION
8080,1024585.7076741769,1.8871395326034108,4.827144120935178,81.35603393710313,8,EXFILTRATION
22,149309.8205921086,2.9605237238059026,611.6906860524484,167.67436959302862,10,EXFILTRATION
80,13253872.410029024,2819.6984422318565,3270.993823620599,26.40585573580978,0,NORMAL
443,11119803.633761918,462.00221540837407,26896.110877098887,18.637074459130815,0,NORMAL
4444,134638.957511369,75.78556054880434,3.4474365296080567,588.4111347697217,5,BRUTE_FORCE
80,348040.12855636777,1405.0754507140782,6621.831430650039,19.179336242876825,1,NORMAL
110,20859119.11391426,1487.9443803166455,1128.3592185156556,195.8495239158222,2,NORMAL
110,1516831.2542013223,1440.1722309287502,5205.143749552533,54.05943959940581,1,NORMAL
53,744806.7567136397,1123.2482826254372,343.4615459640348,3.414281215028618,0,NORMAL
22,171082.6547490295,16.54009448114331,1.1914198308842021,331.2106886637381,9,BRUTE_FORCE
4444,418580.1005257881,80.46767184268951,27.59127875338991,918.9766498709516,5,BRUTE_FORCE
4444,83933.63690803903,7.495682331660559,14.587780081113786,524.3961931592053,8,BRUTE_FORCE
1337,59525.34994142305,10.396233769673453,1.0583671146093858,99.79851859041881,7,EXFILTRATION
443,1311596.1637530196,624.3994238764404,1270.5048358871402,2.4021087441693805,1,NORMAL
8080,36098.279528828905,148.8503993487555,39.359329069944465,192.38927579239282,4,BRUTE_FORCE
25,4040799.5138441618,782.8754575694701,3858.2980425273004,5.383713236387263,1,NORMAL
3389,8121.408284327508,3.8916546432763988,171.76813826343468,380.31343204077507,9,BRUTE_FORCE
8080,443015.86952569894,88.89890695084381,0.2969996842187561,107.43277268830465,8,PORTSCAN
53,503270.25707868056,603.4849269405922,7200.625448691554,11.82673711829535,1,NORMAL
80,1113654.0452741226,285.7371158972412,8510.77428789353,13.509940719392826,2,NORMAL
4444,1064644.9788515547,308.7819619332096,37.028894781758524,476.4371870762984,7,C2_BEACON
4444,612884.9399537347,3722.8575175921933,9.538794608412134,1212.6387693131962,11,BRUTE_FORCE
4444,131919.9939100209,100.6048050354224,0.09781559333828203,497.2525348386915,7,EXFILTRATION
443,1931263.9084102637,209.51079967828537,3022.93063637649,105.70936258259009,1,NORMAL
110,103062.99067992422,1589.3076151692026,7800.691481981279,14.985359791905385,3,NORMAL
8080,230012.2913155207,10.106203709849328,82.38357319244103,694.792156726524,11,EXFILTRATION
8080,113284.13775381363,1954.804528147009,4.961795867149245,1452.531100121732,5,BRUTE_FORCE
4444,8319.425187901334,3.285779543254393,6.442192004950837,817.5768278304661,8,C2_BEACON
1337,18449.158899020425,9.181276751152485,1.662894851504736,466.4463796491921,9,PORTSCAN
3389,25510.33707211499,11.296482789739892,41.755599290909345,782.6177818141764,9,PORTSCAN
25,7701112.7072139755,3329.833840740696,19180.57381230785,21.565414405074932,1,NORMAL
53,6038190.690047156,1171.2052767854584,5874.031937090087,52.34018222800946,0,NORMAL
3389,278636.00542834995,3.956945284923027,4.73200059449833,1197.3061801178558,5,PORTSCAN
22,71501.16454905865,990.2193577268632,108.22237455696046,254.50005287525713,8,EXFILTRATION
8080,12517.288816750044,81.00983624288675,27.70292136258966,738.531615349989,9,EXFILTRATION
443,4778027.384912371,1627.7565080933728,533.6409809010565,24.279879255333814,2,NORMAL
110,1640255.962581628,464.88216656040146,6133.27501084261,34.57577806425456,0,NORMAL
8080,199271.72899033155,115.21271716369196,5.514734904680966,43.724532617875035,9,BRUTE_FORCE
110,9219751.379574995,747.8643402996703,2613.4178927148137,113.87574005983276,1,NORMAL
53,10861562.282352138,102.77296649780935,3406.5931744836435,20.128821572304165,2,NORMAL
53,9959974.745486613,4046.3993521504613,3095.306154593218,45.90072231327756,0,NORMAL
1337,109758.64096069246,310.63838897689425,251.68361237306536,73.42984621383687,14,C2_BEACON
443,1253726.8278546948,2634.914150112349,600.2054420489354,97.51675482473979,2,NORMAL
110,2647608.3621871956,1382.6136581081448,483.89216219065935,111.56689413019262,1,NORMAL
110,408816.05524545955,606.7543012964533,8049.218276969634,48.26284933590599,1,NORMAL
53,200787.5341000006,1240.6977248744442,447.9966727614702,16.986959048807357,0,NORMAL
4444,64483.304031692125,21.266270057755385,12.373418091299294,778.3748546229848,6,C2_BEACON
1337,273131.10339130013,233.1503070617374,61.493436168301095,112.71434925049542,11,PORTSCAN
8080,551128.2699196463,27.15917062902051,112.15614542095109,1059.4604915110333,8,BRUTE_FORCE
22,62619.199380024314,253.79013225379967,9.339073136902943,1118.2261456653891,12,C2_BEACON
25,1234439.3254175554,1259.986181007329,8030.669704650364,3.43758958912317,1,NORMAL
8080,5831.660634030548,2.94066517175996,39.85563470402036,1230.143029195295,3,BRUTE_FORCE
443,3080393.237987488,8139.005716413436,1286.7293494863657,150.01172526374347,1,NORMAL
25,6341989.784111247,2083.797292032014,2456.413110213639,43.38896283174745,1,NORMAL
53,509973.54819090565,2143.187898637804,2680.269618551169,46.00150485155196,0,NORMAL
25,711298.2420315834,390.51513392973845,1300.5533082779598,1.076497647500939,2,NORMAL
443,5118130.213106927,324.3502444087208,3730.5556264740817,297.66427541226153,2,NORMAL
25,4826372.949618067,1896.449966454729,3316.242204442572,27.625487557394617,2,NORMAL
443,3160796.6021174844,4570.274974691011,2251.4065145375903,101.21847505010768,0,NORMAL
22,185219.66937441495,1.0996301330691378,80.97059367529602,305.4590799484152,9,C2_BEACON
110,377586.2331429009,3201.8240123431488,1591.8665541495088,14.406004671917225,0,NORMAL
1337,2087.1675456262337,25.107743866655657,1.8371349871108507,95.5371053391197,12,PORTSCAN
3389,131152.48518930541,80.9094519466809,60.12624739894091,396.3099447803711,5,PORTSCAN
1337,158138.80096307263,29.39454063709781,62.32419240331717,677.508174126667,7,C2_BEACON
110,8683413.582074434,4405.6522419219655,2198.721766642079,61.473833528550394,0,NORMAL
3389,179001.39148135178,17.73698726368734,3.7221014116254603,93.24194561712761,6,PORTSCAN
22,369987.5583945063,2.4580757508716653,78.61595730357539,572.7579007215764,8,EXFILTRATION
80,5421480.957021663,229.29883440097973,1959.3371486660178,35.4666041724712,0,NORMAL
443,2661594.118733971,976.4555112465289,5162.270031540136,19.714893255399044,0,NORMAL
53,6401859.172767059,168.17289927468258,1092.6855541947377,36.88520406298318,2,NORMAL
443,646575.7417544264,336.8939747278017,844.2205899214612,19.957907906897685,0,NORMAL
53,5902558.04397267,593.9458226386927,5620.899830151064,9.880020193732063,1,NORMAL
1337,141666.48245411066,288.96911750895777,12.477951934100918,508.88943316621027,10,PORTSCAN
110,6271001.562513528,267.94566086211233,54.84963010760222,39.35698971990545,1,NORMAL
110,354477.20063107566,150.70315763837198,12707.27176850673,2.816020592688245,1,NORMAL
25,13403906.033051407,6844.338790175313,644.2315168446962,15.79870118435859,0,NORMAL
53,1799663.3693196038,2739.1501046595936,299.15360435855524,176.87159899759658,0,NORMAL
53,3038471.718756196,429.03259465513463,25254.668769489675,5.044002279849062,4,NORMAL
443,3970603.3026118963,2155.25527641826,2371.830176848089,15.146345211344414,1,NORMAL
4444,124465.64774834667,70.50932642759429,20.906090218199108,1420.8295588816575,6,PORTSCAN
22,48883.37534619416,50.44284027401393,52.59605610578017,304.19942059741345,6,PORTSCAN
53,8307897.04168021,1290.514968520485,22272.378226251036,76.91812478294202,0,NORMAL
8080,151102.41526817533,203.14666557911588,38.8166309557287,258.17604829206823,10,EXFILTRATION
8080,193949.78235645973,8.1307911776736,60.35075320935216,542.2688556526076,7,C2_BEACON
1337,125315.57393115194,131.09368469971756,112.20615017767376,201.53268037180632,12,EXFILTRATION
110,1874180.2064597278,675.8579199595385,2020.7479197305936,8.672594086496881,1,NORMAL
8080,11836.790823859292,5.710074013041854,9.850729209011925,204.89614402558593,10,BRUTE_FORCE
53,3399591.230756449,1692.2854643474523,1660.4320387612333,47.06467656472545,1,NORMAL
110,7150286.840150108,3006.1515051058627,771.9030232925395,62.56598345064862,2,NORMAL
110,3328219.8451038003,1532.0695491281056,5483.611545143416,82.42092599986054,0,NORMAL
443,4503128.113388319,1373.691172154722,11135.382878398037,121.12937125234168,0,NORMAL
53,9396293.77092509,2909.792033975196,2353.8949302899605,76.0364231676474,0,NORMAL
4444,304087.489995774,111.70534499206387,1.0420597227278219,38.97766658023759,3,C2_BEACON
110,3190831.9232787974,4835.519801638808,407.2675945634103,4.268305078761216,0,NORMAL
22,64461.515945378764,63.35105190586695,67.49714896170437,483.94122400034337,7,PORTSCAN
110,3153287.198928827,327.56826769865154,3701.1005450507864,149.68170383409333,0,NORMAL
110,1098514.0508381347,909.5431891496647,2772.939148709614,25.72247803522558,0,NORMAL
53,4832430.945883537,2016.7424312980081,10598.334053649503,18.425524780885613,1,NORMAL
3389,248671.1704771384,0.30555762048198026,2.1049098442017256,626.3968987497865,7,PORTSCAN
4444,154629.41669520835,5.1759989446356105,3566.041172430697,435.5398287937322,9,BRUTE_FORCE
4444,19082.23623159617,17.452021273120575,8.772326441427577,2.360604632557948,15,C2_BEACON
53,4451541.136946638,2163.281093751544,1143.4812814899992,78.87926958412679,2,NORMAL
3389,620260.0062630614,13.445659008477064,120.34761358713598,397.76247854483887,5,C2_BEACON
80,3086327.5966374353,1855.5515831605398,534.8168565961104,52.405531978744015,1,NORMAL
22,51817.964000767155,2860.0362420080464,0.06024091251142793,40.43842583126686,8,PORTSCAN
443,14746501.440486426,1401.780764251214,3337.615013232488,41.460365250006696,2,NORMAL
110,2960849.041080727,552.8091480327561,3748.4904007148357,60.65851097355876,0,NORMAL
53,3231859.0536409607,968.0481635415214,16412.589016203277,25.64442533258817,2,NORMAL
4444,369256.6429627445,23.018662785681975,256.49231300462765,730.5249493635733,9,BRUTE_FORCE
1337,453196.44609482033,0.8769602729496598,9.123010477773194,669.7413136806232,7,C2_BEACON
4444,509090.85037148854,9.124914098346634,76.84847445743387,740.6305504180256,4,PORTSCAN
25,6065711.904943016,494.3376409040564,2128.0405485352694,21.013880186194573,0,NORMAL
4444,9177.093556192458,307.210374151843,11.51317027175516,500.5791188712744,8,PORTSCAN
3389,109244.01976120433,8.485370653563718,7.162595718553801,2032.379180244953,9,C2_BEACON
8080,257437.1149561726,1319.9906932893273,101.08154607519596,518.441905733049,10,PORTSCAN
25,9638426.433660356,121.81445114371374,14711.903529370256,16.90839964314113,1,NORMAL
53,249601.9672895963,770.2659652027268,352.8901176113835,36.92958374737984,1,NORMAL
443,2464999.0806133593,1056.0733047752785,12192.916220718971,54.31303083802822,1,NORMAL
25,12301134.687189415,4961.80067275822,3915.8063622701684,3.5750599785391484,1,NORMAL
25,3468522.0309841936,471.6070523175747,5312.454014970025,18.436053752986545,1,NORMAL
110,3770153.8391388017,3760.5804716057337,3038.8790584100084,20.541185890925654,0,NORMAL
4444,33334.52160066671,935.6374061994193,45.00052893598498,387.93204109167425,11,BRUTE_FORCE
3389,23306.97907079632,877.0754754372573,75.54032778414319,1486.838124699205,7,EXFILTRATION
25,596751.4249636929,1403.754993658539,612.9537944814109,10.400911984502887,1,NORMAL
443,1706471.5619972593,447.38273529990084,6659.779437448319,59.393663181085465,2,NORMAL
443,2910083.7365164654,576.9568737743987,1143.4159740376474,57.32961777758094,0,NORMAL
8080,72895.38360394881,18.802055737031935,109.1946957279218,66.21010803271929,9,BRUTE_FORCE
3389,34300.984899928044,584.3467131244745,2.4069531894255807,989.2717146735022,10,EXFILTRATION
25,2510777.5632893248,337.5860067510803,8562.68211501166,78.10869453514307,1,NORMAL
53,2328521.2129259338,681.7123248497896,2024.2236994181953,101.65684321455069,3,NORMAL
25,118559.36462175008,2091.836446342023,1555.41821023472,10.50393966340716,2,NORMAL
4444,919915.6569772594,27.95959942890114,321.1011558459216,209.82317655574596,11,BRUTE_FORCE
1337,108939.43796225886,2.717715195967166,17.12601663178182,45.457378593985325,4,PORTSCAN
443,2226936.185260359,449.0915177623075,1080.1382928381317,37.96103310711842,1,NORMAL
53,252367.70260244765,785.671924797874,20696.914394954678,32.93722729272231,1,NORMAL
80,374853.5963784158,479.9273386996591,6243.091994001373,43.3184454034064,0,NORMAL
1337,487565.56224267563,413.1810257715164,0.4344875610938684,1757.0585150443658,7,PORTSCAN
25,11411717.525227878,2968.148849178982,11850.960100441422,293.9987342539872,0,NORMAL
1337,80075.33698683445,174.23681201657985,22.078026483129157,215.5366341275721,5,BRUTE_FORCE
443,3061526.685652196,531.9307850458488,1456.2436586732128,52.30332285050208,2,NORMAL
110,2807730.177683868,4890.404553068789,5842.496816969913,4.443334132187958,1,NORMAL
443,1122826.1983616322,491.0959701428046,9517.764730357481,7.325857333702608,0,NORMAL
110,3598248.6387435407,407.21688174801665,4779.322186119822,15.75123650143385,0,NORMAL
3389,30183.46439691113,81.59166475332594,28.172038610751713,520.7303067397232,8,BRUTE_FORCE
8080,269779.2964312275,2.195034957653779,4.754671289444523,1583.8030492918645,3,C2_BEACON
25,2941348.899641984,433.81882555479166,5135.481316848502,101.5354000433141,0,NORMAL
1337,215261.75554914304,4.041866485162684,18.650667839936588,15.308798130735417,6,EXFILTRATION
80,2725788.0800598077,1452.9457807463657,12726.448695755724,26.927768143370024,1,NORMAL
4444,133900.34334592457,2.8925582748629193,5.10689959707977,647.8410926318793,4,BRUTE_FORCE
443,2939253.136538469,238.65406099937468,1025.8637597322193,33.78841055754729,1,NORMAL
3389,138047.46463988797,7.315831278862367,15.122448540144356,152.937742396458,5,BRUTE_FORCE
80,4112800.8288290496,5571.002557392539,3495.464475440766,71.22995379016378,1,NORMAL
443,43281.805055269695,1919.51618987452,5898.914526493991,25.69312878902536,0,NORMAL
80,377205.15761961543,2076.7164951247028,1029.5510263462552,78.25134238368838,0,NORMAL
443,4927579.0695771035,1146.5952359979665,6633.2558321394745,62.65205369893817,2,NORMAL
3389,193334.00560902304,53.042637793657256,5.5586961772068415,734.478807472989,8,BRUTE_FORCE
8080,42075.7203926957,6.4340487960229975,0.9068409492533256,130.99983327599114,7,PORTSCAN
80,7635802.7784789065,750.2267568668177,5476.1803115196935,25.52274693006854,1,NORMAL
25,698172.446026682,59.819952282663536,49457.40800560258,38.631015175414305,1,NORMAL
443,910838.9240709777,412.9719546077203,2818.3324389415543,0.10418408538188559,0,NORMAL
3389,67600.3851062637,13.059602568256068,13.835438650630367,596.3799387174862,8,PORTSCAN
110,2654687.1574718147,2569.3543914097204,19263.26654029118,103.0282299570822,1,NORMAL
25,1708506.0709710603,1211.1357260686525,4641.823010754549,24.88124490680133,2,NORMAL
80,3726751.7944596806,3207.8832740987223,9712.371208835779,84.3749723695418,0,NORMAL
4444,452271.3611519835,210.49627694016908,5.418802670988805,699.7010569271213,10,BRUTE_FORCE
4444,511641.04526239075,107.2253585362602,3.9723312156324533,424.6135036967006,13,C2_BEACON
25,3976878.752250783,7459.615485913168,441.85641297152114,9.304131334066112,0,NORMAL
80,6463440.314127132,2160.229987914781,1515.8569210619169,50.61173442114326,2,NORMAL
22,492017.0411393295,1194.9255151067707,0.18043825657966228,262.57446762775277,12,EXFILTRATION
3389,187269.54252070587,28.195950677456366,92.89834958445368,540.1319011717709,6,BRUTE_FORCE
110,649912.5558324794,265.9149370334392,1658.1661571827785,104.07682980191917,1,NORMAL
1337,275275.1207608555,7.164044873492758,19.680348495651963,319.6120915630513,13,BRUTE_FORCE
443,53637.30508415552,1226.5761298963341,1132.7488149144212,16.609907429578527,0,NORMAL
110,1928430.884047426,4515.1989391237585,6214.174481587828,56.9537431870096,0,NORMAL
22,40428.142685492225,84.86629222175031,1.104841421594898,1071.9468054331621,8,BRUTE_FORCE
110,1066065.6375783344,2454.2456025611114,926.115619750167,19.41542455201553,0,NORMAL
22,96242.8250932627,748.8254705748362,292.6639299118817,414.11270712049406,4,PORTSCAN
8080,291959.27942824445,2.3997108756446597,2.2046378469701793,509.5723949927441,11,PORTSCAN
80,7501715.628100968,1051.8859518361762,2825.2425318803034,7.732388500838851,1,NORMAL
4444,322683.9582730336,851.038805218441,8.475185765675015,620.3099472111224,12,EXFILTRATION
110,1847070.8595406744,767.8334744358199,205.1709833256112,26.446377294784405,1,NORMAL
22,5608.252565675393,287.26196829723716,131.9601410815417,243.421894945657,11,C2_BEACON
1337,137523.97713883244,0.2851691176518535,54.13500532335533,182.66193661470965,10,PORTSCAN
3389,203058.6656660701,84.60829202660135,137.28689650383507,398.62063730068684,9,PORTSCAN
443,3363234.53271286,504.91666476849315,1751.3418930123617,18.38623438121025,1,NORMAL
80,1979611.610881493,196.82752775429861,263.6960765922766,5.3662219530862085,2,NORMAL
4444,103446.24225210537,0.4912282580152792,18.3245552793374,305.46680044366565,6,EXFILTRATION
443,5201072.609199273,537.2003449611836,14802.386163826968,109.10551382591534,1,NORMAL
53,5844804.874504961,699.067016333931,21205.34600415074,68.66888359728219,1,NORMAL
8080,91518.91092057708,2626.419694627299,6.615135154753902,91.21995171998951,5,EXFILTRATION
22,17625.43850782558,1941.1725388735692,0.55458765660782,1997.2499194109691,4,C2_BEACON
443,1265453.5496152684,692.826496478156,5314.96634378514,22.664000425344287,1,NORMAL
443,3801468.5153209693,1081.4162152560802,2893.9071651714708,124.1246619599032,1,NORMAL
443,74837.89978357517,925.8119561248311,7010.711260332743,86.891779438947,0,NORMAL
22,27926.911888974588,1426.6259427318037,2.5272336077936917,633.5068249533218,11,C2_BEACON
8080,1488.2351638586279,0.7517296216303605,20.51315493976309,955.0156277446948,5,EXFILTRATION
8080,475482.9585565127,146.51241481789418,0.3675403535192866,293.43413767818254,10,BRUTE_FORCE
110,3665802.467038247,345.7917154129063,6165.057726273984,32.56144570348461,2,NORMAL
110,19050422.729556724,1224.659404217889,9285.72686000024,130.69233031129332,1,NORMAL
110,1410611.6957404364,593.3927373601865,11264.234975149177,123.44907336587036,2,NORMAL
8080,58553.66519054909,14.19567320260172,0.26685160142603825,742.0694208554819,9,EXFILTRATION
53,15331082.645374594,1035.809689518304,3657.3660217092884,22.694000707300894,0,NORMAL
25,5910690.276707358,195.92718126545566,243.5974103783722,65.19750265336927,2,NORMAL
22,145553.4382597174,15.31936050051236,23.304989663305435,201.57455324345204,8,EXFILTRATION
443,3447070.222438082,414.7607115525339,29035.26769349151,4.676313037213187,0,NORMAL
22,5850.40690191202,1123.35792731186,32.05217057842252,3.2872795605467076,9,PORTSCAN
25,7089473.372868666,2044.572561836929,8936.92098145868,54.55360297525215,1,NORMAL
22,450266.7848366017,150.84151775445045,42.95479488646805,346.32184127527563,6,EXFILTRATION
3389,11912.265422038468,86.84017472205886,28.723323184872232,364.897112962697,9,C2_BEACON
110,1174221.6702772107,559.8150244454991,566.4388760992612,12.88965024339172,0,NORMAL
1337,92740.31087438848,625.3002770875884,365.3679748588248,19.74417457752329,10,PORTSCAN
4444,13102.077579703875,7.424718536338719,5.802033192757038,234.0827607307209,7,EXFILTRATION
22,33183.84192525045,136.16139748892084,51.367501995016774,228.31101321961205,11,EXFILTRATION
4444,89960.91585197693,49.94160724747789,10.630590843930673,65.75188565752053,5,BRUTE_FORCE
443,1538174.5432363306,1269.5455640586044,3762.448440369506,67.8360129997425,3,NORMAL
25,4430059.346893535,438.9421833662175,2306.7327198209587,25.48882990523959,1,NORMAL
22,216827.52848069463,21.07810392420872,21.037896422231398,108.79447640139041,5,EXFILTRATION
4444,69184.60243901577,58.906138706404874,128.9534740459143,253.16182649518777,7,EXFILTRATION
1337,230061.75940211958,26.296851595820087,187.14221635340596,511.4417987569173,16,C2_BEACON
22,269785.13783074985,29.98129746489339,122.97605797698002,261.7336228739863,13,BRUTE_FORCE
110,90967.5587768132,670.7896404084989,25985.47460985008,8.648618708297882,3,NORMAL
3389,136977.42873955198,8122.04830669202,14.765521788498367,13.978224258577551,10,PORTSCAN
4444,121998.38302290693,72.21532798119073,148.0204056637856,1077.3793446128482,10,BRUTE_FORCE
53,3039120.5498475693,2395.5260236156896,5245.063519537832,194.22438520007117,0,NORMAL
443,4106220.9228317114,1255.3582152829233,3741.346466566311,40.792837370613086,0,NORMAL
443,8588109.391173631,3320.00343312053,2040.2818894126392,115.41905817181657,2,NORMAL
80,680143.7056394813,363.668026867177,4002.2906231822576,121.6359919095051,2,NORMAL
110,16994615.382776298,1094.181510250927,2626.401857620474,19.421525036320535,1,NORMAL
3389,67488.90140325397,2865.7290582825985,25.00354277203868,21.566735716313232,6,BRUTE_FORCE
25,545917.4856321205,431.338827010878,9955.85752462589,35.58886378953724,1,NORMAL
3389,2097716.6178277745,196.61598251216233,7.516440926652358,709.962069345747,6,PORTSCAN
3389,476351.8920758983,23.593863127805133,4.0906498730168,782.8328394059436,8,C2_BEACON
80,3813739.7336287093,3064.742245592934,6025.876284183838,5.76169503222693,0,NORMAL
53,15847970.96088541,500.53575246460787,2559.08395778433,90.04611314613749,1,NORMAL
443,2591933.3869398977,845.0465103409535,7738.098164490416,103.45978446977782,0,NORMAL
4444,292967.46847046295,3.2511294271936375,9.723094092704562,43.52859955288372,6,C2_BEACON
110,497822.67445487477,665.6726290539686,3813.1918331410207,7.871509770279555,0,NORMAL
1337,176302.5377865428,28.989784037408228,251.11698962339858,15.970835167774194,6,C2_BEACON
3389,467286.1325969053,91.55498690975611,0.43513224601336564,208.18247736091828,12,EXFILTRATION
1337,200579.24730385005,6.990758535289839,22.48778984642923,353.9440434206873,8,C2_BEACON
22,14994.429495152484,7.751463221069836,29.66109063013138,1418.765805123094,8,C2_BEACON
3389,121374.14187521496,1240.3329990050854,14.690503448344325,1384.7981172875873,11,PORTSCAN
22,27322.248298351842,167.91597483579898,1.036470283519848,146.78955256518796,10,BRUTE_FORCE
3389,143316.02386796757,502.1892920881099,3.795739520692178,364.14865760463204,4,BRUTE_FORCE
80,4178667.9183541313,902.5376246642825,725.0542833079031,90.53989190083045,0,NORMAL
8080,529254.1542303825,728.6893905760511,14.818505316772915,675.7588463588329,5,PORTSCAN
443,3379783.2592429086,2328.9899383882093,4025.950614977401,47.25638451742555,1,NORMAL
3389,41625.71029566694,1316.3741067719372,41.99321189329429,150.0502896926701,11,C2_BEACON
80,1373796.451988268,2387.0119458642102,1337.638636496783,1.7940262415723818,3,NORMAL
443,764849.2058910128,792.5519573426443,1169.875437556613,34.41651041177694,1,NORMAL
3389,1019377.5990615686,255.45791685518878,37.7613697381603,174.94691284396342,9,C2_BEACON
80,2873693.747365042,65.98132077324539,1158.2784545661461,15.061500605982975,1,NORMAL
22,80903.8422553105,8.61376833923931,0.850613949506726,193.32543841319486,6,PORTSCAN
4444,576507.1619090757,21.807060888950645,116.8109873435667,398.02446340802373,4,PORTSCAN
4444,112897.81085970542,301.06494756989366,1.5639007084429473,500.70529151508157,5,C2_BEACON
4444,174283.90445344162,4702.9390830517705,3.5447859033892453,55.607312057036516,8,BRUTE_FORCE
8080,432930.51846837375,39.20775339392747,114.20285655277566,555.3521095509817,10,EXFILTRATION
80,13949955.512395412,3239.7834699613904,140.93350348257246,0.6818442507417055,0,NORMAL
25,1044353.5531477729,813.9081109340902,2321.0902342986346,41.41780568700113,2,NORMAL
25,3510142.9157263995,512.7126549194303,1636.0580564319368,30.097820062835705,0,NORMAL
53,2668053.979617064,248.48816237405995,205.28269539679033,49.74480742207233,1,NORMAL
110,2171706.84718471,1053.4178641451304,4940.2308459411515,152.69489319403738,1,NORMAL
80,6811037.704843597,100.97634700109414,2462.562974440324,54.51734091625866,1,NORMAL
443,6177563.231784837,179.9016568618135,3339.866686656614,5.039088191749021,2,NORMAL
4444,123620.32190281205,17.446662589161107,1.0854777790217114,658.065738849548,10,EXFILTRATION
4444,38351.71503940314,19.394525170424913,33.14397409301996,725.9066869924651,8,BRUTE_FORCE
3389,30365.827249337253,45.44175612321123,28.853085170054896,27.046469087814668,3,EXFILTRATION
4444,16072.922229772617,9.659751169056904,4.547158248022792,490.2523961111298,9,C2_BEACON
4444,61826.275763326936,7.639839044252719,0.5675174347946806,155.6028507030446,9,C2_BEACON
3389,424710.49867516337,742.8081199310462,2.8380360852418662,874.7770030398564,9,EXFILTRATION
110,1052835.6423145458,832.1798208551837,4786.586950633233,73.20434368539252,1,NORMAL
53,4573504.378555798,1691.183852762585,6762.737270507806,32.419498001452595,1,NORMAL
25,5099580.443161509,1099.0303728600193,4670.680613829243,10.320878360665148,3,NORMAL
53,544315.2166438283,4013.0126957821617,1742.6539015590376,189.5530715174985,1,NORMAL
3389,6138.138002464206,149.22328200504307,0.48350204532374996,10.112714286944668,9,C2_BEACON
443,8651259.51928275,2061.973073951928,607.9948644971247,23.22470135111187,0,NORMAL
4444,243748.71360480905,5.600423555214368,0.682737391729688,42.49997315528292,6,PORTSCAN
22,411158.8370846776,40.65681825062886,16.189615627619915,339.4124896575019,8,C2_BEACON
443,4934349.312543481,942.5627619736772,6342.864862051023,55.420105467846234,0,NORMAL
3389,216890.86549400887,82.87990300196026,206.86574593669576,583.4786735216138,9,C2_BEACON
22,548384.4012455008,2.8474898155769925,2.981714114536767,909.9989221454032,9,BRUTE_FORCE
25,966196.1666467987,5122.106938446687,2686.9032658929327,16.665073605991168,1,NORMAL
3389,336920.7265220549,760.7359763378576,87.46143826081614,654.7864177838588,7,BRUTE_FORCE
110,15006661.98622234,741.6249281872313,2824.5280119746303,19.996932183729875,2,NORMAL
443,459415.59826507524,467.12669947635817,2635.10694427603,71.91472502899786,0,NORMAL
53,2691129.9685243857,4425.337857489071,2488.162442073157,31.88149337933749,1,NORMAL
53,1238394.1559485625,956.7841809028657,1211.590733254393,83.57769878508869,1,NORMAL
8080,274289.71566060215,8.662052774049366,6.358840754657998,37.16110794266234,6,PORTSCAN
22,1911.9823125230885,1836.0313033237094,105.87186709588138,106.13101587643837,5,BRUTE_FORCE
53,4669386.315128416,994.946383023782,713.3249305382905,5.654855161971673,0,NORMAL
3389,55755.586925966425,13.83083488652222,11.37362411410329,179.05603462822526,8,EXFILTRATION
53,4349046.948153205,2964.2482293172534,4451.300131211887,0.304456197906679,1,NORMAL
22,311674.4682487538,4.732783692541196,1.192627889449604,259.1573615047556,9,BRUTE_FORCE
443,4302546.056146331,1413.3012435971248,766.5737986224235,13.04308586663246,0,NORMAL
8080,46293.37620549941,76.59946596790533,36.07714286487607,248.43882122369823,10,PORTSCAN
80,3222817.2354491814,1079.1683322664444,1248.9978497290715,25.94250384233852,0,NORMAL
4444,376714.1481697752,50.21903476903337,191.0086002316697,497.5569820080079,12,EXFILTRATION
53,797634.7512409319,740.8294142879721,4220.056411377743,77.9139981876741,0,NORMAL
3389,16072.937297115623,29.81082154124101,24.208628845682902,214.6666782539248,12,PORTSCAN
80,1093809.3679768639,1055.401101132175,323.1432743950538,67.11025773647263,1,NORMAL
53,1948084.5867783863,1523.6918790842053,1445.565529863056,1.8180930831367386,0,NORMAL
80,181195.01455745992,1363.3745621361832,5408.126322144009,83.86051735710207,1,NORMAL
80,4540657.918510815,1241.8731483593572,1120.0770339997357,4.888387856225898,1,NORMAL
110,28543891.567537963,1158.2839848020135,184.98341486607495,116.14923766361474,3,NORMAL
4444,272165.7322764354,385.3003059508217,1534.1708832493944,28.49913212317281,5,PORTSCAN
443,1334987.8350048964,337.04729124992764,380.01202897901914,1.494232275493654,1,NORMAL
22,99051.65888183049,1052.6160907019682,0.6102300080615692,162.95999139058355,9,C2_BEACON
443,247856.5789507593,435.1290554874682,4416.537413153035,23.775987800762895,1,NORMAL
443,262604.482363627,1256.2117223427915,13078.704756990399,20.904600180474894,1,NORMAL
443,2094770.327992616,294.4917943424114,1081.3372903428753,19.265072146224355,2,NORMAL
22,69421.35068900198,362.6409111044735,27.962503045680645,213.18665347503025,2,EXFILTRATION
80,12303009.362869488,630.938934720485,30029.29294738204,90.40104617870364,0,NORMAL
3389,170575.6627742864,335.99993429205523,151.74760001174857,206.93947943717632,7,C2_BEACON
53,2209548.5961504993,14866.403734296366,1316.9585972814095,4.23404604812062,1,NORMAL
80,3292990.6748508746,1361.7892490799325,683.8244197822886,59.49207746344457,2,NORMAL
53,3003268.6639110055,584.2948690363751,2902.5929346196954,98.59981389747081,2,NORMAL
1337,175801.4690573983,8.636729036072893,1.6510886952052346,280.9124069953941,9,EXFILTRATION
80,101716.89702263214,1105.1406524932138,10493.941059133103,39.401706494100665,3,NORMAL
25,3732176.2833953314,2242.253316050552,2793.063990088667,11.641738095967606,3,NORMAL
443,1854210.6800551966,265.23484582770016,1846.0508717664711,21.90627272823531,2,NORMAL
53,2483416.0933535164,2240.7138149269094,11351.2280590435,89.02370342971034,2,NORMAL
80,14573204.171928598,448.6233041785504,2336.107926776478,5.4729055434777765,2,NORMAL
8080,39872.08337557468,13.923071026947127,29.811140607387475,280.6900188253773,10,PORTSCAN
80,3570758.406840959,1067.1916678266753,4576.06667180763,3.2567229644051094,2,NORMAL
25,5111742.382590878,2005.6691329120908,19944.79984927282,12.384722392858471,2,NORMAL
110,16856228.44321864,733.0152976046801,1324.4316381491626,0.8251597866365837,0,NORMAL
25,2887246.669693436,630.8549631625152,6653.446735032388,24.855056088970763,0,NORMAL
1337,60968.29875782739,1.0416915238398061,79.86087960794164,538.902267986622,8,C2_BEACON
22,376736.0690356135,19.253225777038487,1.2357827999279165,203.48020309254528,9,C2_BEACON
53,17502691.032642316,1452.747227616458,9221.378909769359,203.14967816668408,0,NORMAL
53,5082488.064474814,2006.4001523198056,3503.4376171086496,5.996226526797685,1,NORMAL
443,16670484.262668803,810.5642482405233,6955.4467720358625,44.26255841924463,2,NORMAL
80,3652417.1517650736,2438.3285745798066,2418.1657961687265,198.9339481243916,1,NORMAL
80,22784440.461143088,654.5077053289573,8983.216751520653,73.04389079350202,2,NORMAL
80,1497372.7113287703,602.8815034967,1410.0658742050841,68.10606704154078,1,NORMAL
1337,339368.1485719891,42.52357917654183,9.229566949756425,1243.4670079461566,9,C2_BEACON
4444,295675.9614454883,1054.6440159218537,40.99858609734099,13.258150379568683,9,EXFILTRATION
1337,27391.31882286093,21.525341213112558,51.72050270199501,105.93224546861023,8,C2_BEACON
443,9433133.707858723,206.163126650623,2534.9938190168828,11.668148192892792,1,NORMAL
80,5326611.011716413,6389.895316669907,3969.000920746153,93.16756634411914,1,NORMAL
8080,88518.84637732251,107.13541009435637,934.6562745083742,1254.179915837392,5,C2_BEACON
53,15468529.241937958,522.0022964087435,3653.778847377964,31.08540724893652,2,NORMAL
443,1746491.3668912495,1168.214912059407,8845.037820263318,26.862036434245823,3,NORMAL
3389,363972.0115924385,12.223643201845608,21.072526507795338,1156.3326223427248,11,BRUTE_FORCE
4444,108533.09696716134,5229.729564839914,6.061155762534243,180.30424111984115,8,PORTSCAN
53,9537103.339422807,1297.546615008731,6219.600069237578,21.408502582669527,2,NORMAL
443,5196671.340724831,2590.5637286381866,1605.9618866605208,92.84756881341724,2,NORMAL
25,15866898.233462192,408.49392290220305,4170.477910802841,9.887971828419031,2,NORMAL
80,22224668.23166207,592.2758305065272,1912.8316803327928,34.1107541105956,2,NORMAL
22,392882.2935785053,65.05938377974485,3.080034764212328,35.21587508557667,7,BRUTE_FORCE
3389,139334.34624698822,123.2042419966394,97.61242553926147,1244.6776368743517,7,PORTSCAN
110,3015466.321096659,1636.2619249948193,7300.13332151136,71.05359155222942,1,NORMAL
25,3034451.838415383,2342.51799362571,26446.85768725969,71.13892455874723,1,NORMAL
110,12631147.132512623,7731.511779911103,3232.3478163919876,25.189000435498208,1,NORMAL
443,10991152.902598856,889.4687609369322,3811.693129149375,33.38814161060459,1,NORMAL
25,1423847.875510038,1886.3970567448014,481.97566093437104,74.75098002701532,1,NORMAL
8080,31115.82074070052,84.02048884218424,5.582111263862533,241.6892266240566,7,EXFILTRATION
22,38030.495027839956,19.31394695343805,250.426781482759,860.7980854244269,4,PORTSCAN
53,4773465.701841266,925.8623390551121,1180.5450879941675,15.869679078955755,1,NORMAL
80,5185719.2641394455,797.786883406834,5083.879167001497,67.94877411332466,0,NORMAL
53,4621779.113553947,856.9923102957471,1475.0658923229114,52.727688074442135,0,NORMAL
25,1407037.6927066494,1132.5928160446706,760.107959851861,33.315891897963255,2,NORMAL
25,2096364.130949795,463.3842254547443,1239.5291044614794,92.75550829064966,0,NORMAL
3389,127361.18751001409,785.2197542730146,12.905768866325296,19.71126211511747,9,C2_BEACON
22,488789.0505075404,47.287231094166415,127.58020613679494,1187.4000215555218,11,BRUTE_FORCE
443,730523.3725606236,1194.3339626082238,1820.520827541884,92.22425344397423,4,NORMAL
443,8152428.480167739,1755.501495282994,1200.1519066028227,2.7637514939472663,0,NORMAL
53,893338.4264307672,635.2623561676858,8796.574167555906,11.197594452144154,1,NORMAL
53,9598413.00594703,289.48019673385545,6934.000700392545,140.55064543492932,0,NORMAL
8080,864497.890894882,61.67946197992353,4.163144053799159,112.54271195688764,3,EXFILTRATION
8080,83435.51116075474,5.444632868613317,438.32527985181207,489.3426854830842,13,BRUTE_FORCE
53,469530.5829881879,678.4633189189185,4429.09496535659,130.63488251509764,2,NORMAL
53,2793250.6055556308,174.86158474420066,15977.183865788345,43.17896430516137,2,NORMAL
3389,161451.86437135882,31.835415910488262,8.911321425291922,459.7171758856136,9,EXFILTRATION
443,891847.432997235,598.4362482227422,471.3348608602485,33.82814477133324,2,NORMAL
25,9026403.50507553,1385.193446264884,4088.4392923112123,45.670042526886824,0,NORMAL
3389,175992.46576718343,72.81756836334408,22.985150828237007,48.27473362450672,9,C2_BEACON
80,4320173.596409552,1203.4354886649965,839.1842117309278,19.52806859383414,1,NORMAL
53,7056876.044507961,2435.9474312774237,1569.1248032195974,139.9008177674543,3,NORMAL
80,2414993.460363014,729.9558903897743,727.1397329878388,67.18177368810969,0,NORMAL
25,13290714.958562575,977.3175953490758,370.1553956732161,10.504886517431236,0,NORMAL
3389,358717.68001824163,303.35327749650406,23.695803962920383,1012.1016278252914,10,C2_BEACON
25,5589100.408782959,151.89331980525236,902.1186674689069,42.425892068646654,0,NORMAL
110,8321677.164334286,580.0734803239305,4522.71524347322,36.51410045558156,1,NORMAL
443,3318116.5307975947,187.14223960115473,1006.9884240823208,26.727059750726625,1,NORMAL
3389,318240.0040637316,60.72502556025313,28.52678991655549,4.101275944317619,9,BRUTE_FORCE
110,527663.7497063113,373.9440440104357,2704.615699575421,97.3821418200849,1,NORMAL
443,1820760.7875606308,971.5809281469424,81135.46247002378,56.37369201852119,1,NORMAL
80,14818218.591413172,2300.8110066157337,4852.756300320265,39.66890188641018,1,NORMAL
22,583300.6527484949,24.380309070713036,4.0868378833583385,1171.816008834923,6,BRUTE_FORCE
1337,184306.87744008293,555.9818464425023,24.466306771631537,175.01308415783762,12,EXFILTRATION
80,3271397.218303109,1490.7568712531966,8574.806895187905,7.835652040349992,3,NORMAL
4444,18732.67247141545,40.112848073636776,46.14815664978592,27.995570748149103,9,EXFILTRATION
25,4157343.1524483347,8471.658330441069,1723.6600906615838,42.44265757957636,0,NORMAL
25,2912807.7913034046,1332.9663114675327,8562.236310137028,0.9611271228880358,1,NORMAL
22,17947.950399530324,1.5049651248317126,323.42492471596796,506.27902925522073,8,C2_BEACON
25,3469320.7914792285,1092.8225803337896,1062.0932774866674,15.317079238360309,0,NORMAL
25,1655937.9870472245,2867.206406626418,3098.082177218919,67.26844261693752,0,NORMAL
22,31384.66952332133,2.810233857800109,18.50713874221218,765.6820799957744,14,PORTSCAN
53,5146980.999199005,2650.217761592438,16780.031373480546,3.5283267260087348,1,NORMAL
25,12222453.618197719,3158.337332605141,2397.126082826768,50.16845718822351,2,NORMAL
80,759167.0236347356,1690.8268152033068,3171.82198925,60.632421772900955,0,NORMAL
80,128377.0737638887,433.14542128353185,640.5338852227017,44.37605312133998,0,NORMAL
110,18189436.646904837,1535.948314882782,5151.304250225548,24.022500967591373,1,NORMAL
22,198549.95997406976,106.59523074364688,46.07622689066114,216.40334426991214,8,BRUTE_FORCE
80,2578269.899782583,3579.221112516286,67300.6146683413,208.28606659145765,1,NORMAL
3389,428980.88262490515,9.982486613354327,235.66100715954343,1311.5076003194783,12,PORTSCAN
25,2075006.8236564307,3286.1928043321755,11456.821437225519,63.466248984299426,1,NORMAL
110,1649983.439696683,2622.0832756766126,556.8424706273736,36.015033268170995,0,NORMAL
1337,244245.642356209,3.863702660427411,19.277479867680828,91.90437403522617,9,C2_BEACON
22,216702.6359634848,24.419336980344486,197.0951252273446,981.0005835528095,8,PORTSCAN
22,340190.77613523294,5.042932989817852,95.36735902852081,111.41393017425618,10,PORTSCAN
22,22629.531095935075,1.7829369737502514,16.82698081327676,558.6161302124643,6,BRUTE_FORCE
110,10810931.847251225,2389.344424623205,6401.854852070197,65.64569568622272,0,NORMAL
443,3047026.68173313,467.9599708151567,2411.4653933931854,48.014986219853625,1,NORMAL
110,6225224.015888809,504.3678923994176,1499.7144036955522,15.274043781697252,0,NORMAL
25,3945534.333813251,322.3418816805449,1748.6941076378685,309.6598358982268,1,NORMAL
8080,19144.25841797236,8.824991174439775,324.8505564663834,600.3181570279995,8,C2_BEACON
110,2058500.3687078368,1131.2329537574824,692.8923294978164,17.052524781037405,0,NORMAL
4444,181807.44007029306,5.717246558455161,9.307626325548993,604.7306747945088,12,C2_BEACON
22,38550.18201436857,52.220525205224504,80.41592679261497,92.94767861699357,10,C2_BEACON
110,2640738.2873178315,5374.609953444258,1142.961691150403,12.081133975192348,2,NORMAL
8080,172044.27641206078,159.88123769611354,68.27506163808098,511.3907113273003,8,EXFILTRATION
53,640071.818619608,658.3316557506047,1559.0518899739416,12.404511326470843,1,NORMAL
8080,291409.17636989424,6.498429931047417,29.33618720066798,906.86772833762,16,PORTSCAN
110,5496974.686168278,189.2618111357204,8488.845059358944,55.66515173162846,0,NORMAL
1337,20321.30714199533,0.35749793411459774,4.50652001572941,9.745604977468586,4,BRUTE_FORCE
22,42788.34597304934,17.043587120913994,581.6047064218156,1007.6017731462963,11,C2_BEACON
3389,112016.98345913841,323.2794785103167,44.42175252364828,29.812973946612644,12,PORTSCAN
3389,7672.73077510748,6.6685691031771634,152.38083577049483,92.43503735287723,9,PORTSCAN
22,70025.1760577298,3.949949628566613,103.36822216632001,2123.840273063287,8,PORTSCAN
22,287298.0969647278,13.251844105806319,30.60179068678092,1168.3867234215413,8,PORTSCAN
1337,405036.3330413189,1.5339103689890294,25.150639375838743,31.489871631483833,10,BRUTE_FORCE
443,5884669.028259933,284.3910790382779,2738.7016163222966,3.3732976504272774,1,NORMAL
8080,4769.800227654771,158.2598905408319,162.7684484114331,996.4766406079291,12,EXFILTRATION
80,8680727.484869858,1376.5365909404197,136.87620556505493,33.24109851014405,3,NORMAL
80,4754901.370388995,156.5655408430732,618.9441150167529,84.76620161982983,1,NORMAL
4444,397161.0403773326,16.07745928865036,877.2734809156282,278.37015738113405,9,EXFILTRATION
80,4989881.481727823,1010.4040915131787,4076.684887993859,0.13372834175025378,0,NORMAL
8080,8472.404064872386,14.519622657230881,251.03201472498301,439.40458600698526,9,PORTSCAN
22,139715.54150676477,227.83476679766798,7.08732223394295,203.84164234879475,3,EXFILTRATION
25,442878.38712911576,414.54109259966117,3620.990300840372,33.55882984350426,1,NORMAL
22,61756.81842964429,7.800029656439904,46.14099754838771,269.19415739529455,8,C2_BEACON
53,5954154.476886027,608.2442866430277,1495.0727765031218,3.4430091096092026,2,NORMAL
443,8198715.779244832,656.5676638796871,3160.9189518477096,26.253644554872512,3,NORMAL
110,8095268.805275634,2088.8907314074336,2478.6214107196174,10.482335789575774,1,NORMAL
1337,477343.4932253395,4.493748156327595,19.16357838048006,598.3821199107317,3,BRUTE_FORCE
80,13653169.554078681,2745.6364851521184,4299.298554422844,95.20469517318833,1,NORMAL
25,2289114.7020281414,2079.542002100959,4005.16976813656,6.007617572787612,2,NORMAL
110,4388052.6126764985,477.04487070616625,7172.4802332597055,66.26431584112564,1,NORMAL
110,10339762.025576105,361.5464884540039,1227.8698637213608,33.79122993720433,0,NORMAL
22,364173.76943443035,911.7194016532333,108.04955540524719,188.28814816806664,12,C2_BEACON
25,1003019.9191999581,3127.8988346211386,7186.917286337781,136.95344170907677,2,NORMAL
25,4404180.324119707,536.1891628173806,1171.096237001591,2.5061846952775224,3,NORMAL
8080,40287.08338583378,54.82175040762893,6.2675824720855315,399.9987483581655,6,BRUTE_FORCE
22,304556.1927301628,26.559383244856217,3.91693554047593,749.7421543025508,5,BRUTE_FORCE
1337,24233.23507444734,69.29873385330039,0.5450918845522832,2031.3604418110617,7,C2_BEACON
25,91232.76329167064,932.8390881594573,2219.455219093185,53.600090519281885,0,NORMAL
4444,15470.593154780528,4958.035080337798,9.52970329467324,202.07630373903376,7,EXFILTRATION
22,55980.11858691296,220.78948641222524,27.944896618507094,35.22898697285864,5,PORTSCAN
1337,198404.32954706711,372.3866467929142,7.256174990313838,310.2073158081121,9,BRUTE_FORCE
3389,73080.15491677696,2023.9035183329916,2.0365044352146366,629.2245478779356,1,BRUTE_FORCE
25,993222.1514339052,1511.6092063527442,7698.828489385434,75.63470289744475,1,NORMAL
53,8346656.579470676,1653.0598049124121,3278.179492209824,50.77043672090175,1,NORMAL
110,435306.27536083705,1307.240508645878,3033.8480972956067,15.397200212977824,0,NORMAL
443,2701125.777246215,1121.4194803189946,1207.3381081995278,218.54525359936238,0,NORMAL
8080,40090.31697500846,210.812209807058,454.3740390775525,342.0261074429037,7,C2_BEACON
8080,129311.53365292252,49.774778415583896,961.5172403134063,147.1045107840681,7,PORTSCAN
80,17692006.050808832,753.327424455583,8373.460388982507,142.87702536032768,0,NORMAL
53,2367663.5051643704,1599.2071582847532,10746.87897513515,28.497470550840404,0,NORMAL
25,3566597.1898022504,662.6703541665289,2032.8425498493502,150.17526444489593,1,NORMAL
110,4172270.5377173326,1143.1488017321171,9278.845455693056,45.17685171723195,0,NORMAL
110,1925294.3905249466,2898.4469656476576,559.2119631433936,51.74323959457996,0,NORMAL
1337,137121.9753880156,252.0088086904915,45.72485544293809,2539.8232840016794,8,EXFILTRATION
1337,76711.83994477855,3.7596942553721835,249.7074193592782,1435.1837386958832,8,EXFILTRATION
8080,7000.517274217729,67.45794437207988,1.886654205247301,141.6172577198279,10,C2_BEACON
3389,150148.36272977042,34.74333174803205,474.67757630574243,621.4539713730467,9,BRUTE_FORCE
22,25449.84322810576,4.064762202556298,36.085494780599994,181.934286103571,7,BRUTE_FORCE
8080,1022553.024640284,2.670005987007502,39.983353679137785,1094.6878114188999,4,C2_BEACON
443,1655860.0276558297,2082.9525157963435,3120.3286858253205,5.174982800578059,0,NORMAL
3389,322211.6720838831,2.149077068840318,80.40954146681723,1090.7955896226824,3,EXFILTRATION
53,9535487.36263936,556.4099092737254,2509.6338381005467,138.54892143522014,2,NORMAL
110,8088423.868321299,2819.2180556522812,1296.6823059851517,32.55061240827332,1,NORMAL
4444,317511.3597068412,117.7138638130169,9.434702703238518,287.8437547172344,7,PORTSCAN
1337,67457.50943389142,52.672811448598694,8.091807655126866,340.62412719607545,9,PORTSCAN
25,14112030.361567942,546.2400547637461,2490.8588819708443,50.6723620022066,3,NORMAL
25,1214434.3892208617,1313.5596959285804,426.8241754699722,54.5019969064104,1,NORMAL
25,2926252.774785166,57.15409600253051,1712.8363341987729,69.32153811048559,3,NORMAL
110,1673951.9767443705,482.1808126542352,469.411949214412,24.568399501530134,1,NORMAL
25,10387100.869663209,281.22780130181025,3326.8327597548932,6.713210316751161,0,NORMAL
3389,88112.6696328236,5.847394525501735,8.702352116948196,60.46074756290311,14,EXFILTRATION
1337,50377.20432261054,100.83965381732462,17.38769357427437,30.47858763635563,9,C2_BEACON
53,3395797.0523160407,292.92681869157707,4307.650707207608,10.09357265249833,1,NORMAL
8080,297025.19960733555,43.74764997611421,3.2923657693799315,341.6332230327678,8,EXFILTRATION
80,1239967.1426590304,614.6470758327696,3346.4405840763648,117.24371488804135,0,NORMAL
443,2379733.114151378,494.0130248482415,3504.9356373198234,35.365022100159166,2,NORMAL
110,1891086.9440627925,7971.5453785991795,288.0667294582843,99.4157317388732,0,NORMAL
1337,243723.21229456394,162.550550615429,328.15722433804467,1494.5056469935373,8,PORTSCAN
8080,256059.9819791138,6.406996126363299,191.8418547519838,11.340839510095119,10,PORTSCAN
25,800599.248605534,3366.702785223557,27615.770615808426,287.77635082347444,0,NORMAL
8080,127109.93966137743,96.1138990627253,40.453713113402145,156.1420616990726,9,BRUTE_FORCE
22,237178.60150146578,82.54664889901733,5.811172737509667,634.0807808280651,5,PORTSCAN
443,2951929.779407672,1453.945552163649,286.8385287550508,55.778816494009355,3,NORMAL
1337,173031.9614127308,65.88996891969484,44.361985466574914,132.7011911378853,7,EXFILTRATION
4444,52353.37862829406,365.5330758279896,186.31301116003084,994.1221704590738,5,C2_BEACON
8080,161003.91130965168,36.344991272433546,2.9307003343043747,298.4786892458873,7,PORTSCAN
1337,529864.7693943058,25.025054433909474,22.788893442454736,609.7643819399841,10,EXFILTRATION
8080,174986.01701377853,121.90589850574887,172.018427764305,133.43971155623206,11,EXFILTRATION
110,5911417.437719912,505.2418249454548,35168.391339223665,20.962201544973528,1,NORMAL
8080,402710.60164955264,14.085431587419846,12.103705985681257,278.62761470089544,11,EXFILTRATION
8080,420130.0996982624,42.20018682615802,7.180165118250827,904.0513497538876,13,EXFILTRATION
4444,323876.6801261121,5.041832921607234,5.023841920503178,582.739765679465,5,BRUTE_FORCE
80,319741.5758048822,851.8199099573712,3948.3951978630466,17.171165466777673,0,NORMAL
80,425474.7576855111,3206.481838173878,30185.712516732,5.664735151867277,1,NORMAL
4444,149623.21855094744,40.963506324922534,217.13670825935657,19.18458583782168,15,BRUTE_FORCE
22,24694.437939323834,15.861249160894312,2.558699129596281,102.15621394360134,7,PORTSCAN
80,16466716.577679178,5452.6993971657,1833.4209209324715,5.097674665600406,1,NORMAL
3389,87027.14948385942,2.0959661713823174,11.871389355971774,1032.806326947185,7,C2_BEACON
110,10411758.456332773,496.10063673779445,4947.17720177809,50.73152377949225,0,NORMAL
22,217734.03474527222,2750.0737299394905,573.5529461271113,106.9012110604192,5,EXFILTRATION
110,7864078.044329923,698.9867656154423,858.0354643527235,26.44476743626352,0,NORMAL
443,530986.7950099083,336.3002890015305,2401.472271488405,20.69456494943185,2,NORMAL
443,2409274.543765256,2073.323343908582,16999.842521775678,26.040553670372912,0,NORMAL
22,3476.680478595317,207.39911692861153,8.46645538228314,814.7622464652904,7,PORTSCAN
4444,577386.5820401994,1.271033081125893,43.317430771296976,675.1741960222565,7,EXFILTRATION
22,243214.35928036674,24.345129684812516,8.510455113222596,940.3636938168014,4,PORTSCAN
53,8039492.0404661065,836.9209589889641,1363.6974761677413,57.473891730547855,0,NORMAL
25,1852651.07508898,9111.78713927705,3750.8226071451722,149.75271326341553,1,NORMAL
25,9138216.913305165,519.0026645452879,451.2329208834594,121.2903045059585,1,NORMAL
80,12695936.934896046,1247.4411115684372,3405.1919959557144,81.19650541511082,3,NORMAL
443,8529205.127799828,4300.082174528156,2051.9586458470058,206.53446007124634,1,NORMAL
4444,3832.5914657010617,11.739589713429092,17.909411892382014,84.4031981732608,3,BRUTE_FORCE
25,9358047.81949586,1711.1071480871997,564.6537408191097,47.741611442059394,1,NORMAL
110,7274920.922196848,23.649558614772474,3642.2654667268703,14.158398065330896,2,NORMAL
80,9600091.936018439,571.7561189663811,7556.076055099543,14.643363913991214,1,NORMAL
53,125036.96128278355,2022.665790484612,1665.4788802638254,32.20854614544065,1,NORMAL
110,4771300.331013266,8055.607733393673,14293.162726227167,2.9891224272632346,2,NORMAL
80,1287242.3406502642,2915.6485601488607,2198.538978210383,12.5262035396526,0,NORMAL
22,125738.09609838504,71.4538280372894,31.60370581894197,881.8971882540251,10,BRUTE_FORCE
80,1015558.2409906039,1669.4817519185556,60.31614596861232,46.765241894699656,1,NORMAL
22,151334.04816736985,0.901173098852326,5.310610431021442,232.29989543668313,6,EXFILTRATION
3389,431449.1549069322,987.1433492859559,10.980892312693907,222.34101435628187,9,BRUTE_FORCE
25,3329349.595318489,511.95648403961866,5501.694229048008,26.659797315801097,0,NORMAL
80,1685307.3481326438,1956.4948669698563,2214.432322626408,15.345638209163335,0,NORMAL
53,5377924.429459356,1404.2680035780677,1098.4272580700524,18.52586493469846,1,NORMAL
25,1839540.068079712,2264.436099997919,767.6818985587546,185.7655482376848,0,NORMAL
80,3292339.6731342,1100.5690044666242,1136.030658363192,37.42447171017745,0,NORMAL
3389,337558.2772997871,143.9088992636376,169.14001849102473,2267.529913772615,9,C2_BEACON
443,9084540.907357626,684.8808632513679,6536.95558190746,36.42982635021957,2,NORMAL
22,305460.38668766315,758.1185734923974,7.492507481292952,1.1871065846358364,13,PORTSCAN
3389,618563.9980767132,184.6368135810866,1615.2056179932033,876.5998007562438,6,EXFILTRATION
22,225431.4600600841,100.46042230678556,123.05668547517709,1515.8162471454907,12,EXFILTRATION
3389,71620.23429891415,102.49533486242197,18.498841647105234,622.3402867236742,8,PORTSCAN
443,1933551.6553142257,1401.4907109337607,1506.513247485852,38.48697133057822,0,NORMAL
22,150541.9598106337,12.185229336519274,3223.0411105246576,125.20077169776839,11,EXFILTRATION
53,5147389.4111949345,2212.8362078045484,1853.2557583681314,105.29284535790893,2,NORMAL
80,1853084.9283724732,921.6137224900358,734.9575015782164,28.60065344156208,0,NORMAL
1337,65267.869353714144,232.48763976889157,11.01872972025342,255.58204016007647,16,C2_BEACON
443,6426.255541380144,250.3439027778846,1228.4907732476881,114.99996743557561,1,NORMAL
80,11576285.61528927,455.71986809853354,1516.7430129911415,84.46244359381264,2,NORMAL
4444,90725.31927336502,231.28483071216792,58.86095978985885,407.3921176330834,6,BRUTE_FORCE
22,133857.283125757,25.021349611044812,2.9840300169237626,483.601683362251,7,PORTSCAN
443,2341535.055413361,1314.8279025748366,498.81551678999284,6.638673906540999,0,NORMAL
110,14906495.301094169,236.82371103955396,2683.657130606887,127.7598433595049,0,NORMAL
80,478842.9631317092,822.089884466519,652.0709697194968,20.354405074079693,0,NORMAL
25,8816742.3432607,1655.8522948996642,4825.937185158429,8.558581156175476,0,NORMAL
8080,170356.28992966883,13.280417622367874,7.172700749613546,529.1016731766862,15,EXFILTRATION
25,4426018.264189117,1615.952554858618,4907.184069523401,14.416570267886646,1,NORMAL
22,161629.90073732805,2.7886304157202324,70.91214318189692,1735.272192958125,13,PORTSCAN
22,55344.417421659986,7.211181718135832,479.1457553421225,144.57405991629273,16,BRUTE_FORCE
4444,166098.30143907916,15.72333218043918,30.43843756813817,63.87009003517618,6,PORTSCAN
1337,472490.55034035514,200.12869525709593,95.89477095247176,281.41303963995966,10,C2_BEACON
80,4207324.262370907,1617.1564589492468,1326.2020990699548,81.0477763069761,1,NORMAL
53,6351367.952496542,934.7241901806556,1443.149803519272,47.2920707973984,1,NORMAL
25,775600.2277934499,1104.7238518810045,1419.928094039391,20.70537375946051,3,NORMAL
8080,89344.93728394996,6.741812431905267,1.164914128815806,558.9178977442554,3,PORTSCAN
443,1060165.8747167692,736.8993409768213,1297.85492618206,68.68401394125037,1,NORMAL
4444,141546.12919003848,20.052909801516055,446.19011593592603,1043.4871139735706,11,C2_BEACON
80,3675271.04301359,619.0983697418909,1752.3964261970168,55.97105386331332,0,NORMAL
22,313200.7660013738,2.245146874372486,99.34420494941635,97.46954079398769,7,PORTSCAN
1337,102163.75197219207,499.7754619443861,434.21276572115625,45.848900464398675,8,C2_BEACON
4444,199832.1375986211,60.46771024379073,142.70097605754233,1718.8224700840235,5,EXFILTRATION
25,2655937.719062614,844.0563667859203,1418.307954750875,70.65858561448812,0,NORMAL
8080,33973.67617832865,102.04830642478115,27.326073108558663,287.37802850823783,6,PORTSCAN
110,7178110.490598615,3724.947073042078,17524.19627945203,2.849079186721403,0,NORMAL
3389,58542.09942129971,419.7597646297871,94.35229778296554,179.65489487543647,4,BRUTE_FORCE
443,603848.4747071202,1348.4049151686054,18370.035287098035,1.5043856380687597,1,NORMAL
80,4901418.991912105,136.41045317553042,878.62201988175,4.202839241808177,1,NORMAL
443,2441145.1790312496,474.29216689817616,2458.7700779946417,39.86702773356979,1,NORMAL
22,33233.915743529615,18.202030806608608,43.31156120341519,1528.960808547556,5,EXFILTRATION
53,3299202.732598623,807.9502920966736,2866.402148427467,0.5178422953746927,1,NORMAL
53,105656.06028062779,643.2004221401206,3537.3943338041713,49.66206061896508,1,NORMAL
110,3649215.048235608,634.9792876815114,26781.72726769451,253.34465081147286,2,NORMAL
3389,170791.92290783676,16.74073516540908,93.67382955958085,823.4827916114348,11,C2_BEACON
80,11878035.374513889,2899.9361483389357,1806.743913882605,14.227423834477948,1,NORMAL
22,2253.7292874934737,226.23533961010088,53.388335643378376,1097.9173743145477,8,PORTSCAN
1337,357346.86314588157,128.33139050576088,19.107536326703194,599.7229420818221,9,BRUTE_FORCE
53,7321586.132536628,440.2804022695708,5042.354054842864,34.111900182500996,0,NORMAL
1337,37911.502131372166,6.714589862091109,10.79092454664607,402.1421409544073,6,BRUTE_FORCE
3389,162667.22675326886,362.021670478515,283.79688924421225,823.5231598239566,1,PORTSCAN
80,11344526.322154412,1044.3710989707251,4324.633122715618,121.5030740610623,0,NORMAL
110,3773346.094893144,1010.8471414837823,3794.3075034247126,19.44473965962596,0,NORMAL
443,1482922.6243266203,933.9663320264127,941.596027853145,0.9803258800520003,0,NORMAL
22,32217.951130144207,205.65402462957533,8.834261758558954,802.263515249397,13,EXFILTRATION
443,5455092.0655791005,1178.7963261254204,5410.437883050786,15.612426059418953,1,NORMAL
443,557359.2452565576,694.5765539412622,14103.499725278058,63.00715436491542,4,NORMAL
3389,90162.45138536707,13.440148275510634,7.779051274463233,230.33187664808966,8,C2_BEACON
25,6321470.17858399,525.9766323323917,5120.075687420046,55.44931501498862,1,NORMAL
443,2397861.072654757,791.1314590635516,1262.4875909860493,44.086884876876795,1,NORMAL
8080,173474.0078583026,2.0627757677333975,16.99834996912558,334.87571934319885,10,BRUTE_FORCE
4444,58562.79874203432,94.55330018547012,3.2513839563700775,626.7934799663294,13,PORTSCAN
53,938293.7419601212,1092.0996591034004,3129.143887655019,65.85000154008793,4,NORMAL
3389,5004.890722646079,10.320575966564425,29.77176219388623,127.67557202195961,9,C2_BEACON
1337,111282.03652040256,31.293173732678554,44.358383970888845,101.45693182609736,10,BRUTE_FORCE
22,79041.69902082741,5.0948430037554,43.15844624881289,22.432114289067545,6,BRUTE_FORCE
1337,160636.15828881605,11.686448328695171,0.05155614737988543,1023.3844000315439,4,EXFILTRATION
3389,275413.73938745714,21.2484702256353,163.95056422864164,1748.7163389402308,5,BRUTE_FORCE
8080,5794.178751047379,6.927179510874591,398.77324470152644,325.27047759664924,8,BRUTE_FORCE
3389,68291.97308628589,1071.6982519107744,9.721305132637719,143.98012320680493,7,BRUTE_FORCE
4444,554353.2065168428,12.254354143498395,673.4570122693194,282.2255178353662,6,PORTSCAN
80,3775669.752526815,660.0435855883861,2446.913129131545,48.55015563102363,1,NORMAL
22,169484.7467012799,903.4688480163387,3.3627213160475313,104.32768876381158,8,PORTSCAN
53,9751392.575475924,577.0176331934221,15133.562390578763,19.981712408404615,3,NORMAL
22,518827.82318303996,53.24008540001384,15.431938002819226,120.70700184864475,9,PORTSCAN
80,9490026.372696992,759.7013184397098,5978.748865507341,182.0221957227481,0,NORMAL
8080,8314.409183435466,334.9636526175116,2.1172390159715158,580.568730414041,10,BRUTE_FORCE
80,4918228.864824997,3923.2820874539657,1564.6272334816078,68.33175075373073,1,NORMAL
53,4260709.694313188,735.6418283790375,740.7000649301908,10.681477213279186,0,NORMAL
22,15847.123212506634,53.29946077602755,74.44319592286314,314.4645181669939,6,BRUTE_FORCE
22,9069.041773771805,49.69930255019982,4.103780560518999,489.90147848036105,10,PORTSCAN
4444,41891.00630932295,109.46215504481387,75.32180445984076,515.7103980343614,7,EXFILTRATION
1337,120725.63227375182,1897.801612161859,219.7930448757759,9.467016130164641,8,C2_BEACON
80,1251890.0055691225,298.7328725059021,11470.837750983008,41.53221420960638,1,NORMAL
25,432773.30501662847,867.3932633231566,2848.370587951455,48.02438775682647,0,NORMAL
443,8992659.33685352,4730.172812624307,2640.0756399310826,219.93142314195762,2,NORMAL
443,596757.074065457,5136.32264417407,10291.504874401422,12.463078091210177,0,NORMAL
25,229489.68102495334,3937.419929096189,2045.2133193983964,35.69940083845488,1,NORMAL
80,286773.1550269619,7253.785833607546,7698.195753116307,62.08566058573106,2,NORMAL
8080,328000.48402682116,25.60811264834578,2.7253275651597155,594.5901387561873,9,C2_BEACON
110,11493587.37800473,1134.792035551463,6053.091264182337,56.48742906356994,5,NORMAL
443,10114291.12740991,735.2639045345412,4110.235089435096,47.55197790496717,0,NORMAL
3389,15343.058980287833,5.097570589636357,10.553641399024709,263.7499634003644,9,EXFILTRATION
8080,160027.20231721766,114.3731432434272,75.22056308822599,121.74564123970657,6,PORTSCAN
110,10275230.184371686,1943.8878755195274,5147.032722087892,51.731478276899836,1,NORMAL
22,7307.341311774357,9868.364928381694,2.964240380874979,112.67588168171972,4,C2_BEACON
443,4153224.3333679712,4243.18378937299,9779.791823480567,74.51944570260405,2,NORMAL
8080,167011.32435603565,992.2036531459976,3.766553314074266,1131.1255875165048,5,EXFILTRATION
80,2456202.36367057,1228.2362349031841,474.0599807289541,56.49863699912719,1,NORMAL
25,3955067.458732003,831.8604554636048,6617.433581622448,57.63195158803966,0,NORMAL
443,11301937.549945613,1562.0754471901803,2012.653560856889,53.58219277639434,3,NORMAL
110,2988392.1674176957,3668.371813102635,26390.8591186188,29.761936942786416,2,NORMAL
8080,53254.15088128602,111.49681060583677,12.037163535881742,7.239137760751974,5,C2_BEACON
110,2017340.7826020687,966.1663000457692,1178.0692941922616,51.45209582961594,3,NORMAL
8080,130458.93808198099,18.762301200095248,14.135204620169565,637.4558026278795,9,PORTSCAN
8080,63043.68856135223,34.52149419373457,64.08469021524193,153.47078573280217,10,BRUTE_FORCE
3389,123650.6783422961,468.5535958804322,198.30835636478471,575.4283060085645,8,BRUTE_FORCE
8080,256040.340656994,8.105988694707587,0.37492251617812394,978.4868268433618,11,BRUTE_FORCE
53,5422091.1600889545,505.3229965072838,1427.9050930654603,46.624370997169365,2,NORMAL
4444,13494.556029738209,180.21514441385042,86.99514123648538,892.8054702610098,7,EXFILTRATION
25,3834204.519712299,2069.8792197369803,1860.475410478517,107.48708150392741,0,NORMAL
22,32561.997803032962,26.370704723930473,17.91480044943968,234.06742283263196,8,PORTSCAN
110,4522178.070501361,2016.5340886965218,333.37293415495026,32.12870406721274,2,NORMAL
53,548847.6382575579,1836.5803758574782,6295.643940166705,87.45858777883397,3,NORMAL
80,4128947.786646454,776.6710005962652,2105.050247483325,79.85658414296311,1,NORMAL
443,284610.7290437292,2549.8505430892615,1067.8054031320437,5.313335977127602,0,NORMAL
1337,220968.09923094301,2640.9617642589383,15.441125363175871,15.299056963670834,9,PORTSCAN
53,7759615.030596574,101.21405675280137,1683.7656122239987,3.8804007496247026,0,NORMAL
8080,683332.9147737997,24.460548907608715,304.4203261788567,142.3916611638279,12,PORTSCAN
80,6968108.623132625,5129.360991161524,361.64211538332864,219.90451947884964,0,NORMAL
25,4622186.913069447,452.27309967695237,773.2280190559206,47.80554545404821,0,NORMAL
22,259192.6649398205,36.51069613822621,7.536930942431193,360.0131592749239,7,BRUTE_FORCE
22,52838.1624983905,40.77754693023103,16.767070308235542,1022.2879148291453,15,C2_BEACON
3389,98596.47419858734,71.90050446552289,23.27165695640537,210.2974837974035,10,EXFILTRATION
1337,280310.59571486776,181.7842945663015,1553.8710654868325,338.1975253762621,10,BRUTE_FORCE
1337,367989.75034815713,35.0045367529868,0.8532686255987948,50.21962457311472,11,C2_BEACON
443,340816.96209910925,2768.066045240673,870.2301378514084,39.63701218118999,1,NORMAL
110,10571388.939487413,2012.8139861817585,3268.477082073378,35.14743306958693,0,NORMAL
25,1894337.9691203737,6521.799410599673,5339.549563257501,177.87862551523446,2,NORMAL
8080,220652.30025551526,78.30515526344601,23.513139307958234,660.4891801655723,6,BRUTE_FORCE
110,5315567.372452304,1887.9690715448776,4253.7423976592145,34.5564076680475,2,NORMAL
3389,159049.67354638627,45.6888885364667,6.7539763896003535,38.25539879927681,7,BRUTE_FORCE
53,4809228.852534038,574.6479979450905,9780.537731334247,213.09259728185364,2,NORMAL
53,1812707.9955787559,1654.6712558828422,808.0265708887081,4.233344847510011,0,NORMAL
80,8799122.932707446,770.8191320508528,1674.9999141582741,52.20113510033046,1,NORMAL
80,12008133.83357463,158.31235950156554,1962.2372794783416,15.959493851069004,1,NORMAL
110,4944716.610333097,2136.801732801489,3693.9740994027807,20.776474241489595,2,NORMAL
3389,460915.2185664872,11.737671219137614,36.56169175392647,212.97600641599465,5,C2_BEACON
25,4502216.64517409,2075.970513623898,3665.024882528037,89.52084377142072,0,NORMAL
4444,32587.50709069143,899.699893546811,7.864674926898839,109.20133516704907,7,BRUTE_FORCE
443,409450.0823524139,389.3177872657007,1027.0485434827553,112.2618341883709,2,NORMAL
80,3935989.315643405,923.5173033734441,6647.524944193727,12.501248033636566,0,NORMAL
25,2191329.0115388436,1593.4446615164566,1873.602249263312,4.996199342235485,1,NORMAL
110,1453114.6437307154,1374.421279801377,6003.634308900957,96.92813165074271,0,NORMAL
80,21176361.892871626,1375.1309029918662,24257.25370429512,45.71025458761358,1,NORMAL
22,226236.14337188136,5.388822077568766,26.30370642737762,356.9305791479797,6,BRUTE_FORCE
80,669092.7755226514,1059.3764509076261,1072.3786590000389,7.857032689454161,0,NORMAL
25,4166829.4433376375,1005.9243426852381,3641.603084181504,6.651169706708347,1,NORMAL
443,23170508.776151687,1122.5803683117078,3080.925013797795,4.511180593007356,2,NORMAL
4444,53613.41147848635,53.922328082384766,10.222431605031671,1119.2651000256394,11,PORTSCAN
53,3564271.144508582,1579.9824226409219,22214.322217585213,259.946934693206,5,NORMAL
8080,12200.030959160791,4.19333666367718,16.227597686675935,1264.8362276060755,10,BRUTE_FORCE
8080,7021.777921125565,629.3173744092103,32.06626598028897,343.08616900700395,4,EXFILTRATION
443,4061801.483558453,1764.728250571389,6913.053999724309,29.794802955878918,1,NORMAL
25,8272864.815043216,530.1849257329096,153421.12058870826,114.80987668591824,1,NORMAL
80,19724854.25772694,3863.325853040533,963.7933041406374,24.478576321411634,0,NORMAL
443,4948974.8601038465,1882.9397697343252,2791.416145822506,4.505355103087524,1,NORMAL
80,1922619.3066188232,400.04097504289825,768.0539984496043,107.5945717189757,1,NORMAL
4444,11068.304317810309,718.2819062465129,12.803441876163529,1568.751932656103,10,EXFILTRATION
3389,122724.0258608299,91.38861084789134,53.1651703400246,786.0573604953496,6,PORTSCAN
110,8081105.790325789,976.0478846675558,18776.238031407025,4.138963448397759,1,NORMAL
1337,129312.98798519936,134.73311340046763,184.65343351597625,698.6320941548321,8,C2_BEACON
1337,46990.82918574961,38.608472677109816,261.47912477884006,39.606222199833745,6,C2_BEACON
80,5736898.503200989,7316.49957656653,1301.8970651888553,117.03975983581884,0,NORMAL
22,242963.2002333193,2309.1829721742574,7.364814348433402,1232.363995781892,10,C2_BEACON
53,1201085.2277966626,1165.360048200002,4761.0862869175935,67.49885473149074,3,NORMAL
80,3986007.548931429,244.495764275389,12523.478737709454,164.26358666427933,0,NORMAL
80,1060434.6500803507,529.3287459490374,6466.280577672238,68.51451714436682,1,NORMAL
3389,118430.84448810488,15.780031655419076,43.39741843915495,52.5323976829368,6,C2_BEACON
53,2619368.862448958,14747.412167062004,3032.8510463689136,34.11229707542179,0,NORMAL
80,2002200.4879154614,1002.0038445960729,953.3191559756734,67.91622861688172,1,NORMAL
110,2407462.6721351445,6159.148354406378,5502.086481358888,34.72511239300174,0,NORMAL
1337,289644.47463065083,320.03627282710124,13.713055677670544,152.15542798052712,9,PORTSCAN
110,2652996.4319253205,413.86815312479996,109.35221969621838,21.2344058987954,2,NORMAL
25,1745669.8852171504,1533.5142199706725,2498.3705605593864,15.503035966428852,1,NORMAL
110,19561481.012919683,988.3044245234211,763.1703189882822,20.738354934807703,3,NORMAL
4444,135621.40480385892,66.03844310901039,3.915552323056417,195.1731371264138,3,EXFILTRATION
80,926601.6060389448,499.4102530851314,3541.5075978774858,35.17919558835913,1,NORMAL
1337,140484.76826256665,587.8274856484288,199.25391065219452,972.7823745434692,11,BRUTE_FORCE
80,698331.8930676549,2419.073765495913,6539.5667207699325,78.48597473036705,0,NORMAL
25,301751.48155967105,7882.059283324332,3210.1778248921432,78.9707570408611,1,NORMAL
110,6012001.380360441,1390.9353700532129,9782.589044974291,42.96422073736835,3,NORMAL
4444,296847.5825740338,95.69001790263627,75.49090588520288,331.21600159208634,7,C2_BEACON
80,4329335.735985363,544.7893418889348,1280.1948999840142,51.159537798923004,2,NORMAL
3389,35631.75688597343,37.583873489850326,50.42906337028192,34.17802616311936,9,EXFILTRATION
4444,10864.755044330368,9.475766812267581,0.8737761258650513,618.2338749372511,5,PORTSCAN
443,249977.62539450644,2088.7279015567174,9282.272095673292,77.16311738807879,0,NORMAL
80,3310308.297924546,811.1233933799924,654.1614111985298,77.94585582108832,0,NORMAL
8080,64743.00717961342,24.396028612346914,16.37946390403588,276.32905327597746,2,PORTSCAN
1337,198239.5827643812,44.2651264695995,22.545552062622093,947.1983470414875,7,BRUTE_FORCE
8080,316236.3275940576,9.861831118173358,12.505578154306729,637.5304978981441,9,C2_BEACON
25,770336.2970968471,311.3554197892737,21930.874368798177,30.44652721421554,2,NORMAL
110,7601557.207391189,2718.5458025543553,676.9512252093289,59.42942041882742,2,NORMAL
80,5987809.431288189,5140.170157217328,6774.534867324808,48.982497767777375,1,NORMAL
53,4712866.304513389,152.8858277004625,1688.0690087094501,79.85595490743216,2,NORMAL
8080,138639.57739417694,26.1638342034897,921.9721531601098,229.9665123425315,6,EXFILTRATION
8080,386094.78578930337,80.16650781722213,0.15821900706481973,1086.875365636363,7,PORTSCAN
22,119661.78632607125,1097.1135098285795,39.43821103143957,633.1096092933813,6,BRUTE_FORCE
53,8730151.11074391,1138.598132861013,1253.837660130682,63.37656181111575,0,NORMAL
80,8858007.855018076,233.91167634633592,2419.7564641470703,3.353978976355925,2,NORMAL
25,5281558.624441863,3233.488802026976,5177.380275789732,60.51620386285854,0,NORMAL
25,986353.5276191765,2937.7513226811034,2992.4196563624223,74.65590421573609,2,NORMAL
110,4637883.172044347,525.8546789166918,6454.164119682084,9.949505339390296,0,NORMAL
80,3056146.022058886,2128.7141293481595,43381.81409678819,3.901445501954013,1,NORMAL
53,1153823.719438679,1135.0066572395344,4930.571814150703,14.44012564365352,0,NORMAL
443,6375845.698710735,4696.33859089361,3160.234939610538,16.37513383615032,2,NORMAL
4444,58881.94472965075,94.318305277976,49.72499820344331,80.39767045161271,6,EXFILTRATION
22,55403.41868770581,361.96132622550874,17.18764157985947,255.33433832489004,9,EXFILTRATION
25,7302093.088203278,3093.849763336158,17627.066780386824,118.48984000272549,4,NORMAL
1337,214827.07901730397,1.509665274235226,3251.9026173887128,372.4719761867049,11,C2_BEACON
53,6904985.586633709,1360.5832824413326,1916.0110925650113,55.085518394141374,1,NORMAL
22,33304.33784936992,558.6068070280578,8.543954549516643,529.1829509046156,10,C2_BEACON
80,2905032.4623568603,1219.4837829337112,3780.714572388489,150.4150153431504,1,NORMAL
110,2153967.4151504883,1065.1035471343396,1156.064866927259,11.620440858943638,1,NORMAL
8080,522125.94007050095,100.79538320420893,2.0722708967866392,183.51426212689142,14,PORTSCAN
53,16595920.786641002,1107.0192928037513,6224.468617397416,25.075713773512675,1,NORMAL
4444,375110.37386399426,408.4313300453169,982.800348969243,2307.574647930733,17,BRUTE_FORCE
53,3705402.9539204594,383.7323138595065,1630.914506349698,19.69766918437887,0,NORMAL
4444,673896.6921702552,3.362678465635818,3.3804094141689505,1647.218441381998,4,BRUTE_FORCE
3389,154678.8403838372,1056.9572930299166,725.5652971815551,1187.4720637982691,12,C2_BEACON
443,6134562.872142879,748.0098581836726,40662.640515013954,65.01219263740981,1,NORMAL
25,2595705.402521725,615.1018733304522,2559.104738154745,60.97798581742483,1,NORMAL
8080,427762.4227384861,26.336998197481908,494.9123893003532,337.7193521941336,3,BRUTE_FORCE
8080,117880.38639273151,79.39712461897898,52.791863310540435,358.11596726764435,8,BRUTE_FORCE
22,296996.36877272074,109.30356795542889,6.29253633989751,2221.09543259814,10,EXFILTRATION
4444,401659.15716459457,385.4305253443188,4.189775944798432,18.396918135880323,7,BRUTE_FORCE
22,12516.256927789385,280.4210353006142,32.40761402624354,371.3178242433486,9,EXFILTRATION
25,142622.44397212923,1448.0635212049224,7059.91546613656,208.98659211818074,3,NORMAL
80,2376870.7771586995,2353.5218614754326,4310.336371498129,7.79554400429069,2,NORMAL
110,1179290.1497912002,127.36875784806773,19361.05297544041,53.627275756154845,2,NORMAL
4444,176044.22432957208,273.3661831521851,6.229050896624893,2515.898142573392,10,PORTSCAN
25,1285820.059351419,8284.769433536652,1214.320795200331,3.4378149143064043,0,NORMAL
4444,41191.24040022346,40.22714498589769,23.02871238257898,25.051633299344402,5,EXFILTRATION
25,5139040.211595745,1501.5713745646237,814.5768554221952,40.687772408988714,0,NORMAL
8080,395641.3275536445,8.767378237807955,5.49985870833283,678.7590581872734,5,EXFILTRATION
53,2217541.0962307258,188.67786027426988,5669.001449538702,36.19959722868001,0,NORMAL
25,1245433.667705362,3778.871882506245,4376.101043496269,26.76424345171701,0,NORMAL
53,1600944.361885238,4213.019994352672,1407.9233483836128,30.498146556655108,1,NORMAL
3389,46006.54910676952,1878.0400660145983,1.5096009146992457,200.31753853096455,8,PORTSCAN
1337,160815.85416573964,58.14761822496682,20.609749771784482,20.68589222783655,11,EXFILTRATION
110,5907951.561905151,264.8347415798251,4126.732057779465,91.92636771766077,2,NORMAL
25,11256968.633491736,949.9586062604528,413.3052136305252,11.881561384493361,0,NORMAL
443,4213835.228496669,308.8091077198976,10931.564627030219,50.16708505362671,1,NORMAL
25,715983.0999231378,3606.4348428538324,7232.060351078189,5.105927186272528,0,NORMAL
80,999884.020783785,995.86864233893,1100.7185134562963,10.472832374651157,1,NORMAL
1337,27016.35145278391,166.47394359484883,122.1863200550086,68.09907522793758,3,PORTSCAN
443,663920.3107611319,506.6435059545701,194.84285403828682,57.17188466927203,1,NORMAL
53,9596309.883097615,793.5250061571546,1655.8457340371112,16.266707083147303,1,NORMAL
80,1054400.0735833899,633.2346561295951,9826.15852722237,25.731193400547,0,NORMAL
22,213579.73345100487,16.692755250138966,16.56537713243398,82.62967732596861,8,C2_BEACON
22,248440.46121124012,1.6739961395870253,93.88140922746358,37.92126605713229,5,EXFILTRATION
443,60378.22640070042,2638.1311064812376,1919.9931862617161,130.62523522065123,3,NORMAL
53,832710.8381471463,1366.7477809875365,1056.7923401121689,42.58339627146545,0,NORMAL
4444,26477.440539882242,48.06062893404871,3.0885514860991643,258.7846243349649,6,PORTSCAN
1337,571601.0974893449,38.63326442305616,3.8069988800372667,1425.1434943046863,6,EXFILTRATION
25,6752381.898139078,5863.224351696853,1804.6127443175217,16.13989941826069,0,NORMAL
3389,124793.1630996304,18.080481454949084,12.325083031914671,275.5920779272056,7,PORTSCAN
22,193970.57563091014,377.3147117808065,1.4539482443147376,675.9107208585525,12,PORTSCAN
443,5641210.266796739,1118.7815677860306,69589.34157620235,65.27544454774494,0,NORMAL
80,12286872.372617295,416.49372778246135,18280.44812206526,2.547231227460842,1,NORMAL
53,6188218.006831482,371.3553686518291,8220.089413355388,35.98714282892763,1,NORMAL
25,3083978.390984969,1772.3535257623246,23194.01695236104,140.0475356963333,1,NORMAL
80,7809430.762942225,2745.647338005655,5759.778042299115,11.82308566143089,1,NORMAL
3389,74594.73978324003,237.2796525864878,10.598861599717225,241.2751301191207,11,PORTSCAN
8080,924359.3963901986,95.27895143304592,4339.651459553392,261.3524740402856,9,EXFILTRATION
3389,744643.3625102281,15.337906247647155,60.64199965789524,111.32389977581069,5,BRUTE_FORCE
1337,56866.98004615298,308.0687503826701,2.9158609600188417,145.92132718989845,8,EXFILTRATION
22,137006.8450543113,78.5736924503205,63.908089044499256,156.54936197095742,6,C2_BEACON
3389,571543.1476028666,88.2340853379668,1.5032582132218109,244.42372762404986,0,PORTSCAN
4444,535029.426621351,60.219482873639336,12.770110056446356,150.69762839963198,8,BRUTE_FORCE
1337,220118.54766920384,4.982562464288929,4.913336547394114,378.00040343924223,12,BRUTE_FORCE
25,6146843.144767957,640.3763392864743,5384.385680658143,4.695355524375485,1,NORMAL
8080,304256.16881913826,81.19573572615116,22.4603535335355,896.8990212894499,6,EXFILTRATION
25,157804.89706512145,296.59198870572527,2742.578552987575,79.55004082754327,1,NORMAL
1337,7037.311046928542,3592.151662593161,10.771667234507786,1155.6656624134555,11,C2_BEACON
443,3215205.2691357806,468.26057226515155,788.5457010616481,44.04519307234081,0,NORMAL
25,1857023.6523790748,708.9159468557959,3642.4197491984783,12.66546815795807,3,NORMAL
443,7523349.513208136,2212.3775717379335,1471.762953969207,48.17481330295135,1,NORMAL
80,1226868.7309126556,4372.956112426747,12731.986804828672,18.995695796443034,0,NORMAL
4444,695816.1784967134,179.93437730367359,8.708716736239058,311.14788953279077,6,C2_BEACON
8080,26034.937461213085,66.56973644496338,17.851674967470323,790.1919149730143,5,C2_BEACON
3389,52339.07567408934,26.938192710153785,16.981284203932553,46.516652229459936,7,BRUTE_FORCE
22,575923.8987180592,70.47550431847034,19.44309616094599,742.0139243272554,8,BRUTE_FORCE
53,1857554.2843636158,4066.776349237351,763.0192660580228,53.40858853944904,2,NORMAL
3389,12376.520107256732,33.48505691346539,20.705401177750677,367.5896535943415,6,BRUTE_FORCE
3389,248235.42480580928,22100.096976665547,68.40000075241157,240.84356651966914,11,C2_BEACON
22,24680.011816349102,11.249144460645962,10.17498864759809,147.8629626058079,10,EXFILTRATION
3389,101142.36401285701,802.2597136256439,90.60897916500595,187.26891445373806,7,C2_BEACON
110,3545340.400828051,238.06378545585676,3955.8250865381574,67.40839313984424,1,NORMAL
22,117067.33926994241,238.3942100921032,28.901641111358074,230.18066045844853,12,C2_BEACON
110,5072338.503562277,656.4672151383135,307.8147340902031,205.28132135855876,0,NORMAL
4444,287012.5733780339,632.9250698380087,15.363703879858368,2480.929281436611,7,BRUTE_FORCE
25,12342604.583586723,655.8362872189942,1840.036780251286,81.70843514799121,1,NORMAL
25,8420451.143894019,1085.216593011193,469.2288629009776,3.9540036536310192,1,NORMAL
4444,308700.2326150567,812.1792313180694,1.4969253027750633,82.78726619231503,10,PORTSCAN
8080,31862.092700967736,35.84265942891781,104.53979210066224,220.93720851183974,12,EXFILTRATION
1337,275034.93331178604,3.3206425892834837,818.4391795658839,253.23319384212735,8,EXFILTRATION
1337,32828.29751150295,117.64293325658534,199.9081754654821,114.24277422324539,9,EXFILTRATION
1337,268720.00713610864,63.706303430187155,35.87547902266732,612.4518741191343,9,C2_BEACON
25,18766774.861734074,2320.981592602429,2601.8402108793866,11.396416518260272,1,NORMAL
53,7145270.456607442,383.39233330334156,274.00845527900356,23.020110302136654,0,NORMAL
25,4246477.107245864,374.0350525524768,3093.7452962796733,13.134917443252506,2,NORMAL
25,6112324.536560376,1032.6106649020658,3959.908885245456,54.58561119631922,1,NORMAL
53,5590384.468442902,6330.881747656751,3654.197513639223,17.318541081382378,1,NORMAL
25,1764035.057938895,411.8667067582016,5378.084607784527,13.056578561432103,1,NORMAL
4444,14037.790311041717,22.78625154983121,1067.6002257380287,2.1180842428032234,3,EXFILTRATION
1337,293919.22332037316,1.481588595909396,88.77698855638931,526.0343663215558,1,PORTSCAN
443,840827.3523907365,709.7134180748818,851.4794665468354,48.11091200471383,1,NORMAL
8080,214031.24084041614,115.46698052954739,38.35861184015156,50.017904734309134,6,BRUTE_FORCE
3389,44395.948403676266,357.9733748392965,9.213719773585005,1205.3984378932907,6,C2_BEACON
25,8686289.712209756,2089.5203129562274,8094.018785166738,47.05821595803815,3,NORMAL
1337,16749.198256628268,10.122593632525588,899.252515786204,1.0402998773111631,7,C2_BEACON
80,1806865.7165360372,719.400113160322,4317.407359731103,49.79880804886166,2,NORMAL
4444,14827.399848990039,0.6850719981448753,23.063906948419014,33.564118501302794,5,BRUTE_FORCE
110,4068877.8551394963,1807.2450777242098,4843.0006900426615,45.06321639528788,1,NORMAL
443,2975433.277603055,1981.8800455676555,1293.6532347958741,20.756137283992633,2,NORMAL
22,286282.4668151466,123.79369895805186,0.48962652066838397,226.74934430744543,4,C2_BEACON
22,473281.23404564656,1095.477213911734,8.026351989986946,742.9450452505689,8,C2_BEACON
80,6896371.421718794,781.2628941865314,6311.269705215971,23.175133132460818,1,NORMAL
1337,532105.0472405512,191.68039681307337,206.52860502026127,480.872370286046,9,C2_BEACON
22,609172.2197346921,687.344630276213,2.1414119341134934,862.9806407183675,6,EXFILTRATION
25,4535992.180495252,1349.0277634757194,6891.740506939157,82.6706008187151,0,NORMAL
3389,49048.001234608404,515.4099234683588,22.51706623811611,493.2341278075027,14,EXFILTRATION
25,1331173.8744306478,52.213624195970134,1316.7336021846554,58.21392187368738,1,NORMAL
4444,275815.2402444934,568.1473712788468,28.44041827489873,264.6238647309941,7,EXFILTRATION
1337,318648.30896188854,15.946397377859345,29.823974546149767,593.1650938277413,10,EXFILTRATION
25,203839.0074753596,1025.1081943289655,57891.191958408504,4.90782698328698,1,NORMAL
4444,156864.9962579497,124.82015320611764,12.726616505011888,906.2112227792427,6,C2_BEACON
110,5521341.696751427,646.9691346815283,1933.6304932501866,12.948493932780957,0,NORMAL
1337,135999.54850761464,60.35694685199835,3.2366987145670865,822.0091989545635,9,BRUTE_FORCE
80,99026.85211840375,3760.112805564827,3219.1048854922337,177.20216210269737,1,NORMAL
80,4915374.796716641,509.5528462041912,8865.007184214566,28.174894172603064,2,NORMAL
4444,71490.3383372013,425.8850160444888,182.044546151574,135.11860891941566,7,C2_BEACON
53,7041417.244215452,336.57010411643745,3521.4805362133484,4.966767135421593,2,NORMAL
4444,67578.18692087736,1513.0422490136505,40.031579044224955,974.3676339020467,10,EXFILTRATION
80,2069779.7134808633,903.2552726520206,1324.0108928711284,142.1491535364543,1,NORMAL
110,1661761.874013243,10003.494150708118,8955.720482122499,64.29136805556757,1,NORMAL
25,20981.177611591673,1211.7565923914692,920.3012978972472,4.569616008723674,0,NORMAL
8080,190205.1485381639,37.48266742966581,37.729665681459366,14.200822229555099,7,EXFILTRATION
80,2970779.434447734,2163.091700229112,7958.346121614378,96.21271232252398,1,NORMAL
443,4884256.69370165,1356.71877574367,373.80469256661286,87.51879472313286,3,NORMAL
53,2155349.588921047,3063.0028457132544,3373.0015377371624,10.121470452297219,1,NORMAL
25,2449190.4824707108,2602.0893101517136,5887.940096451796,46.29398029777897,0,NORMAL
80,444464.1954546506,2883.6355022946873,8326.99323427191,41.91296776343143,1,NORMAL
443,4903396.593366631,1291.970774322695,1282.5436665756035,9.523555937742236,1,NORMAL
3389,58250.45063956549,85.08148789914385,3.619839584337906,149.55310253015006,10,C2_BEACON
110,1181957.6504639685,759.7408477126626,2373.2658748210674,6.339050021350951,1,NORMAL
4444,54150.06940356335,582.310637693798,0.8934412493607724,15.240781510322591,7,PORTSCAN
110,676495.119516575,765.1630179109055,4563.210636987431,121.08834715948194,0,NORMAL
1337,146932.50536560215,71.89041447162614,3.3081530396498167,792.7263330254771,7,BRUTE_FORCE
80,9008254.715260418,121.15692992146336,3060.951949346524,7.087176566315426,2,NORMAL
53,1486321.5194438417,1757.0495034307248,6694.877562855431,128.18524288583038,2,NORMAL
80,846670.8593202988,1999.6611399168,2847.1861251926707,34.80164171700011,0,NORMAL
4444,21485.45536607293,189.32951747172095,106.8669925286556,43.725518604782835,6,C2_BEACON
110,610899.9602420944,2734.5212459327704,588.8332607607065,10.285715988409278,0,NORMAL
25,2445379.7115747514,1367.3513198232224,1103.2735042834179,35.162612107896585,1,NORMAL
22,319000.01222287194,32.407761309597916,29.067316329172552,579.4534878557819,10,EXFILTRATION
4444,114478.90756763992,87.96303474880828,6.144076820029824,20.457119696410217,7,EXFILTRATION
1337,618130.4723797878,152.90789396684443,1.9963230821530211,119.65711030375941,6,PORTSCAN
25,10483042.751819583,553.1114940425107,348.32843551324197,1.125069684877877,1,NORMAL
443,14907290.35782253,2145.2637944964154,3401.7381097086513,9.002759556720637,1,NORMAL
3389,174613.72855071357,57.9163957113448,117.61855523669088,412.8280211586771,8,C2_BEACON
53,834698.2093953822,1725.4133126173365,1539.8096558618465,10.741038921481353,0,NORMAL
4444,18370.2622329042,7.178849820268787,7.239733470322186,1074.565380208489,12,EXFILTRATION
1337,454385.26388945506,1174.8505779694538,1.7979196175357592,258.76397577470954,13,BRUTE_FORCE
3389,135781.99191060144,4.5348442416384955,11.808041480728269,770.0315652909139,8,BRUTE_FORCE
8080,5812.582524774548,129.92645504646458,954.3565417260927,672.6493419630133,8,C2_BEACON
22,494159.58554044267,14.038658774790564,48.065644796893075,116.16982289975385,11,C2_BEACON
110,1262153.945905463,241.1902250251001,10983.075460537146,12.008850532593513,0,NORMAL
80,11868610.808496915,690.5352584082921,4588.842661186118,63.16152715329481,1,NORMAL
25,990177.6191875862,5203.885773798468,1560.5982052863194,19.953873997945553,0,NORMAL
22,570840.7482653683,59.516496381098456,28.045880699250734,393.62663637843747,9,PORTSCAN
1337,4595.519866133749,315.1729051223486,20.19333926180696,750.3153600442316,6,BRUTE_FORCE
8080,161071.9477156914,78.55209305362756,3.1094606013779638,660.8100785656295,7,C2_BEACON
8080,62032.83634571589,137.84788749282674,140.36398073868574,1263.2035028447583,9,C2_BEACON
4444,605731.3153874951,205.06100770617513,8.952968456125122,258.3417072319161,11,C2_BEACON
25,920323.962319994,206.20129156285844,2153.0954329816955,17.776316344862337,0,NORMAL
22,561604.3576632445,16.85973829214163,3.4942716388930677,838.106157989486,12,PORTSCAN
53,157746.82206370344,676.6284342809648,3936.3293335849507,7.393655201748708,1,NORMAL
80,158355.94071890102,913.3310699701591,2069.6228887627803,121.11472100240314,0,NORMAL
22,535371.1310827176,701.0499553579007,7.503232381407224,29.827298998621114,7,PORTSCAN
80,5844304.546806069,584.5055268830478,2127.2113708381808,23.299308104567782,1,NORMAL
80,5526319.77577511,138.60446268874867,523.1165036360767,28.478185731327947,0,NORMAL
25,2709544.0162490197,4836.227017000246,3208.6719157098005,9.397885080739862,1,NORMAL
4444,145475.36549639842,82.24699107433149,6.633821130719407,322.52381347718443,17,BRUTE_FORCE
110,20473953.833050344,581.5664757761283,75235.46507061152,12.537012429309735,1,NORMAL
25,714631.942376169,1299.5167817072652,5466.898944442547,67.33613001587595,1,NORMAL
80,4416719.172317863,326.77026594657957,4525.5721663608365,36.4953182668604,0,NORMAL
53,276667.8841507926,1014.527802345278,1452.2025075237218,1.109288082797959,1,NORMAL
1337,588175.5349691226,4.034358772949489,21.566553302059024,482.70063144296984,9,BRUTE_FORCE
53,19494135.965414327,1575.8389736109395,843.0045319812697,84.78605007100195,0,NORMAL
3389,20561.127746898692,13.501770075008633,8.748031022841769,1347.8401625154452,7,PORTSCAN
443,14420488.141110828,393.99580178347935,1474.480668064819,15.070393487254455,2,NORMAL
53,1090656.821067724,5791.763232040154,556.0111470256802,71.3604886434832,0,NORMAL
4444,134393.72025665847,278.79628856309097,26.3149213503423,524.6152074233592,10,BRUTE_FORCE
4444,100113.1235068752,3850.7910118936,4.551712754726185,911.6715542144026,5,BRUTE_FORCE
80,5936449.035572362,4291.219529653988,20647.226495767623,18.88124129543121,0,NORMAL
22,539553.3900350636,24.752392693192682,89.49151412708345,815.095405280478,9,EXFILTRATION
22,17816.590277397736,86.95334977463814,504.13752849573393,75.43692047648764,7,PORTSCAN
25,1731184.464073511,2192.5383385098708,4452.097263445177,19.475557212533182,1,NORMAL
22,77984.57619798207,20.898920079461835,15.88780243265949,201.74474299650666,8,EXFILTRATION
53,20357110.373393193,9802.73788036885,7120.321875225396,114.57521257645628,3,NORMAL
22,91143.53269452737,187.4938133068695,3.7499975415222013,238.8957448558544,7,PORTSCAN
110,3089255.569982458,1157.5392131593014,369.13383410838435,9.627118624743233,2,NORMAL
25,4327154.079823671,5870.091157898345,5681.408771251685,33.28587227473632,0,NORMAL
22,354906.04930871987,1170.6084499386513,62.00909126844918,716.5048951017784,7,BRUTE_FORCE
110,6087510.445297679,1189.4867226943652,812.1492643772381,88.94846743760678,0,NORMAL
110,717594.9691092814,356.42420012416693,3506.3784748311214,129.9213169626188,1,NORMAL
1337,609188.2133223822,234.325465374945,120.3197192268932,94.80951688569898,7,EXFILTRATION
53,37455.64495861902,826.9625485429348,1494.5720016994203,69.84835588766532,1,NORMAL
80,5570344.701958334,458.15843235635776,1023.5190155187893,41.17559512861976,2,NORMAL
22,19118.258008925055,1.3988602505160128,1.3261835378101259,676.536579775617,8,EXFILTRATION
80,4709426.506615993,2484.884713393312,4124.15393291654,144.2551016753325,0,NORMAL
4444,552490.4961021997,10.928180738854833,0.524541260099998,94.6278090292114,7,C2_BEACON
25,3348888.6813008124,1630.0516109635312,433.58017081755634,3.020365085454465,1,NORMAL
3389,528726.0063809317,21.318916593270945,5.114771300858598,493.8241153566564,9,C2_BEACON
4444,14324.68240494124,112.70064574324967,22.91722180969033,90.38159623199675,12,PORTSCAN
80,3533898.8242229684,536.6445102228,9282.240531843097,177.44167391765814,2,NORMAL
1337,46235.09409818062,48.41890242243049,28.212859832690178,431.22306559470263,6,BRUTE_FORCE
110,960534.0927009861,565.0054685074317,4056.2828420371793,131.93210519083829,1,NORMAL
8080,333523.61622992135,311.61782187852106,1.1159210918989773,457.89670529719365,3,PORTSCAN
80,1943634.203767241,13989.391004538287,4060.6490284854613,62.56060759039143,1,NORMAL
443,11785153.543676272,1634.4214061108848,8203.04207709942,76.1238690571969,0,NORMAL
4444,22129.495394472782,42.801538233181645,5.660420921665142,261.7386492205036,4,C2_BEACON
8080,138618.03091600683,1510.6197574905002,28.40642843710179,164.41107073502423,6,BRUTE_FORCE
110,6185667.122174916,2886.8809688515307,306.80082511155945,72.31314606706937,0,NORMAL
22,178598.49473048985,35.79975369589182,20.608915446100944,40.11405433044249,6,PORTSCAN
4444,279933.70969274966,0.6088457146164296,6.078116178378104,424.08844064631506,8,EXFILTRATION
443,7035212.972685244,1146.0340024756003,1293.3984197715483,33.275481483223444,0,NORMAL
53,3591225.7890014225,1327.5948940477033,5171.890557927141,16.076361313265217,0,NORMAL
25,8319572.083000225,1387.0412011324775,3737.5096113989116,35.54042056203321,0,NORMAL
53,353113.60073131416,19248.954433269217,3936.342300708063,27.382582179947878,1,NORMAL
80,3862261.743511176,617.3265521358967,947.570418239817,2.4864033695392873,0,NORMAL
1337,373.0247199050133,4.778258912614517,51.87833324966063,86.82187572170093,10,PORTSCAN
80,1373181.6702412805,1329.9037406563143,167.70463141301087,3.6049479202743475,2,NORMAL
22,368704.58131361124,454.8267282317637,55.32893327402521,1302.7321733799179,5,PORTSCAN
4444,38094.0180249383,1336.9984503651758,13.228748175426944,38.66445807871119,11,EXFILTRATION
443,324866.2835363941,511.0843763803034,4481.618921629564,29.23744988198102,3,NORMAL
3389,159984.41179031355,22.381697961243916,1.0389022102154775,1128.8808823824165,5,PORTSCAN
1337,5303.323374323159,10.770390733166218,53.735686449237555,701.8906551439228,5,PORTSCAN
443,1130075.5336683302,336.6445131022815,935.6097945420064,26.954677940933596,1,NORMAL
1337,458997.6084683415,1.1093470458389616,12.424246051619432,523.2686093353449,9,C2_BEACON
53,987159.2316682497,912.0647616800507,2893.4464766307938,16.514063518220404,1,NORMAL
25,692751.9305881899,1075.6513840735972,2085.003027578284,22.74228736475966,2,NORMAL
110,6533901.436091264,490.0332850590096,3595.0345696613185,52.231717112109834,0,NORMAL
53,3988343.586917403,416.40741198830966,3228.9316154291105,46.70771242301558,0,NORMAL
110,4689763.245864376,208.1833144049307,6060.499534805742,33.24352558788758,3,NORMAL
53,1978110.2311442497,228.28855129082052,10155.286890966705,12.85377844868019,3,NORMAL
1337,46463.072920711136,522.5861081387297,49.8937822860953,19.283338184259375,9,BRUTE_FORCE
443,27182356.188317213,439.89735709450343,2004.2543525346653,101.76141322744232,0,NORMAL
443,2466482.3032037797,708.737442260807,1975.1644294300863,36.081560461467845,2,NORMAL
110,1968312.2763645628,3473.483487269906,8610.86272339073,151.20345608302947,2,NORMAL
1337,459477.848087427,9.350612302502253,18.228455114257436,1638.0534006376367,10,C2_BEACON
4444,470631.7462450482,98.6348094463957,11.481883359994713,110.94293590099252,9,EXFILTRATION
53,5490891.564641546,2343.7325339652384,2059.50891926093,48.91607902958355,0,NORMAL
443,1847481.9630602882,903.8460528048442,1165.0976563071376,16.895441662359623,1,NORMAL
443,6525793.73729504,521.8294624554812,2662.198030391705,32.31724926354083,0,NORMAL
8080,244096.5821202152,41.5958062804471,15.507985660314798,55.57897678662755,8,BRUTE_FORCE
4444,172720.77025422815,27.27268603962456,269.53265513063354,718.8476347347392,7,BRUTE_FORCE
443,19082069.746512316,427.1882402530375,519.793610164817,19.870283071420804,1,NORMAL
3389,19746.627353181677,441.2646587000077,23.572061539503725,482.7820574703054,7,C2_BEACON
22,421984.67691513215,671.1720354178112,35.09356478908952,212.21403763625287,8,PORTSCAN
443,1383110.110064952,1104.9553218219744,7431.112425076185,26.879016464327442,0,NORMAL
80,255313.981208519,3315.825100723244,2474.8264376995285,139.75480576966362,1,NORMAL
4444,422287.8150598497,864.4354608116805,1.8164246451093178,2.0170548482034087,5,BRUTE_FORCE
110,446388.71342246636,1241.1015890915592,1609.8945888461808,60.31532979201213,2,NORMAL
4444,216999.4094390781,403.4068722864431,53.72049409831701,239.01572660092123,10,BRUTE_FORCE
3389,346015.3727953077,71.7508166673239,2.6197573305102635,2.266458208833923,8,PORTSCAN
4444,1039218.8723398357,35.12414578506327,1.2411387783555043,293.79185293471096,7,BRUTE_FORCE
80,16127785.284884624,3587.328418898406,14933.053001049328,12.263408640277172,1,NORMAL
1337,247345.31305124672,17.492564750027558,7.120732789919298,979.616100092369,7,PORTSCAN
80,4807677.386100961,2008.4790353052967,5548.646920177222,35.905842741550245,1,NORMAL
53,4168458.2022138718,3184.2234379314245,8096.59522303421,85.80140300607214,0,NORMAL
3389,970.8885052396784,13.518904213163278,3.470319362541912,832.79119584747,2,PORTSCAN
1337,43693.11178932304,5.883047266961116,4.774961377538801,191.79679295127394,9,EXFILTRATION
110,1117842.0896390073,359.5573664596398,612.7262984450296,64.71374572215672,4,NORMAL
80,12794085.20415113,1968.4886258508966,12828.171528512328,50.26270651862188,2,NORMAL
3389,209045.10169929077,33.49970846348374,4.9599621651859644,1038.4650490349047,10,EXFILTRATION
1337,739476.8681547007,35.01324528108609,48.11696181559968,317.2907451500578,10,EXFILTRATION
8080,239074.16423871784,2361.4571548781855,2772.6037506011126,1174.5201578743215,11,EXFILTRATION
80,1523771.3973150593,2273.866463271628,20379.373184654596,10.197104980327836,0,NORMAL
53,8201979.725700103,1158.1877557114317,696.3679267264862,9.997498767839458,0,NORMAL
1337,173647.50102397552,1012.3400379812266,24.01669557091489,246.1958653606369,9,PORTSCAN
22,43938.499284272315,90.22237776633685,17.269790155425667,341.1358480577369,4,C2_BEACON
443,2608276.2481919904,191.61096862018783,2714.8998510205042,45.54294785891994,2,NORMAL
1337,540164.6778116664,5.659063984639549,22.427495682489614,1447.2633474985182,9,EXFILTRATION
53,106883.42646065477,743.6125203820874,20144.167842408846,12.515938899484272,3,NORMAL
25,12331314.909719752,591.0052838554165,976.7028514557742,56.79754394106163,0,NORMAL
1337,220261.58229245662,106.6304252720056,276.95906035929534,477.22153955047526,5,BRUTE_FORCE
53,9777505.89072291,1233.6190168947533,1834.600266667221,126.67297516804761,1,NORMAL
80,3612481.699611379,3154.9404856039405,51123.59702324905,38.009276974718524,1,NORMAL
110,1438136.911333219,2873.3289052551304,1224.287705944657,21.33099191740565,1,NORMAL
80,2220678.2024312564,1762.7554944432738,9317.414556867205,47.04221495100619,0,NORMAL
1337,641910.2173826942,72.66548889028785,41.11622108426255,360.74181844715986,7,PORTSCAN
4444,857412.3969879351,15.669956886619634,235.4965719887336,466.72237337561364,10,BRUTE_FORCE
110,5684245.942415068,403.90476931836827,4348.785679042861,43.803067994039964,1,NORMAL
3389,1082197.4648882833,9.711045569864487,11.519046788998214,272.37748372624094,8,EXFILTRATION
1337,36302.81704749437,267.49263551378107,23.29262026430848,227.88201684632494,11,PORTSCAN
80,3332358.439125339,4437.4905625472675,13288.684699475978,54.650946688752754,0,NORMAL
80,18664853.198210917,387.0473543575864,1622.8757170955473,15.87222914189079,2,NORMAL
22,346281.0232347775,28.104194669178717,8.734460939403988,1321.0947627867663,7,PORTSCAN
8080,104383.48491131778,11.534746591454187,0.259568435404887,1142.8242686230205,6,BRUTE_FORCE
4444,42806.588097027096,32.11466660827619,0.03099320208285944,903.0060573129763,6,BRUTE_FORCE
443,8315061.495128695,1344.1027962351945,11472.366150432414,88.40251577412911,1,NORMAL
22,179894.01942489672,247.87824388216038,13.93067450452492,136.25092220111617,7,EXFILTRATION
22,638923.0504424403,104.24756222880038,14.527474244517489,322.65952218232997,8,PORTSCAN
4444,20141.276281491366,19.37800917345454,72.94873482376344,37.89247840468019,4,C2_BEACON
4444,367470.4876375642,59.439556877965494,59.61582969746244,344.20118047306767,8,BRUTE_FORCE
22,382758.3175884009,1249.5776787300715,0.5192435013144243,833.7240608193068,7,C2_BEACON
1337,192900.27998399592,378.14923353155785,21.965616048644755,615.98377788478,4,BRUTE_FORCE
25,1243135.3535850756,335.30751258183477,1122.410456487762,51.49274192802753,1,NORMAL
8080,220353.68378742918,168.0531885411342,108.3697666405246,1336.574501265591,11,EXFILTRATION
53,2981222.3832073417,4125.7564135739685,1953.5108375818988,86.4370860863651,1,NORMAL
25,638899.4881696099,1293.6721096048448,940.3327705002812,5.641084643228894,2,NORMAL
80,1140746.568877711,1683.7205870911403,8876.342549023797,65.41770847880744,0,NORMAL
53,10655676.50180588,2009.0243893031964,1478.2406071491937,14.933980175603889,2,NORMAL
8080,61904.94459422926,34.535653151847804,137.6405831378996,27.654681273058618,12,PORTSCAN
25,5986483.553865936,774.9810036096759,19507.33040175232,53.01230360888503,1,NORMAL
53,8516111.147688294,1138.609831698746,2955.4155523986046,120.32559522287973,5,NORMAL
110,3761379.882178202,245.370080996855,4602.198502521274,54.17803124803579,4,NORMAL
80,974928.1834062134,2207.1651794711884,1097.2519105840718,62.31805901155764,1,NORMAL
110,3143197.885415952,1468.7233633239607,3510.709927924735,28.888799501524513,0,NORMAL
53,20271508.86616613,183.27497294657917,22518.156411398624,96.76865858067173,0,NORMAL
22,156938.67045576443,6.112877363018942,40.78214802686289,351.8250552974737,9,PORTSCAN
110,2998161.262174139,420.16396979019885,1522.9659310456632,87.59117830738904,1,NORMAL
25,21320033.646448616,365.7001064430399,15762.912732941684,76.52964009908034,2,NORMAL
3389,173568.261020257,16.876060340125065,116.86838611470611,99.31530055032404,9,BRUTE_FORCE
22,72121.76060097109,114.99519563212728,0.5733543923896547,263.89285581495835,8,PORTSCAN
53,20108458.003198158,1094.172663519593,10102.894129474376,49.07654529473862,1,NORMAL
53,4939858.5273103835,3364.2725035190465,7980.281544525981,16.34333542589671,0,NORMAL
8080,299393.3222064755,1477.879298952503,101.57823939983017,25.41429051032611,14,BRUTE_FORCE
4444,96378.00128744412,55.24708721744194,0.5790677039890831,49.74687347380431,5,EXFILTRATION
1337,42633.545832620825,3.7121013345128713,14.228050601364519,2164.2923787881646,6,C2_BEACON
25,4636244.26328421,3046.1225459230404,1578.1498864259515,47.97806969676858,1,NORMAL
1337,16418.29259011968,94.5330972507245,3.4829868811906057,922.3218634677231,10,PORTSCAN
1337,64263.17817961296,28.96783296032038,65.91444912446694,368.38723879341376,5,C2_BEACON
1337,313657.72115279664,87.1890994738014,3.6872622409871796,989.3385102235467,15,PORTSCAN
1337,256445.85503605672,5.57594086800283,21.504771101708528,529.8166604357053,4,C2_BEACON
22,227682.12835823465,7.683666899279589,63.2229993989644,854.9371326347708,3,PORTSCAN
22,27562.160372432598,24.55284302950237,366.93200175540153,567.0469004926855,13,PORTSCAN
53,12677054.938643575,492.6393006605296,2801.595251008385,49.74103558145623,0,NORMAL
110,597349.2026501041,836.062555010034,3370.642432667114,245.68505295770237,1,NORMAL
53,3306888.282559127,2719.008749494293,187.5736170995307,141.1387720926977,1,NORMAL
3389,129263.37870639395,59.46688719035588,35.45766969267517,34.58027437079024,3,C2_BEACON
4444,10934.367861833696,34.55622434249244,445.3194083083629,635.4131095947932,15,C2_BEACON
4444,1079.706701331723,22.663832113726194,12.416842172297471,754.9327747040525,5,BRUTE_FORCE
3389,420480.57035147684,20.92735250578914,4.414116259415137,308.74934833318304,6,EXFILTRATION
22,208658.09185092465,25.893232294608456,4.1302203386040235,15.41036935098829,8,C2_BEACON
3389,230384.12415385188,47.300500880472086,9.181827586305836,78.35534522156776,10,EXFILTRATION
53,265197.0219359077,807.84285853284,15081.026158203204,10.72605866654466,2,NORMAL
22,422191.85548372415,9.699498665589742,1.1308433648327865,80.6152280974346,4,C2_BEACON
110,10584740.886727491,354.7485848564055,2253.6521781526685,58.974415793876304,3,NORMAL
80,3226317.7571104164,1612.7738126216277,4307.169894609715,33.598840514976295,2,NORMAL
25,2870399.687684203,1234.3875546558534,8363.514910505051,42.41668285806715,4,NORMAL
22,21981.435895943476,3.629828116371416,103.09004778686287,985.3908487571007,11,BRUTE_FORCE
3389,97454.78397933482,1.6264184203105316,151.44544480143844,74.11622641671701,4,BRUTE_FORCE
110,7375476.489171357,705.6347916628189,440.0940304632772,83.10198323555528,1,NORMAL
443,16947475.271097954,3777.5558015680026,17202.610052972992,67.24090379913022,1,NORMAL
53,18461861.677175134,1911.6885308053957,1055.249587696093,12.427408842765955,1,NORMAL
4444,266720.1519134767,1494.511205618922,1.3538798866027981,318.826830712007,5,BRUTE_FORCE
1337,28860.103337005443,2362.4349171458925,0.18150616578743478,1368.8787775518852,8,EXFILTRATION
3389,65671.39935606075,588.568570890945,29.14507716257449,452.4468029955078,12,EXFILTRATION
8080,26997.701849254834,1609.7445522931416,94.33142937025255,414.4601817276352,1,C2_BEACON
53,4227800.564899124,3170.070661052849,3511.1970622037547,45.771358373472495,0,NORMAL
8080,41788.745097466766,51.979128470857106,32.57814251081423,84.28314833841732,11,C2_BEACON
110,5067417.273430605,3002.251611823132,264.03682743289494,34.49278126899969,2,NORMAL
22,339063.641206368,9.547437413973027,4.060468725115333,844.7669881258291,9,BRUTE_FORCE
110,3131995.8772761067,637.9288546177391,1996.1020889265792,105.55794449742524,0,NORMAL
110,1756140.208967916,1265.7468607305607,2498.4195569793574,59.3184512832295,1,NORMAL
443,166749.24847447962,2478.2902022398575,968.2891857210899,15.952655641108834,0,NORMAL
4444,114517.12341808835,40.59633203806557,2.0008617773185873,442.05174272494236,10,C2_BEACON
53,14109227.017926972,2129.5082149232016,9529.986338770064,60.6165681347609,2,NORMAL
3389,186519.2942119751,287.0440119278479,17.698969503294784,191.98385178771701,11,BRUTE_FORCE
3389,142322.97072507744,81.47108140568876,10.418533213237644,398.3262344399823,4,PORTSCAN
8080,183138.19630948865,183.64126654772477,1185.3221466187902,28.579591670491798,13,EXFILTRATION
443,778826.7033093129,777.9519988568575,1817.8442971581549,36.42157043421767,1,NORMAL
4444,229649.65111132764,170.86832531314232,286.74777188945814,137.12821270035354,15,BRUTE_FORCE
53,2033401.899137942,2021.5130841381397,2586.7301463296862,42.35225729764671,0,NORMAL
25,18632.97979641655,861.7255026374761,5673.423889642915,13.474527003150921,0,NORMAL
8080,74157.68563223832,1380.0169361587118,17.86014504463904,220.09566338798754,8,PORTSCAN
1337,26045.60925267827,274.7760541126005,9.045533473468852,84.6506851971229,7,PORTSCAN
1337,177170.01453607425,13.65784380687795,10.628232782657363,90.86202406501076,4,EXFILTRATION
3389,61413.092839990146,27.703612320517507,2.6830256672747548,84.86253327976506,7,PORTSCAN
22,11636.657776601838,538.3207545679212,52.05481639717242,149.28662761902004,4,BRUTE_FORCE
110,2910483.448538783,1968.3550896841887,651.4467383225553,0.7394020572484801,1,NORMAL
110,1252105.8275954572,492.66267041516727,2022.269342459717,14.471841754630185,0,NORMAL
53,14373347.967475355,12580.137584829212,1180.031385444322,56.645893642758814,0,NORMAL
110,376432.73098238045,1535.3287229006553,1456.6186396104747,62.221904635246936,1,NORMAL
4444,211248.15537482977,613.0886043737064,691.2477483299213,219.11542466473745,6,EXFILTRATION
4444,93582.2663919068,891.8550383445681,26.3031956858171,2019.5160091073267,8,EXFILTRATION
443,10342251.98062674,2628.02988421537,1442.7948218116962,53.98061428151508,0,NORMAL
53,11307796.463349799,787.2143790969579,1189.6596484242802,1.3802987478750368,0,NORMAL
443,213913.29474615323,1482.140313858749,1864.1979829554793,23.2617461726082,0,NORMAL
110,1421525.4459727674,827.2898775556422,16918.913347449277,67.13765495096533,1,NORMAL
110,1665380.873313557,722.1385279723203,15746.160997115247,0.7669761351171904,0,NORMAL
443,17051470.34953414,284.94345859464653,3794.2430285263144,78.3982635611292,1,NORMAL
110,3309919.5169374477,2005.6294699014559,5933.611662559879,12.700368147070284,3,NORMAL
8080,42315.612693662406,462.52151556342136,1.3616608403439796,831.6728921890302,12,PORTSCAN
1337,34863.34828598511,7.1754603198636815,13.43638089218556,148.76435276433742,9,C2_BEACON
53,4301698.157094419,1631.1599555463933,7534.6981723508425,118.72876715068602,3,NORMAL
53,12783148.745537639,497.31771175135486,6529.215391139263,9.01841311701797,0,NORMAL
3389,165739.01041190865,41.89605938633481,4.906245562632708,608.0938887244638,8,C2_BEACON
80,2032670.0090074039,3608.953228736051,1478.3890147699415,30.11296427535828,1,NORMAL
1337,703882.2973606448,344.45030665539997,2.946939693976464,2975.6303300227364,7,PORTSCAN
53,820898.2677202444,422.82548826804,1414.3168921425013,16.092222384710077,2,NORMAL
53,3582341.4886985966,1148.9886119925093,2855.752976086362,51.978464884963635,0,NORMAL
53,9016450.262927484,573.7121044780754,6228.205426461623,71.71898814926013,0,NORMAL
4444,192648.38466178082,0.4262825914908446,133.66077594497023,297.53541370068154,9,C2_BEACON
4444,266995.162706144,0.9872763764023089,2.859079329652983,693.9884393907197,11,EXFILTRATION
1337,230794.7862636156,92.99208804744127,8.858750735488375,588.4077730853335,7,BRUTE_FORCE
25,14573040.017219612,875.0467980278846,11091.350693709652,22.95561699137404,1,NORMAL
80,445251.6943544079,1938.9005720581106,6425.741407307552,48.19243423374428,1,NORMAL
80,2442569.9842621963,1041.1126011534952,6279.967440008549,21.229146486462742,2,NORMAL
80,12927512.083135065,412.2930367327207,490.3021152593909,101.39797285123673,1,NORMAL
110,206762.61853261758,2064.375007219415,4689.904440833621,8.213379028515757,1,NORMAL
443,1622209.2124019049,982.5349119447037,2344.2950098217593,2.844429435566652,0,NORMAL
110,1289070.0112906385,587.0825155389942,3285.7476498355754,77.84692025475253,1,NORMAL
53,1409372.0086588948,3167.823607096253,8008.47266865399,137.39189531961327,3,NORMAL
8080,189444.9562465481,1518.9682803249736,0.2482121337299759,443.78277856028785,14,BRUTE_FORCE
22,410601.8057745381,240.73012751147365,1.6297768935316137,663.5467991626773,13,PORTSCAN
53,1768947.2370675288,1959.7411693212985,5147.213626498246,8.297147712830826,1,NORMAL
22,47347.113544602835,6.540790388681738,2.36244246366839,456.32771110604386,2,BRUTE_FORCE
53,2258967.8754925895,206.92051495702842,1330.53627327647,19.549881619493796,1,NORMAL
3389,297770.6828478779,85.9268363339503,525.7045354246874,118.0420164573915,4,EXFILTRATION
22,16458.499623772776,721.320329647259,5.147956428527737,1031.7216816952648,6,BRUTE_FORCE
3389,30960.578055622012,173.99926072558188,12.263931078533481,719.7803054313006,6,PORTSCAN
110,6664334.804669585,1456.698550802463,1097.5891111395301,24.444866618641605,2,NORMAL
4444,283596.19605118345,28.582594401886563,58.27883465513188,267.5540771072884,14,C2_BEACON
4444,363140.67811913195,10.313139264933639,62.27615280408986,707.6893091495148,8,BRUTE_FORCE
443,1986280.9595998928,802.044046313215,6499.610935240328,68.51413128922628,0,NORMAL
1337,158498.57219727046,834.2893881248367,32.53910043861549,978.6066158459433,9,BRUTE_FORCE
443,1561065.0034924264,1028.9094300292852,1447.6884730543884,35.24488364496383,0,NORMAL
25,5021671.385451763,357.53467459463167,14796.341028242477,18.072558196626957,4,NORMAL
25,4210907.331810655,192.5921529432118,959.3889559509678,3.2217167430239257,3,NORMAL
110,6271400.179587881,751.6231834131045,2958.3857133553456,33.52831736888683,3,NORMAL
80,1126948.7873151104,4182.197638909992,265.5995896454517,47.005496456332715,1,NORMAL
22,424757.3343986929,85.73522339101643,44.505233078671125,106.92737720267709,6,BRUTE_FORCE
8080,262967.2767648186,57.24208110739611,303.4272399544929,692.3974828500748,9,EXFILTRATION
443,2979301.347908659,52.7735774226248,24681.327675852524,27.65726839245347,2,NORMAL
4444,261643.7026267568,108.05245404162221,2.7315143619925015,464.2899782930627,7,BRUTE_FORCE
22,381082.35904634005,42.703832778550456,23.321353559067937,35.069150309382714,7,C2_BEACON
80,6587932.8358132,2844.121462129011,19226.13131866792,34.189718111033116,0,NORMAL
110,3755764.4636990437,752.9632491115856,2287.7520084480066,2.8112227868960016,0,NORMAL
1337,164506.59056779704,124.85793622739298,2.3329216906822294,867.7891449351927,9,BRUTE_FORCE
1337,957564.277023152,69.76842591507845,12.64846272758431,143.58148643221944,7,C2_BEACON
110,106164.94951648639,119.60295815873349,11946.154885719254,53.02718408029088,0,NORMAL
22,589699.5296923312,43.51592690194327,0.2185595874553337,104.44580008708277,8,PORTSCAN
22,209823.73445112965,149.13945440074025,15.465497506736355,563.785844552899,9,EXFILTRATION
53,4793668.871942186,167.2871152908378,1002.4630109287027,59.1044402198474,2,NORMAL
25,280256.0155457589,431.33321468266035,4450.3323492617665,55.21580506048846,0,NORMAL
443,3024276.62023461,3591.82457493892,8119.20330223921,186.92366923336118,2,NORMAL
1337,129360.91843728311,87.93821050640045,459.4535107461008,165.37721384103614,8,BRUTE_FORCE
80,3526551.181781096,6917.540797636635,1013.6889958990339,17.54343528786883,1,NORMAL
25,12635761.618959943,2409.745196068969,1167.0432833761708,1.5821931077655296,0,NORMAL
8080,166235.98703779682,174.2179128321236,17.06281911629504,1590.6327459808867,11,BRUTE_FORCE
4444,7466.913163985796,2.825397934041596,73.41229435527679,269.4211340793125,4,BRUTE_FORCE
22,30923.15194625644,52.41075417539188,0.23447306996727682,488.84426417428034,5,PORTSCAN
25,3287329.518911785,1953.2742914010294,785.7209007923077,198.64163287629768,0,NORMAL
3389,353649.4340423219,265.86701110578093,50.13549620831763,147.53790014338276,9,PORTSCAN
22,11808.810861606102,1541.8131446461025,34.193390499861906,1778.1485650149052,10,PORTSCAN
53,12522590.642024681,1158.8351955805765,6605.067539817027,38.96038598817228,0,NORMAL
443,9136309.68994574,2041.3093924298644,7487.654661578251,47.18594943936022,0,NORMAL
1337,68382.6540857069,86.13410791513662,6.3667885910666655,511.621726435187,7,C2_BEACON
80,15300832.86932174,450.8525301855997,74276.83701795322,54.54297611140066,2,NORMAL
3389,339640.57257200556,174.8205687825,2.899317369640118,391.18068798059926,4,C2_BEACON
1337,833752.597538063,3.7626152820126233,48.09662375902329,2462.639910128577,7,PORTSCAN
80,6695675.611862521,1037.0628535597455,30079.961160776747,40.148579996411314,0,NORMAL
80,202606.07156790612,406.9399403173671,6962.3723428045405,79.77231969366537,0,NORMAL
110,1430362.101447174,1709.8230610746803,7098.823811560988,2.3944292607814823,1,NORMAL
22,528008.5004188075,79.52869490540627,76.87202758733757,413.30491968674875,12,EXFILTRATION
3389,194732.6728024779,92.95851541779983,197.46332092667086,252.7721293689153,8,EXFILTRATION
80,1110843.1699845905,1929.0619083941097,1276.5395023474634,0.5477631692178999,0,NORMAL
25,4572430.7783033205,369.2098409032387,2818.754167500739,56.176448225626544,0,NORMAL
80,1819934.3898886205,3190.706925791683,21206.376733399156,28.061376190269428,2,NORMAL
22,186079.3130002891,17.30047462310596,9.924792373651457,338.27981947617224,6,BRUTE_FORCE
443,849207.8318230081,1122.238532109477,2533.301095637111,22.936248679331637,1,NORMAL
25,924626.3575109332,216.17367973327822,58126.4774536088,32.86219473919121,1,NORMAL
4444,304553.63487541466,46.58657944928711,2.2764402516733586,489.87864850254425,5,EXFILTRATION
22,15217.81998626137,3596.0153728934665,102.40914212440794,89.55338847918722,7,EXFILTRATION
53,3551862.353500476,535.7168230721394,6102.582490607791,110.66002693803014,0,NORMAL
53,2230067.7364636376,1352.4676118726377,3798.131951563234,27.885377949406458,0,NORMAL
110,196779.7335629305,205.94218502655684,2472.261710755608,190.29940990152224,0,NORMAL
53,453490.2818547664,2422.877149544703,3104.6139636838057,17.477373597093397,0,NORMAL
80,4604088.992289922,6173.145764695077,2202.1200218017552,13.419142445257865,0,NORMAL
3389,592400.4453647027,732.9105923259748,2.853247875445233,740.3549887640255,8,EXFILTRATION
110,1453451.8566117547,3421.5802199814884,2628.6233862943814,156.28653927966428,2,NORMAL
110,2834926.344838265,566.1521666879256,41939.01332501789,89.06664645224379,0,NORMAL
80,8123913.33337386,889.2336341733098,1033.9408374919674,15.868645963700814,2,NORMAL
80,9868671.144085461,2547.261221284105,2881.884530086945,41.33523337393362,1,NORMAL
53,4645634.093337294,1941.2796123027492,3218.225726442923,4.708417484938987,3,NORMAL
1337,449217.7937798417,448.52073568901125,2.3206762129390666,23.443770832868946,2,BRUTE_FORCE
1337,210318.4039235956,104.10534010577842,39.10070248358233,384.57714051060765,5,BRUTE_FORCE
80,922262.4348605665,2376.8886348030774,2098.3074029208324,82.55684553729623,3,NORMAL
22,41155.788418901524,4084.8097560882693,185.2508839437453,1717.029590033805,9,C2_BEACON
110,12769568.05968356,1622.2205106162733,215.97073276141307,73.29478699438681,2,NORMAL
22,128900.19346216835,53.57502693722342,34.125770844755394,6.829672230122515,9,EXFILTRATION
110,6918876.416211573,337.8437446815511,19846.210257728435,75.37607443727852,2,NORMAL
53,11667833.169021029,1207.1400767352968,31361.150151769496,179.5091048824983,1,NORMAL
53,12413893.644023843,4905.006858690647,1958.951782479962,25.48093295667817,0,NORMAL
1337,5969.214599140586,19.581066625187745,661.3323183058643,133.12557818830675,6,BRUTE_FORCE
8080,66065.86302559768,347.64995801951704,4.680807754197768,71.5566561626019,8,PORTSCAN
3389,67095.70709057116,2.3409229700677816,17.11338091376402,684.4477147270601,10,C2_BEACON
443,913309.1476075817,532.5371153726552,30641.033278116593,103.4760623436023,0,NORMAL
22,42364.44239592458,237.386683202899,15.64301402853375,1341.8370323402517,6,EXFILTRATION
3389,99612.3477466595,521.6400427690559,4.879143565712904,181.68785845601116,9,PORTSCAN
3389,93151.86901271506,450.55378852890783,23.84146675932815,262.6404073830326,7,EXFILTRATION
3389,168956.7180115651,45.14448519252773,18.421656734251602,1466.1044279762166,5,BRUTE_FORCE
110,11587775.487363186,3411.0267165851624,3497.4862922597617,45.81660014728731,2,NORMAL
4444,167773.73738449413,652.3365135500611,4.922774995478594,137.99671060118197,12,BRUTE_FORCE
110,3105242.224380521,838.2548091619325,5288.960398437109,193.08019997932965,0,NORMAL
4444,28382.72111855773,46.705030808693735,117.63770370139399,375.87056340803986,9,C2_BEACON
53,1932256.362120477,913.6203576885695,686.0359214421846,75.82896691336788,1,NORMAL
25,1339601.7973610633,1190.1615515894553,3756.934273488791,32.38675680098782,0,NORMAL
3389,550771.1571210282,3.4710127674919704,8.91079338166039,561.996924727339,13,PORTSCAN
110,13757114.851591203,918.5826505597103,1510.1968543728808,20.7865325033993,0,NORMAL
110,12792060.180809036,2031.6008398233496,1002.2377189325073,247.82724798550814,0,NORMAL
443,3389983.1468633227,875.3716289199618,4975.993960212014,49.97333024947394,2,NORMAL
8080,11096.545563259588,716.5820406063176,144.9562439458343,1131.348716206407,5,PORTSCAN
1337,242747.1930215014,6.668742333227003,2.9746790885954715,553.3417186568028,7,EXFILTRATION
443,542619.7488699128,505.2003266156564,6969.856651097336,40.83841820384144,2,NORMAL
80,6827573.441341478,594.4146317495388,1130.124869879856,147.4971083187375,2,NORMAL
3389,79402.05910792334,4752.761325173789,1.591850200987908,156.88432975096194,7,EXFILTRATION
443,518055.7284981379,1362.6790592401583,1948.7387762613484,35.55045243289669,1,NORMAL
80,5659984.764414545,994.665112192912,3302.954666725833,42.719186431935384,2,NORMAL
3389,87104.8855889878,1077.666923319103,468.0345448518044,431.8678485627087,9,BRUTE_FORCE
1337,858510.0232742926,2.5303231755694986,0.20438350020206733,28.841551282203156,9,PORTSCAN
1337,78857.70004583435,65.0926483819859,39.80300095203892,80.51399825324211,8,C2_BEACON
3389,151458.4948565666,50.24995116752835,97.77255444494811,1108.7232579104289,5,EXFILTRATION
53,8806710.110388966,341.12281853701677,4679.264685402698,9.961376091489441,3,NORMAL
53,6048919.511776899,695.4317973192847,277.1300440092489,41.20484026581233,2,NORMAL
53,8542681.23052189,396.3965990337153,4228.697679654978,68.83267310995565,1,NORMAL
110,8114040.586824077,193.931577786868,18201.31711087948,65.88681194104558,1,NORMAL
443,6278524.304898707,406.86155134856733,4918.6784318563095,10.973984450889732,2,NORMAL
80,490932.2412956544,1170.0378177391237,757.7102444687646,9.792875809011703,2,NORMAL
3389,243082.30928500407,48.5683364395166,263.1921989368159,2889.1156229673315,3,BRUTE_FORCE
80,1878930.1612912947,825.3537793289497,6073.719591902472,119.30465477005059,1,NORMAL
25,400463.2858983886,258.9925265371249,978.0066028189614,25.232281155071018,0,NORMAL
443,2642391.884919933,187.15614731878546,1910.580691391837,86.93598080815069,2,NORMAL
25,5436281.873638287,744.7663562351162,31793.90003776944,23.033241234289342,0,NORMAL
53,3060275.3895849073,643.2590718587602,313.42278015697593,64.67622385375678,1,NORMAL
8080,19488.58368232954,20.42439812664782,12.538864323075613,489.8620382529543,6,EXFILTRATION
3389,107380.98922908024,634.9656170935488,54.98968719762033,659.4540671980086,10,C2_BEACON
443,1489551.0011091286,1827.3108613203206,1774.2242697670797,3.1904430419244463,2,NORMAL
8080,67856.76562553967,434.6902091818528,86.47610891062172,172.18110269625572,6,PORTSCAN
1337,66352.53574471324,71.86628949817754,11.881694501158961,18.02722315465898,6,EXFILTRATION
4444,182766.29273736806,208.2249401490411,9.75487410071746,160.40381455486417,8,PORTSCAN
4444,38584.72555093286,27.537910744865094,0.2871177660287346,86.24592238909463,16,PORTSCAN
3389,147268.6461241618,18.0016930411947,8.194274043114254,319.6320687218709,9,PORTSCAN
1337,513568.58290287404,15.820214287116078,4.717370643225003,874.0389307556454,3,BRUTE_FORCE
22,38087.99750147086,43.89714301604402,1.3693829984623664,612.8667674276968,10,C2_BEACON
53,6281988.264083703,1341.761597787069,1304.5587104207143,17.322512500620714,1,NORMAL
53,5306499.014831631,4958.799203135343,1842.652885799245,39.13916978706647,2,NORMAL
3389,215531.12221319522,232.76349437140158,2.7665545769689652,578.3082713514881,13,C2_BEACON
110,10973107.46119146,2269.1667869604034,48099.13523434186,50.33358890205209,0,NORMAL
53,378460.87254683,665.2274188958795,3931.0030614601187,3.845741630107287,1,NORMAL
22,210065.94818422664,1.0007545149068044,20.407317976813452,272.65270621843547,8,PORTSCAN
443,1645738.2048613476,608.1496606520461,1697.8453049773354,3.466946166690173,0,NORMAL
3389,115507.97480121646,3.5894838667060456,0.4411416573668075,266.06069274034127,9,EXFILTRATION
443,4748854.457555839,1837.50329250799,3127.0240515132537,55.05997702545071,1,NORMAL
80,4592866.746058765,1452.7745535178813,8099.313074038359,75.24112685238804,0,NORMAL
22,55158.41028313098,5499.035571240392,41.04522806914437,36.83834040809239,9,PORTSCAN
8080,310567.9752085652,136.18057624268803,27.843668073268617,446.0897398735647,4,C2_BEACON
4444,110983.27881128396,9.270346227999699,19.0529528069776,52.012736811471584,7,BRUTE_FORCE
22,108897.31192200344,65.44031654325873,17.77421032957056,36.229067684960036,11,C2_BEACON
53,9888937.636116724,1082.1628009151123,1116.3613676259338,45.31340129436538,1,NORMAL
110,5569272.200237665,1868.2981389066472,5294.466072479455,183.92061582658184,0,NORMAL
443,3935363.0303038424,199.38233359254596,2127.647446861298,2.37731381397213,1,NORMAL
22,261051.65509480578,26.663377376849038,9.629660744171614,26.934992003979982,15,PORTSCAN
22,353411.3217713251,1562.4734160375908,103.26906216559925,235.28760766891384,4,C2_BEACON
3389,106472.7026787455,3.6730581242228273,2.796743563877969,53.84473504489478,13,BRUTE_FORCE
4444,101659.5652077341,861.2953259771323,326.2522679223301,78.95207096870969,7,PORTSCAN
110,1763515.0258873603,806.6998444133751,4147.655131916002,36.59245178358818,1,NORMAL
443,1561759.5662731284,3507.4622830366316,243.6619380536691,46.22135227868378,1,NORMAL
8080,40139.1179817406,51.75325496397687,0.7458687573408691,74.04200372226512,6,PORTSCAN
443,3428823.7444564705,1784.2287038666493,1378.4763684073562,154.05073334384528,0,NORMAL
4444,239639.48417701092,41.87689229133461,10.968690709308135,99.6953234604832,5,BRUTE_FORCE
80,1934599.7580578914,6143.038187969608,2027.7958311119594,115.20669030539466,0,NORMAL
25,856911.336454553,2035.3177246608425,756.7415050416325,5.765381980528667,0,NORMAL
53,15748478.650852593,1218.3815076656551,5591.910148626864,8.70985182776066,2,NORMAL
80,653379.4356954463,1295.4817275025468,9685.771029373558,12.659240123879052,1,NORMAL
8080,88893.51551327274,512.3207435140738,8.795568489973471,936.2588203415693,16,BRUTE_FORCE
25,3525347.8547030976,9398.419950781705,1281.2767839594019,48.12624747644813,1,NORMAL
1337,332700.465793276,4.111725668275113,23.353745571978994,631.562077364175,11,EXFILTRATION
1337,136225.33276479892,2880.7656260627755,14.864505062729648,872.7237049696216,6,C2_BEACON
4444,80337.78384314662,30.275652270223105,19.732976739434605,111.29371328428682,9,BRUTE_FORCE
25,4619269.596092496,1091.9682298701523,3145.6875381257705,57.966087619565855,1,NORMAL
4444,283951.8864836803,8.114327472144346,20.257865976284418,703.0062156171739,9,C2_BEACON
53,754374.9911251594,2668.4776620399057,6395.926526160943,34.726209830652536,0,NORMAL
110,295523.05768193456,2541.7464761916995,4840.28314620692,98.58872158382982,0,NORMAL
25,4685164.055357775,7417.564643040147,418.3999770423656,106.59614492382067,0,NORMAL
4444,52562.76326698989,86.62851248201882,59.871167219694506,196.5067155983679,7,PORTSCAN
3389,65376.7846703489,836.8421233578114,3.9776846333925335,1234.0380504718137,7,C2_BEACON
22,18800.53713263001,0.27069617828355996,42.98935359663769,458.86270824937503,9,BRUTE_FORCE
3389,197524.3840430949,127.07377218610331,1.3105705381756794,140.18192173730196,7,PORTSCAN
22,249211.6979327831,0.9591536655993377,24.5779968236837,136.43366228525426,4,PORTSCAN
80,2609740.6413468905,1712.5861085155777,3654.7830270603486,35.01384191543738,1,NORMAL
110,2063086.1888517344,661.500172651839,6659.910921260595,67.73333266086202,0,NORMAL
1337,24942.518233457253,458.34711561246314,14.58318558703772,306.09372089604545,10,PORTSCAN
53,3890972.9602436223,1732.883276484182,10384.110329457939,33.13456042478703,0,NORMAL
53,1575941.90058049,289.3248829008375,4633.347356707884,2.9735042839506547,1,NORMAL
4444,332193.5932162328,1136.925688364911,0.16211742197494114,180.32654473755153,6,PORTSCAN
22,214748.3869895296,509.6533355446094,49.02912709224819,617.6807985698688,4,BRUTE_FORCE
53,6644440.787386447,249.0374316315676,316.47084138279297,0.7237228641755405,0,NORMAL
53,11391039.55424943,977.5496354341925,1247.5018328056312,16.182072910120517,2,NORMAL
80,6786319.068245167,3115.126777537667,7390.649936113751,40.165272636375256,0,NORMAL
110,1272251.3987642766,646.1305581725044,1282.045650028251,33.55885334715622,0,NORMAL
3389,161673.57579999414,345.28210202041635,9.775300386012365,692.621831896139,8,BRUTE_FORCE
80,1896455.4811635455,774.7184711259833,3188.866176616621,50.09642260011847,2,NORMAL
80,4120333.640138615,5436.593733957018,1945.6356102522107,19.98157388570548,1,NORMAL
443,5549898.272229316,562.6549814930668,2524.501189981635,26.97343200330838,0,NORMAL
3389,35152.31976761017,55.66011630728518,2.0322080383235677,75.26513211070375,8,BRUTE_FORCE
443,1453865.7989522824,2028.7274109069997,9213.670889649009,4.944839687978953,0,NORMAL
80,406017.0148164949,1211.9527294510356,776.24212651613,36.23849186054371,1,NORMAL
8080,235139.71908785895,88.51575096104814,54.82561253749241,1131.3387745667694,10,EXFILTRATION
80,851150.0558260672,867.3312517154246,6153.829293222983,2.1420174179415605,5,NORMAL
22,127628.55797974198,5.71031417802958,10.236988382622984,206.257571084815,9,PORTSCAN
3389,11614.9493528329,7.959034117751146,22.209566800960815,116.37621185235045,16,C2_BEACON
25,4261456.467891168,2386.5308465383446,1215.1926158344302,39.79392779005301,2,NORMAL
53,3671515.1438531675,9277.25629293576,675.3125170528516,34.64946239271864,2,NORMAL
110,3588106.9961613286,839.0199473009897,12179.057220372832,38.800846802817794,3,NORMAL
8080,161484.7373012741,1.6277563208846348,1238.4283386722598,778.0388014428408,6,PORTSCAN
8080,408967.82256537874,14.580462931902153,207.33360078356432,748.1891161241145,4,PORTSCAN
80,5886068.684889091,889.8759247631107,1435.7063041126917,19.57566441021822,2,NORMAL
443,263120.68296341825,2824.056442884112,925.0810664296017,75.88576391364673,0,NORMAL
25,18566254.01868765,2431.9054543261323,19348.17967683399,99.52999911424344,1,NORMAL
4444,58060.33843392624,1447.6334119667072,889.8579225785029,221.0636030799848,6,C2_BEACON
443,1394884.4752435996,1118.922144108527,2361.6217428651144,39.34266880389234,1,NORMAL
4444,236142.84806236284,119.9072597912816,22.385373121159716,336.74062501664423,7,EXFILTRATION
4444,52041.757203001325,37.89632449683809,19.122939936071045,18.891921333763637,9,PORTSCAN
53,1069566.6091172404,296.2832341703629,3352.2659200841413,28.563922172262444,2,NORMAL
443,198685.03306108905,763.7772307855745,4582.315778979562,168.42259926168637,1,NORMAL
110,4468566.008999014,793.8736021460005,1428.0932221978264,8.39146265797309,0,NORMAL
8080,287806.8201168078,102.65056382637914,1234.95520718546,81.92951654106376,11,C2_BEACON
80,3513356.712521474,1546.1984385762253,1310.9367762771974,12.579913443326877,1,NORMAL
1337,258440.0002243412,26.76662202262793,37.26901365274635,243.84998742633425,6,BRUTE_FORCE
53,7643010.617979017,838.7065307876398,1384.537739202281,77.04886803793856,1,NORMAL
4444,31311.171948128613,20.363186399666088,79.08253664553396,375.47543235135606,10,PORTSCAN
22,47217.82237910254,153.5515763587721,57.546338417479,210.57998618730582,9,BRUTE_FORCE
25,2066278.4760868445,2378.0183031091706,8221.334872700783,36.374069897468615,1,NORMAL
25,4129334.5570989083,1705.7508084471358,5802.015278525269,20.184952159912726,1,NORMAL
1337,136065.73406410564,118.53208158543103,143.0918429458694,1843.6288379373145,10,BRUTE_FORCE
4444,87175.578984287,252.2397079800265,111.63481134840991,718.8867855307604,7,BRUTE_FORCE
1337,556033.6816836369,140.54032320720293,68.12207593379367,75.67251779418004,4,C2_BEACON
443,6934689.499825025,246.63215679432605,4319.907476020538,31.241353539461098,2,NORMAL
53,1986621.6270422863,745.4569785450624,7639.914598692669,7.022247863043658,1,NORMAL
8080,4057.3647582865997,10.718895407344196,233.91367735584276,10.19854048772392,10,BRUTE_FORCE
443,1134462.5945431872,1264.824191183637,3119.9007638918197,68.69820169903387,1,NORMAL
4444,69939.95821788358,5.330454867141132,65.05030893598692,525.1985668516462,4,C2_BEACON
443,16836577.294936735,346.8087039522111,29174.973461547037,24.40454507319491,1,NORMAL
110,12839235.797732098,518.6287602126,545.5089886523732,108.45833894180106,1,NORMAL
22,207844.44964922825,169.46468013742273,19.068102361506995,1113.373149208491,4,EXFILTRATION
8080,131362.13884884145,10.768825940442202,83.71927287556412,45.24423421740793,10,PORTSCAN
22,45051.647063308694,1060.9723961296013,0.11187027289295433,731.3075600816961,12,BRUTE_FORCE
22,163474.95408770326,7.306644420812536,61.159003393928096,52.64482043462258,8,EXFILTRATION
4444,100268.50826096848,18.702338446933165,609.1299602903356,299.55532518378294,9,BRUTE_FORCE
22,413509.84208388353,9.472313645121238,219.2487323617435,797.513368277305,11,PORTSCAN
25,5227223.694802878,1387.3285901607583,1796.4951807075338,121.9354928971149,2,NORMAL
1337,111830.62196630811,3.3246853945814654,162.92164258162484,809.6956866471395,7,C2_BEACON
4444,187526.2284511993,6.813246078171152,35.0068247845897,169.0755115146158,9,C2_BEACON
8080,295711.6406174861,26.34889241062612,26.057554070464075,44.74938118923736,8,C2_BEACON
25,2766947.1833436317,904.5101814745803,1089.9227475704108,34.98946260609889,0,NORMAL
22,54464.94557661834,24.158753380576805,35.96985034588977,127.9625931672106,7,BRUTE_FORCE
80,2631241.279700745,1858.4179365670905,1061.450033239962,12.744527127807267,2,NORMAL
22,425999.3916765291,208.69624375117854,365.6188475332955,735.0788737037592,1,EXFILTRATION
53,17016131.322534826,629.3747787835387,2707.8233576920657,22.273089062595883,0,NORMAL
4444,1026704.51282877,6.794644052162365,51.21169926668195,268.33539712133756,9,C2_BEACON
80,20296684.976046614,495.9823146375361,24288.607373573162,36.209154943568976,2,NORMAL
22,28936.757110767663,1.4889324318441737,152.3020299251235,1991.6925827113794,11,EXFILTRATION
22,46392.762456540535,561.1271649433608,4.400407962081251,425.059908749196,10,EXFILTRATION
1337,501706.8434760634,0.6342625807830903,21.758340308810023,160.5293331857519,5,BRUTE_FORCE
25,174499.39386423968,1812.65200212554,837.3304613813826,29.54108414338932,0,NORMAL
3389,11688.936218822655,1016.8633011004232,37.161579466595335,802.7246849174396,9,EXFILTRATION
25,2928826.4332761476,742.1901913398848,1203.30792854319,106.39937240119211,1,NORMAL
3389,73172.49816866625,238.92686558648265,34.12895354061627,84.79937105634104,12,BRUTE_FORCE
110,6170442.248531405,2496.3199870204644,5521.529912612819,8.637683961044527,1,NORMAL
4444,147001.618540009,292.58596117737795,409.96445410479845,253.10583118472775,5,EXFILTRATION
80,2699249.572296216,242.93020494022403,928.0255221971112,61.821217608663574,2,NORMAL
53,2813605.7928376803,4485.563884949074,12326.096083163153,24.424543457642304,2,NORMAL
1337,314758.8373939042,16.462006883758598,53.11518390949198,584.6518760526336,12,PORTSCAN
110,2190421.0421844963,439.0103420111788,1370.3434657752093,152.7609658231002,2,NORMAL
110,2287764.3191540553,2834.5585751287117,3864.418486772033,1.904082433888164,1,NORMAL
4444,386534.3139380001,1222.6209786732177,6.436232787515612,400.96001747569574,6,BRUTE_FORCE
22,76084.89268768248,47.22141736361921,111.09677916808916,28.4508026120093,4,EXFILTRATION
22,5775.230726641518,110.36776784148577,41.415352251800996,486.86863222181944,6,EXFILTRATION
1337,137459.47513287366,40.21410667320928,70.44769366625772,339.91665603960774,11,PORTSCAN
80,267385.78757295513,1052.0636501609292,2223.7315714357132,96.5462545889212,2,NORMAL
1337,93578.02730431383,4.725349671229477,127.34970908020614,5.613561996410985,9,EXFILTRATION
80,5186681.659435815,146.2180158999202,3490.715359332684,93.84084737927891,3,NORMAL
1337,39514.36803340761,319.67046859995,1.557601781222181,371.5385408524207,12,BRUTE_FORCE
3389,99690.9633017966,11.883033614847507,75.51105738691885,928.995690077927,8,EXFILTRATION
1337,18554.285674797906,35.77917906469314,2.158281403303577,185.70666964829775,18,C2_BEACON
4444,202064.74908339157,0.98173577188507,61.3357059059071,249.8205757381641,7,BRUTE_FORCE
1337,24674.961586357746,66.7337546862948,8.64763091284427,940.6774208869136,12,BRUTE_FORCE
4444,794507.7748368302,26.16293351448353,3.7600067484584403,648.2104363113815,10,PORTSCAN
3389,51051.23494671856,1.0781763357726595,23.83188125838644,162.9514925830989,7,EXFILTRATION
53,3951018.022246207,6961.213587200383,1158.565952238987,26.179352205748792,1,NORMAL
3389,56932.0850794522,263.1328927225009,10.913544061437388,373.50471799175097,8,C2_BEACON
53,9127218.178311616,299.43461992501193,2158.4608769781908,13.909318516986598,1,NORMAL
22,323665.95681199833,2.8451266400823148,4.421449390786301,260.6343840164882,6,BRUTE_FORCE
80,919734.6982224508,2601.708308446714,6761.412190317585,17.942045486036207,1,NORMAL
8080,162126.74107595062,313.71895116361463,396.0036043630262,1483.7496552302182,6,BRUTE_FORCE
8080,17821.059609570937,279.4194247381266,27.89334503665553,429.58620453169675,11,PORTSCAN
3389,97176.5656246927,2.998557424834628,54.739828864655195,103.83321988576108,6,C2_BEACON
22,195383.2236211139,104.06731918790697,40.10514137327234,14.580712907388438,7,BRUTE_FORCE
25,300012.5530714296,1349.5713397357856,2448.6419112171616,30.088668925754686,1,NORMAL
22,195675.4060071795,93.09525261420944,1.0957993354860722,143.10490346989707,10,PORTSCAN
22,95667.11203458291,824.0916941249883,59.31825461869137,337.4812937648788,6,C2_BEACON
3389,198432.98728168718,229.24268753196043,111.30858369828672,375.5109102753569,6,BRUTE_FORCE
22,19580.35688868284,9.782848599798207,0.18951711256902795,56.45660913344908,5,BRUTE_FORCE
80,2099821.0401133294,1194.536269003289,5595.685260802897,87.95585866059726,1,NORMAL
80,1896564.010583294,973.055619425155,1541.9141691718155,26.39432684043237,0,NORMAL
8080,2144.943082746908,54.20029731881823,23.46266108185763,259.8513647562432,11,BRUTE_FORCE
3389,254555.75806612894,914.1064928994847,2.0537246281938155,61.13822920537662,9,C2_BEACON
3389,198607.5569601171,1.6794642268808173,2.8143172899034035,152.9911431274045,7,EXFILTRATION
80,13811483.741124071,4088.0437750807823,11321.658097102234,158.68406749129554,2,NORMAL
22,7776.706744961183,70.08496852306627,28.914596347438252,350.5946756752949,10,PORTSCAN
3389,10835.890285706251,50.17152312024751,9.846577237615419,65.42641564372353,10,C2_BEACON
53,5368873.312370775,705.4411199550431,6279.187890795726,1.3617012247162972,3,NORMAL
110,326761.8441525057,3213.1955343338996,2174.6429931477346,1.583465128433987,2,NORMAL
8080,177524.12829432898,42.98286939166783,9.562206946720451,188.33307938720102,9,PORTSCAN
443,1141331.131411435,569.7685492255291,2266.443289320933,43.355298191692086,2,NORMAL
110,4429953.128294072,1205.5382051299696,2628.7759168826547,55.26884494210527,1,NORMAL
4444,481160.06731634063,3314.3713546083263,727.390314886418,261.2678618519105,11,EXFILTRATION
8080,36790.29888318917,161.8786885454326,5.846083902036161,124.15603045450938,7,BRUTE_FORCE
1337,20883.34959477447,566.0340601190564,6.235518828774087,1373.3178619108496,6,EXFILTRATION
8080,26047.124302434,61.82297824529346,4.3757783278732445,257.8346605571885,4,BRUTE_FORCE
8080,19329.36580673344,214.2591649846212,1.6810244294750498,373.7283538767487,3,EXFILTRATION
25,3998601.0508567337,860.4168350235284,9855.206158002113,43.8248337804305,3,NORMAL
53,7135697.299578955,391.62461272010785,3512.5438697697014,6.1260414374593966,1,NORMAL
443,6371497.33766368,1262.8350305853464,1863.997664158596,34.902136468881636,1,NORMAL
443,982816.4980241954,2811.909344327419,13459.838617329551,29.160183421612167,1,NORMAL
110,2439216.5568190226,14524.231334774431,1521.6890480633972,38.68235380107047,1,NORMAL
1337,210106.67148260222,2326.872605034102,1.7913820612549545,1858.5649898898398,6,C2_BEACON
80,420253.7571378502,296.5522527706795,14802.756278120854,68.2397949439965,0,NORMAL
22,62648.946460171675,95.98878239195048,2.7675043949298885,527.4173670241357,11,PORTSCAN
1337,102150.73322933368,351.85353313256815,193.85670736574426,256.8792305142773,9,C2_BEACON
1337,384306.4397057645,6.458278743338491,36.55941101019002,37.475622570643516,10,BRUTE_FORCE
1337,221931.28744734148,115.56152655789474,19.931625694579253,379.47981774316736,8,C2_BEACON
443,846542.7098768784,2092.929761542388,42344.74614105214,193.72454291312548,1,NORMAL
443,387162.2549821492,1770.1995745908234,966.9861556386396,0.005511893889701938,0,NORMAL
110,1961053.4018342695,4777.673054921454,1375.3361359117105,27.96538480102569,2,NORMAL
25,8457183.384991586,383.58543430739434,1734.2836455341956,4.984894224022317,0,NORMAL
22,236507.6044117812,9.26519986125978,70.35169426513579,103.5216552297446,10,BRUTE_FORCE
80,3743380.0512140975,159.81584467146385,8367.430116654717,24.555155780435708,1,NORMAL
25,2530740.2892492516,541.0569272246576,15823.492314166522,140.01854964335115,0,NORMAL
1337,268733.7798882477,348.19932503421364,64.89772135528139,813.6675010952714,8,C2_BEACON
25,10296736.552508228,1114.2186304855093,1029.3314763211881,49.75377622234684,1,NORMAL
1337,47013.12796728176,189.2122844028491,19.295031026904656,180.33633158371208,8,EXFILTRATION
1337,632803.5644456623,2979.9362631596064,4.73043206395935,377.2525946910847,7,PORTSCAN
8080,24735.612991672904,3747.1563923569333,3.347090885971709,300.1031297546994,12,EXFILTRATION
53,809944.2827442434,7152.5583900949605,3476.2821752155705,8.647236617627602,0,NORMAL
22,123831.0789916488,76.56886595108176,445.1315835192035,537.5080566550192,8,BRUTE_FORCE
53,5894032.514100096,926.6540362439558,259.02301425369654,45.612313985348536,0,NORMAL
8080,134852.55481088485,1229.242655055797,26.272177076144796,427.63068466589885,10,C2_BEACON
22,266526.2392317394,61.652224484251235,8.12174937056659,105.49639626713306,7,PORTSCAN
3389,102207.61268110765,1284.0071010813238,104.78023839894874,615.749263104139,5,C2_BEACON
4444,332325.4442947184,16.320800654648764,2.0467278899508186,440.4330687189945,5,BRUTE_FORCE
443,427454.15369379363,693.5178446701827,2379.7894165123103,55.325707034579175,0,NORMAL
110,5237038.989957397,6598.019771620742,2315.5774256746217,5.293366820905772,2,NORMAL
1337,812577.6311071279,1.1237373725653566,0.4736645776823039,15.297997527913324,4,BRUTE_FORCE
443,6142675.205466503,1200.2795886821166,22329.561793879722,104.78340777571296,2,NORMAL
3389,40823.70967188742,1.346882485740085,10.877828682549353,680.6158429301714,5,BRUTE_FORCE
8080,314300.2128112791,0.6579017755066473,0.9419250971378014,318.13054431220337,14,EXFILTRATION
53,948285.8936821207,501.86337819114203,1710.9880843812668,34.45879321771127,0,NORMAL
8080,13260.323667331222,28.059188148518547,128.97027131279674,325.32235260127175,8,EXFILTRATION
110,13589549.632631626,103.99018397932286,1399.9043348731739,1.1542576755236955,0,NORMAL
22,63330.482541298086,1153.6777561667855,2.1869353563706326,133.42981305693004,4,PORTSCAN
4444,100220.60967956242,22.274178692567318,946.9646587483438,135.12180411105206,5,BRUTE_FORCE
22,59368.83553932601,127.28276983565536,22.38840372708544,267.59300595422434,7,EXFILTRATION
3389,125859.97788130907,33.47770190362543,12.803969452040645,221.6672603447983,9,EXFILTRATION
443,10416792.028767936,455.9497668990053,7630.930613287034,8.620971095652637,0,NORMAL
22,231506.053304384,507.1508190380486,38.86099758564943,849.7286804724646,8,EXFILTRATION
3389,352189.0677391158,24.421574235785695,12.602367767035343,433.92414342287327,8,BRUTE_FORCE
110,9641934.126518762,295.90055813268,4127.609770430448,12.932093050993426,0,NORMAL
22,118265.17538834209,13.244683027867007,2.066864407643692,41.438110913433434,12,EXFILTRATION
1337,305475.25717634277,277.97910838333837,49.155839321091364,256.74166444820906,4,BRUTE_FORCE
110,10508411.412198089,628.4661084935514,5214.925585085575,72.04341680076676,0,NORMAL
110,773229.1877534686,11700.821874788142,565.0351834698541,24.6938519311472,2,NORMAL
22,328533.1677648411,24.96202936689094,146.82619593700343,394.20043150861926,6,BRUTE_FORCE
25,2189023.779797281,832.2726072534346,3838.214387803396,3.7352041003258356,2,NORMAL
8080,406709.298456017,12.077130446553246,80.3393028484819,414.2661265287194,9,EXFILTRATION
110,4007197.6231794627,1645.5834261830546,2490.471023180434,109.81091566581233,2,NORMAL
4444,135784.5888911444,33.92908686886681,431.71252806851396,0.6285985177171226,6,EXFILTRATION
110,1640902.0612627184,1966.1588215303893,1063.5704394275435,0.08532433614217366,1,NORMAL
3389,69675.13098980415,2.079434156826675,253.82775451719365,1080.0135206856537,11,C2_BEACON
8080,99966.39210611903,11.5957149139834,123.13730286499396,188.1904149617784,7,EXFILTRATION
8080,214550.4174465447,26.81346706896582,4.638773869689495,522.6376250252737,5,BRUTE_FORCE
80,10824512.585782783,517.6398165244588,2360.1923627845604,57.59727946276845,1,NORMAL
22,422860.1322878061,24.184716489910247,12.48721925476975,354.14363103204136,5,PORTSCAN
8080,39405.34133403585,127.91951063474225,158.79273336241425,147.4366560563178,4,BRUTE_FORCE
8080,162326.63310088738,135.54303035409453,361.4543567543226,43.79339163512889,10,PORTSCAN
25,457380.1411241316,3469.1524176019193,892.7924786602215,32.228419411003834,3,NORMAL
4444,155024.13092000203,70.19930428578026,1272.5347122561843,24.457598882471483,7,PORTSCAN
443,7868023.444559924,693.3962581021551,18011.219625023186,36.165196788482376,0,NORMAL
1337,389965.1318076111,410.3036584699513,90.56903279541214,227.4866855568891,9,EXFILTRATION
110,881863.7500620277,475.7419074906816,1583.1376238573073,35.12101315991898,1,NORMAL
443,721854.9460335217,1588.1740948710087,22319.609237907178,14.520747479522822,0,NORMAL
4444,194345.1001053921,1.6320232734615816,22.991084676839527,900.7897705612074,6,EXFILTRATION
110,5447639.199060925,389.03557938939156,753.0561576345945,121.50714312528173,1,NORMAL
4444,107926.24742161916,538.9983370265753,67.90780061078173,221.3420029513859,7,EXFILTRATION
25,280790.29470381956,2851.7952040345795,2539.61841257491,5.180872283775404,1,NORMAL
8080,342511.46244120033,16.224456783069552,3.901397087882878,152.9404261541358,7,EXFILTRATION
80,13961451.81457003,361.60210308464633,2624.4892662706366,5.078786033554106,2,NORMAL
80,4233813.830778962,794.9246227512313,37511.8132562094,63.950193328886925,0,NORMAL
443,6131816.75672958,797.6731969155234,3883.0956017918056,96.84144436411253,0,NORMAL
443,3795065.0870105033,568.713009097335,3552.6808115108706,97.51446869718082,1,NORMAL
8080,444.86305714979653,256.79616366083553,8.643986197927468,118.02398680341906,6,PORTSCAN
1337,684420.8917992733,1.4402494418607397,6.742044691732152,1408.293423066259,5,BRUTE_FORCE
3389,467498.7800170612,1.6543418870851825,439.87217711931686,106.77740400781045,9,EXFILTRATION
8080,126639.16695275945,1755.6110272161804,234.49473581001567,196.69072028297245,7,C2_BEACON
22,76285.15346716181,75.81433031706423,2.1084278014687383,115.24547518376787,9,BRUTE_FORCE
8080,68760.1017745846,339.91387269081724,7.759142934553302,458.7318943987229,8,BRUTE_FORCE
25,4503388.546476737,2939.3636264496704,3777.5924008000393,152.88480449489072,2,NORMAL
1337,19906.388802399648,205.0047690559338,19.065396873678402,146.45408862094877,8,EXFILTRATION
443,11443258.602637753,2760.162481885449,692.1877478230653,3.5716107282871388,3,NORMAL
22,12155.419910543029,279.1350036753204,134.75795099030108,1339.0315621296497,6,BRUTE_FORCE
22,20847.833974974565,7.331306202270669,82.82830514842077,458.1535006641057,10,C2_BEACON
53,869781.3143735782,176.6803211351083,1175.4670319174504,76.18552667844358,1,NORMAL
4444,74380.43326698766,1.1993271578778186,2.139763524336669,658.5283299620353,10,PORTSCAN
8080,389949.032194553,104.14637612539738,43.39582084013261,189.92633475465337,7,EXFILTRATION
8080,61296.10202830252,22.739164106223438,16.30242072378809,3124.062462905206,7,BRUTE_FORCE
53,2729989.589780929,2236.0848134435937,52131.11990182357,163.28941840094416,1,NORMAL
80,9821565.444812257,709.3075181993864,752.8456913607513,13.057784481333751,0,NORMAL
22,345943.2145228128,11.410648677596418,1.1301624742907184,710.4661943751231,9,PORTSCAN
1337,375857.1451548714,60.48763531738737,292.86991251438025,1331.324648842102,10,C2_BEACON
3389,410480.539162722,60.905284373270604,77.91802484326247,16.5377991567959,6,EXFILTRATION
3389,120578.45610937086,218.26415927179195,62.410487470685986,1257.2190945618781,9,BRUTE_FORCE
443,4657197.383686015,876.8477974268139,19087.19899590221,151.6598153739325,0,NORMAL
3389,336843.384638577,4.150261606262767,30.714273827409446,160.13726781375522,8,EXFILTRATION
8080,888267.5052697173,117.27472192747953,0.19082017179605743,1329.3694291450768,4,EXFILTRATION
8080,290436.9127876519,5.4318522888159855,6.055825745963939,164.64646568241147,2,PORTSCAN
8080,430863.8126875755,2350.753504230266,0.6312573487061168,13.312578687172135,4,BRUTE_FORCE
3389,3072.747172809177,25.441603547252864,86.41198060323451,41.617836106266935,6,C2_BEACON
110,4478973.206920343,6853.818631313383,2975.5453034554457,124.94645761130043,1,NORMAL
80,4012899.1420172383,728.275772913142,11896.426216765134,23.292976453178866,1,NORMAL
1337,73698.87564333779,145.84997837436276,0.27572823683346437,368.48313585028694,5,BRUTE_FORCE
8080,142851.0485088677,3.655631582554997,37.786876629627244,145.628086038158,8,PORTSCAN
80,2679227.257005046,4069.039667254586,9038.322225446822,44.52923503285244,0,NORMAL
110,7777447.350806755,2009.243678972408,39031.8704435107,115.97325064394448,2,NORMAL
53,953213.2714020808,983.5331809992582,4411.083452192845,114.30038104811211,3,NORMAL
22,135656.6261869309,15.014004174622523,5.171591689771638,138.42542414653116,7,C2_BEACON
1337,45928.44000833009,1.5435563704916893,0.45715067066146065,120.46111777013958,5,BRUTE_FORCE
4444,186389.37537902538,3.6767097560865376,56.390156843782165,453.6936241159972,10,C2_BEACON
443,4762002.620964084,516.3558803778598,1478.7095905688561,30.063279368807915,0,NORMAL
22,404092.11643236375,83.26826120184106,45.445572995157676,698.2765918841101,7,C2_BEACON
22,105712.51654425482,254.4866990201237,1.8693726528464396,495.3606507237448,7,EXFILTRATION
1337,97317.88617430501,3.117971202472036,9.207022412624708,458.8064023529371,7,PORTSCAN
22,38977.98700897519,20.408807295214828,145.4126900055313,1093.7204743668194,10,C2_BEACON
80,148022.95960586242,1603.6979184934796,9761.792551209714,37.43715166535732,1,NORMAL
3389,258322.52263257414,71.80948112390014,3.306509844360878,253.95496884281326,12,EXFILTRATION
22,28120.09884825622,148.07355142277763,15.788494898514243,227.36888514616732,6,BRUTE_FORCE
4444,182478.3602448444,13.361106238117886,9.525095997371144,1936.870362078797,6,BRUTE_FORCE
22,192515.0650165516,34.5350881411381,43.4437538890968,845.7109949501164,8,PORTSCAN
22,41416.85068995423,0.6530874602192768,2.539026143433601,91.69873206082045,7,EXFILTRATION
4444,80678.14146673899,10.212545537007706,41.93221048858753,245.0070627713329,7,EXFILTRATION
80,4259561.421227039,4940.372434202016,2652.875625540548,80.75738619603024,0,NORMAL
1337,308777.33601882705,1.761389041335686,128.1793626901522,21.388470810125494,7,C2_BEACON
4444,260831.59268556954,13.432691385070843,10.76411700755433,397.16327272626893,8,BRUTE_FORCE
8080,500892.58912236145,2.9745449445871697,13.078166383466831,168.10459744350803,6,EXFILTRATION
110,4761777.206398385,707.3832744415715,94.54461947726816,22.06002407960034,1,NORMAL
4444,56025.27109732145,11.63241131129998,80.3644327530732,1413.9086825422946,11,PORTSCAN
80,11751.167519305773,687.7194865984422,1667.6595446518368,39.106685256640986,3,NORMAL
110,198937.7568452158,747.8351148728716,5424.588273036029,14.075859455208656,1,NORMAL
25,1142301.4656553136,1233.4724857544638,5796.27942247511,12.588283658097662,0,NORMAL
443,1563966.57152553,268.6153867488586,2802.6651629811745,47.103895427531924,2,NORMAL
4444,123414.28194938513,3.9735668154219463,18.012913435459982,77.83188697973284,7,EXFILTRATION
1337,179007.8786882108,294.7270102241383,32.475106704710555,16.347039849743812,7,EXFILTRATION
53,1932872.619382958,1943.9386225891262,5258.779935524153,2.293843530750005,0,NORMAL
8080,32347.483760875508,202.79180338267662,42.93453417793642,559.4736338224019,6,EXFILTRATION
4444,116134.89629281424,30.11194939792618,8.784484853118736,599.5760161471961,9,C2_BEACON
53,4751847.442655943,1930.6903300069791,1568.9702833004912,17.964725591669488,1,NORMAL
53,3394065.489390087,957.8256484730838,8529.234820992662,3.4767671921565007,0,NORMAL
443,16989779.113062546,2516.182457288173,901.0201371747559,7.550239598897254,2,NORMAL
80,1341902.8332078364,498.6739008269445,2528.4100775873885,30.11690581740239,3,NORMAL
1337,105430.83952589602,6.800670610368086,42.06831615292754,276.59773517970206,9,PORTSCAN
8080,61723.316098863754,54.44504932247138,63.91147734890673,66.53973853897111,6,EXFILTRATION
25,2263735.3735245746,90.81628246643965,1392.1079829991077,105.11265697813599,0,NORMAL
80,3216406.2061938634,7073.060356824328,1438.293104554711,34.626660311135794,0,NORMAL
53,729442.009637046,1024.2478242994014,1482.1952206126132,44.082900849833855,1,NORMAL
22,644707.4124268054,15.970080956743644,610.146542841055,461.5969346561545,6,EXFILTRATION
8080,10776.135782447725,2990.436168897689,9.53524841776759,765.0884041747049,16,PORTSCAN
110,156548.4570707158,2017.748819883389,3789.459363834239,27.307526022371515,0,NORMAL
8080,107336.41064502356,774.2744335107719,151.51879079317877,1185.0889442209773,8,PORTSCAN
22,508190.2961204203,284.813410129043,8.389896692418892,437.0727071277365,3,BRUTE_FORCE
4444,430788.7099176611,191.8765830143983,52.07884422530861,714.7058163549325,6,PORTSCAN
1337,282164.86437205493,10.472143543181526,8.762278053819868,23.4246856480055,9,BRUTE_FORCE
4444,137895.03704802252,4.029032416230394,1369.8794710293537,1798.3809428167358,5,C2_BEACON
25,4635550.501401643,760.2583599866645,3714.094896281153,25.784339033483437,0,NORMAL
25,1646936.0332680272,1110.5112452751428,1866.236215981887,54.39875845450041,0,NORMAL
110,3130037.08365971,854.353003803167,1626.1642098980299,121.7219443867348,2,NORMAL
25,1096714.1050492162,983.7613577839961,3113.600806965257,4.136930149593529,2,NORMAL
1337,167456.90496356797,101.51775225798356,1.7810769002922564,292.12866432009724,7,BRUTE_FORCE
3389,98604.38799174486,68.59284563015942,0.048007565441722175,75.80242505292675,9,BRUTE_FORCE
25,5421100.550295199,1083.5050123515637,1438.91389003273,47.45682100539991,1,NORMAL
8080,218291.03771707814,306.0582218943683,109.03825695210641,143.38082991593356,7,EXFILTRATION
1337,78853.69729003415,47.598707501133376,1.0726377930610123,522.1374104937389,4,C2_BEACON
3389,207410.64011143817,38.35479136994596,27.7377368486995,281.51402338356786,9,C2_BEACON
80,1437755.216095028,1193.8909553875062,4075.902177267277,23.662223801379685,1,NORMAL
110,523995.97099079366,1187.552306614299,6042.65244980338,93.88912089715792,1,NORMAL
53,5608794.180804345,4537.742582181813,2493.704150286503,64.73270621267974,0,NORMAL
80,2191221.5353974532,262.72172534680965,757.1918948485925,16.327047871035326,1,NORMAL
8080,27733.103002592143,1.7517624293155927,2.304377552833257,412.67704431569416,11,BRUTE_FORCE
53,4909928.943261175,836.8364079128149,37845.827068634295,44.82477069093848,0,NORMAL
110,3181802.484135376,567.1795187805781,21711.600436989313,118.46099367347789,1,NORMAL
53,657652.4538653421,540.5355758584257,13150.910466717416,13.751332915093057,0,NORMAL
53,3062710.385307899,1328.611306155773,3343.3515901470582,36.31470818173329,0,NORMAL
80,1681418.5856311028,784.0589179451,781.7195118956514,12.177124328238879,0,NORMAL
8080,809689.7999399777,29.497489758549783,25.573544049593682,121.51556468291376,6,BRUTE_FORCE
443,4593286.205970264,731.5785674064333,4091.156217350405,117.57290877657995,2,NORMAL
4444,164784.00160620446,163.6936994644193,90.6985155613922,1297.7766064702241,13,BRUTE_FORCE
22,294272.42828642635,123.08347425227451,2.49792859731762,14.630959350813617,6,PORTSCAN
8080,277489.8228372975,79.91501345334967,14.92452151613124,448.56172048041725,10,C2_BEACON
25,715221.0997701215,14559.153417880609,26374.47285385265,44.442216479253425,0,NORMAL
8080,591778.9633719022,7.9859993677782155,3.5665186715501043,1224.5043715876736,15,BRUTE_FORCE
25,14391890.679956555,1849.222882749507,11175.324944574038,49.394949432241155,1,NORMAL
22,254870.90317485892,45.16618929003146,832.5957709297129,48.74592491453374,9,PORTSCAN
22,1217163.6702016324,59.73746957886169,130.4737614766176,150.4024196246411,7,C2_BEACON
443,8814072.362234402,4396.941744188512,25373.755393884516,17.564136948635685,0,NORMAL
80,1187678.47827395,756.530333308674,1036.1552307869963,22.86237663631892,0,NORMAL
110,205597.27075366542,3568.8137251877047,317.43155385528473,8.808461399987674,0,NORMAL
4444,67253.59672156366,261.8971532979353,7.633006901145649,765.6298299182039,8,BRUTE_FORCE
53,2372442.9495900916,649.5603290110494,1314.158669259655,236.81206517079687,1,NORMAL
25,4241963.392764252,1640.106093255498,1693.9396141625157,111.62917196777815,0,NORMAL
1337,101256.16075507688,235.246899847368,18.87189906455641,154.52937694426996,6,C2_BEACON
8080,28018.540865369447,17.001695119525458,11.180181811924129,83.09095030287116,6,BRUTE_FORCE
53,814422.1725151286,4648.702428379075,13932.446196563345,60.74054223273746,0,NORMAL
22,68716.5889054222,19.600066970900862,21.929373724441145,151.6707465943641,11,EXFILTRATION
3389,1727.805520848067,24.450713116431785,1.496235717508206,268.0706543046452,6,PORTSCAN
80,7388453.823800264,549.893029098824,9250.583978086683,20.139250416466332,2,NORMAL
80,111566.2396212134,1075.0060878911318,13917.416659379742,8.871853970773447,0,NORMAL
25,7146.8206677287335,1434.272848089382,6669.0400877083075,117.30924945201497,2,NORMAL
8080,262705.4564765971,233.92126244450805,3.4950663880259105,315.17697243007177,11,C2_BEACON
53,2917281.0626817513,870.3891958418367,3153.674494272379,126.6715981603938,2,NORMAL
53,2863921.5919847954,1692.14068853354,7553.211137819512,7.715725148677455,2,NORMAL
8080,382366.244090842,560.1625712617349,5.472086129802494,228.64554523115595,9,C2_BEACON
3389,18143.150236382276,342.99281508964515,4.3470532802658015,93.82802649832679,10,EXFILTRATION
53,5260385.050601846,4288.135470561488,2485.836535059682,64.89257744787282,0,NORMAL
22,414080.6374292933,504.06772097542506,606.781390200082,1732.0313728664178,11,BRUTE_FORCE
80,8849318.856517205,1441.7523769721959,3780.8129833094386,7.562237969529346,2,NORMAL
110,3741367.1202917164,2740.303012023999,345.35148433943914,142.0484486423092,1,NORMAL
1337,346617.0845935048,704.5168535307632,104.41597887315042,207.5005772034685,9,BRUTE_FORCE
25,3177186.697118095,1736.410774196829,3539.9068769920223,110.73393715526257,1,NORMAL
8080,129724.6332041785,5.999512079371518,218.87026079651946,1760.7336937585535,7,EXFILTRATION
25,5537426.536695847,3817.3191065966726,11200.345824030092,126.82783102982616,1,NORMAL
25,821104.9561248339,2522.938143431563,2651.4320389326163,28.821995246081407,2,NORMAL
443,1489979.711359972,994.9117413935251,670.2107820432831,31.10990651742529,2,NORMAL
443,2416176.84704589,1141.0610130206999,15050.834443229662,27.856038601016547,0,NORMAL
443,11995597.600774018,2375.22592567317,6491.546669893584,20.263573752252228,0,NORMAL
4444,75282.08292528092,9.200179803027261,11.46734414233913,612.8942172171594,8,EXFILTRATION
443,2931336.4106084164,3195.3355607138146,525.9824036641312,112.8400937204326,0,NORMAL
1337,49848.651606361935,336.2394141481937,149.52991846082614,259.6128502758497,6,EXFILTRATION
110,10720924.021142207,5200.011081223495,18241.53170459354,28.707407477007745,2,NORMAL
8080,216092.82376385393,198.99328741869584,1.513442655162194,182.32952409048852,6,C2_BEACON
4444,251818.21408668076,104.0037199503934,18.464303679386244,1763.7650442982417,6,C2_BEACON
53,876890.3543235089,644.5733331145764,5863.9567689764235,13.429715341767471,1,NORMAL
110,1180628.253236455,2122.7335603670103,773.5581293729574,125.19105366901846,2,NORMAL
3389,211322.32294752117,3.9343296712914295,57.623492216623774,1597.5262449681125,7,C2_BEACON
22,82701.82925116947,68.65482416206459,95.02250865360095,854.9751181169487,7,BRUTE_FORCE
8080,80566.97293873398,284.728603282655,7.485525482729446,151.15617050316524,11,EXFILTRATION
3389,630457.8882576241,292.7940134405265,214.47061548712367,249.734433915056,6,EXFILTRATION
80,5638080.505933256,155.30749579162367,42803.97408042945,4.20231368824022,0,NORMAL
22,52223.04753289876,6.797761243191524,5.990653812239152,79.75514982897678,9,C2_BEACON
3389,19431.01134265361,48.52471162876971,4.329170999593697,267.78422568045124,8,C2_BEACON
8080,137267.09689566266,14.716520726961097,1047.1806262651585,770.8005909825017,7,BRUTE_FORCE
53,6727320.43582701,1355.4369841209357,6311.525311095938,95.34875735530176,2,NORMAL
22,84691.21402185492,3.1002079257896895,1.844697019321435,31.597949366859133,5,EXFILTRATION
22,365184.52119473135,24.63997551838331,18.16922816801733,728.5350554876021,9,PORTSCAN
110,7114311.083631174,3436.495196889432,1557.8843190504124,13.119168195883107,2,NORMAL
80,1940727.5748193697,4990.633299019149,10573.06976086865,36.48243998881072,2,NORMAL
110,13344550.501355335,768.2114977363843,35093.52018741884,115.95880999742727,0,NORMAL
443,970423.8267797637,1501.2038058849682,513.2454333077721,3.7301373408480427,1,NORMAL
25,6088742.28500001,364.5535197391668,2650.8775192330263,2.9625594551208274,2,NORMAL
443,537251.0663319601,341.08601630671126,7782.223851458017,2.8266160962193214,0,NORMAL
22,97041.50633739734,295.26922983268787,18.061881248572067,1812.8359254380457,7,C2_BEACON
25,1350654.8298580016,872.643801693444,3285.823545296866,59.76445156417156,3,NORMAL
22,268113.18201601476,7.119651366927145,5.511389089746065,52.038307881141925,5,BRUTE_FORCE
3389,299403.74978012417,4.4936394229690695,47.026772650428875,133.96569288589126,10,PORTSCAN
80,203127.9828179502,2014.783785907226,1257.1884763955136,28.685708525998706,1,NORMAL
22,98562.4348216524,6.264781479817354,36.32864305923772,1443.2165818394835,6,C2_BEACON
3389,50035.43996845151,6.605491068483276,83.26432785712034,589.0779641715326,13,BRUTE_FORCE
3389,31532.848886206495,348.420110463582,28.70820139948502,643.6855562097775,10,PORTSCAN
25,990128.426000182,1678.9283250599904,4183.1640827876245,2.2980115108351673,0,NORMAL
110,4369922.588900712,1316.845588039647,1030.3030706976167,3.7734760199352237,1,NORMAL
443,6347409.122268505,288.01773032211685,17778.79177662348,58.978261971000656,0,NORMAL
53,9255811.442038331,877.4099409996179,20923.17118816394,101.89064076013396,0,NORMAL
22,478270.6963504362,33.934158477465246,57.85085080439302,422.8766039685132,9,EXFILTRATION
4444,19301.212182542233,54.04506333909117,99.2151989300064,947.7869995483298,8,PORTSCAN
8080,10281.700002812266,25.226671695710486,981.7910815152449,176.66508181915168,10,BRUTE_FORCE
443,2553986.606612281,908.9344473223421,49003.28788491196,22.894843764338773,0,NORMAL
1337,148236.00232735317,96.46998338281718,3.4653221034133344,76.91477890130878,14,EXFILTRATION
443,24199520.122688368,3566.225949474827,2123.1330869007825,7.924119237299027,4,NORMAL
53,2153436.5538578974,248.34374060257701,7350.000500797515,64.22302854346844,0,NORMAL
110,3959816.296030759,443.09521000293944,15003.032130374608,84.11647435567195,2,NORMAL
1337,36350.43709237597,10.73339106877553,2.01069064175488,321.74903470463835,19,C2_BEACON
1337,16312.591672711496,601.6751804852981,2330.4080638217865,289.3140069021878,4,PORTSCAN
25,6390773.382633057,2846.257509650983,4371.865173734092,44.00398594663245,1,NORMAL
110,679686.3579916186,20213.565467016255,2184.405807945586,24.444444973383927,0,NORMAL
8080,286833.82777209656,22.687368580223175,11.97475532049767,257.06366219264214,9,EXFILTRATION
22,178481.91045758512,50.04635491017494,3.5014529247571273,173.5868718140263,6,EXFILTRATION
3389,612531.7544822983,13.610086687184696,247.416221067857,156.45038515787633,5,EXFILTRATION
53,3084222.272317241,280.2071486880335,1779.7009298341154,66.40387808763947,1,NORMAL
8080,305854.7236436872,33.10718156206646,43.604546636236805,294.90931423256797,11,BRUTE_FORCE
8080,236823.35861247522,228.60275323096954,12.603286345897278,320.43944012936623,6,EXFILTRATION
8080,473974.9602151901,322.02174941972,108.2361566000514,1913.758431851876,5,PORTSCAN
53,1074929.7510917194,1378.129160680014,1866.1542119750065,92.91001885553433,1,NORMAL
8080,118207.66531880602,62.2803122069232,12.105070077776297,962.7662217667406,8,PORTSCAN
4444,187359.07928537307,256.89525436129986,1252.7514721438308,275.5161111801843,7,EXFILTRATION
3389,48703.9890488251,100.2732874675941,24.240650712773622,620.2182169465481,9,BRUTE_FORCE
443,9743140.467929719,63.43209037244163,3018.712150569481,141.456240382696,0,NORMAL
3389,523529.0229325149,38.03646855499075,10.773817673880787,166.85508138963445,9,C2_BEACON
25,10434668.577712702,295.1644611885906,7122.295667483613,9.804724788122629,3,NORMAL
53,6589265.467304804,790.1358906287295,15240.723044712366,17.21256860315069,2,NORMAL
1337,291112.9318892221,30.51477860094797,14.19583415690161,169.46514110777946,10,EXFILTRATION
3389,7153.486627776966,273.15820517970286,2.117726733930907,447.5489628070618,11,BRUTE_FORCE
22,214341.2556421213,8179.09092998152,47.25992505700764,101.02265221927298,5,BRUTE_FORCE
4444,60523.204657708186,2.5803692113060195,34.83511715151975,123.95769918166638,8,PORTSCAN
1337,212543.49157454423,31.86436897355413,1.1568955700652177,199.87833739152398,10,PORTSCAN
53,6925989.7476648865,1637.1910102795941,26938.657069185985,45.18599620452567,1,NORMAL
3389,19959.043163705945,77.7898750795947,7.675804995792346,203.58002263362323,12,BRUTE_FORCE
53,4645249.594014763,1030.6153209017505,943.2072905107794,13.4894605080816,1,NORMAL
8080,383796.5051766745,0.4835713301337077,36.035764904804644,508.89994103587054,16,C2_BEACON
110,2100559.59878204,438.88830881311566,1403.952286774092,13.885242635670627,0,NORMAL
53,2453189.932469742,584.9680970834295,10369.329633885473,17.571019981065465,3,NORMAL
8080,7838.236563812182,7.00089651419039,11.690434591608486,605.3859201017891,7,C2_BEACON
8080,117991.7328740065,18.231333811596578,254.5486489637268,471.50490701222594,12,C2_BEACON
3389,53029.78047289788,231.16360517476843,0.9106238516194956,586.3389806852927,10,BRUTE_FORCE
22,158254.97730213244,75.17850789658982,854.0526917882991,769.818903732223,7,PORTSCAN
53,433450.3674848275,2503.4238097732896,2957.1632086800287,61.83897589111561,0,NORMAL
110,6567134.045626735,1784.4081470775554,21927.490136122364,71.05479812147047,1,NORMAL
3389,135720.27798309684,37.498898316394964,32.89794195031959,307.22239525101384,6,EXFILTRATION
53,5533449.385049943,909.9837543097174,6692.603109849955,13.102998467958832,0,NORMAL
110,4438895.889677393,953.8037686696096,4592.395863688805,20.577744070969565,0,NORMAL
8080,561909.4425020883,14.388262865641515,2.1253373720638447,1383.9808205911404,12,BRUTE_FORCE
3389,14998.221274051579,193.0260828287198,1.2303245505913591,819.5877857241036,7,PORTSCAN
8080,91325.7460151401,21.378346449534757,8.70677046634193,174.4399629409321,8,BRUTE_FORCE
110,6265597.495877008,601.3459307669928,18634.49792619785,11.728188406929823,1,NORMAL
22,57973.623709739244,215.86897703395405,82.06509029390472,160.89377774851692,15,EXFILTRATION
80,2733290.9210782032,2424.2136820261253,5087.16574588117,5.735465504965308,0,NORMAL
8080,130409.1307388401,391.56796580261323,39.57923441646802,403.1106121232207,6,PORTSCAN
110,4956487.874967039,1953.771633742517,29205.690530232572,38.267410875556465,0,NORMAL
443,1498127.3910731715,869.333214080015,409.3569550311221,109.04925109287062,0,NORMAL
80,2014468.4534963283,812.7999070386916,30507.074278915967,7.612679623302979,2,NORMAL
8080,33117.26489045374,7.371769527968991,3.2297713992951884,951.5424566114426,9,PORTSCAN
110,1665465.457824755,3309.2528037420234,549.6684700149393,36.10582075936542,0,NORMAL
22,522668.96634680463,12.8276275688302,47.173797300527895,309.6703668053505,9,BRUTE_FORCE
443,446358.90432634356,21868.675951327274,1119.9672578482043,19.636909711985272,1,NORMAL
443,2403232.311918166,1711.0346714826042,13770.672319913554,207.5816138358961,0,NORMAL
25,1377475.2906947655,473.06278148740387,303.9455326023381,0.025505955228641068,2,NORMAL
110,5581447.001277346,874.9731944061535,716.1849152304402,12.131865494138873,2,NORMAL
53,141237.35229361165,1133.9285417508459,10804.755412341687,144.54065029197264,1,NORMAL
443,5841565.863293532,1322.1410663312333,9171.057930725467,15.403655093273871,1,NORMAL
110,1427006.5743282435,1149.7487774814717,332.3544721316357,30.69215978867928,0,NORMAL
4444,145111.36013402778,13.436429084111037,23.10324903705692,1319.7668066684935,10,PORTSCAN
110,5957281.256438961,1406.057693227866,360.9919200506766,7.265208784241659,0,NORMAL
3389,140625.05923981353,12.798163322189001,47.48885548924786,1304.3900609130335,6,C2_BEACON
25,4879379.091062655,2168.1601367978606,8789.684854222976,91.78229415465336,1,NORMAL
22,263699.5046268697,180.3977670676521,3.475489947161521,265.12774044100183,10,C2_BEACON
1337,277998.77180333284,2.8650944737234445,45.82637007477142,84.89959326363626,11,C2_BEACON
22,123521.40086739059,12.908639370591153,11.07195045284363,511.523415843496,6,PORTSCAN
25,1202317.7004310903,975.1484342385371,1659.973793721883,87.18172514413612,2,NORMAL
8080,672527.8028987398,119.91023033837023,6.917808879126525,32.58942839656472,14,EXFILTRATION
110,11809382.522213828,746.3599394454877,2655.4421570198087,139.67081733117203,2,NORMAL
53,328219.5121597226,4924.013031343727,2905.5127306361373,28.987387071928705,1,NORMAL
25,1569715.7886712882,6670.278194893815,6967.31110869088,27.329992453719278,0,NORMAL
110,5628685.927925503,5393.5770855957335,39682.24212375011,100.56220673870094,0,NORMAL
25,3848620.2597218947,247.32808523797954,526.1151977366701,3.089098908421674,1,NORMAL
25,10704082.857181696,1623.6890301208753,6519.130484966782,50.884313985726216,3,NORMAL
53,1084305.8312969117,5432.19108798612,2344.190474446081,123.07307507636527,1,NORMAL
22,140064.4775554375,2.865393357892963,0.7838663014255606,18.356006315792698,10,BRUTE_FORCE
8080,143588.72962514407,292.42898332542046,73.49549045389465,313.43432233107654,4,PORTSCAN
4444,60078.91387877077,23.259822433750237,0.9474198773025356,692.2800599176123,11,PORTSCAN
53,3288851.127221367,70.77979495401688,1661.2653831975135,21.7806054727233,0,NORMAL
1337,374450.61080027244,3106.1531604353095,6.342561314698611,66.23969012037742,8,PORTSCAN
3389,164323.8098398316,246.85493555175492,15.073495415414765,567.5205662295648,6,BRUTE_FORCE
53,3585.578863215434,471.2067707024265,2724.984163659338,10.254821816910114,1,NORMAL
80,1782643.2945840843,3072.508764409013,5296.5087120814405,35.40820833345275,1,NORMAL
25,1557609.5646060922,1666.556097682691,4994.571928479539,51.11301670034762,1,NORMAL
4444,206165.2738605138,104.26061311423237,12.613428369701252,342.44023917931025,14,EXFILTRATION
4444,129793.2118640809,2.4337497838299016,14.428447028132316,795.4792432357654,5,PORTSCAN
4444,137542.72421013532,11.958659984205887,24.51036389525375,203.45725877812504,6,BRUTE_FORCE
22,234806.76648750124,196.37405042196943,0.3001260395031331,634.40127959713,12,C2_BEACON
1337,47652.50614109559,494.2187851900139,25.21150340354312,386.1620646005301,7,C2_BEACON
1337,22735.970926553004,286.99841359010765,0.1817218567706208,443.34422163079785,12,EXFILTRATION
8080,188424.97563920275,6.903263780830938,23.04996273409778,761.1484104901219,8,C2_BEACON
8080,297861.5378646183,48.406218953742176,38.922164163975935,689.3955948231585,4,EXFILTRATION
25,7633433.018244213,1336.3209629259939,1893.9356639425491,6.298984054143631,0,NORMAL
8080,88490.73673593956,11.877130543418478,5.94174944692074,202.74574474674782,2,BRUTE_FORCE
1337,514545.6864036139,50.718573589496806,0.3557924191616089,335.47403034198,8,PORTSCAN
443,5972856.590439909,149.91279077372045,3491.54681927123,3.1156894415748595,1,NORMAL
8080,300541.0107008799,152.4468852558576,3.5459873330029663,607.0007589051793,9,PORTSCAN
25,1216931.8098902078,822.0851425929029,810.644936054792,115.85635884528071,0,NORMAL
4444,65592.79009560832,2012.7236188252828,0.1209662663397467,301.2244053806764,12,EXFILTRATION
443,3297541.2039385447,1058.483562024582,4010.79899370451,151.86931877756757,0,NORMAL
110,2093759.4394579034,423.8201991074301,49655.50475863486,31.950339779469992,1,NORMAL
110,2780788.0060353647,625.0537575173083,742.7784611139618,1.4426749991077121,2,NORMAL
53,8789987.215553503,997.9776978669831,2404.162321545132,131.81335190981707,0,NORMAL
4444,178296.20234901484,38.6913000085717,5.253197310098586,624.1148116062014,6,EXFILTRATION
1337,142119.2514653788,386.7015937400814,59.5534071935582,117.01195653703502,10,PORTSCAN
80,935730.492823335,932.954288480719,12056.642314418576,95.7897318454494,1,NORMAL
3389,325740.53810843895,0.6325118174752741,55.415950061048335,507.0361286770683,8,BRUTE_FORCE
80,936278.1064946929,417.70937819971704,2133.6774541212912,70.54187720490633,0,NORMAL
80,14082062.314915525,1464.6021368764145,1742.9003533339628,64.16885948004443,0,NORMAL
4444,30520.894895871803,44.61400352669396,0.5591341504833515,742.0386582324969,5,PORTSCAN
4444,63981.35413390079,83.41046883255217,6.040268405449252,2056.1801016388868,5,EXFILTRATION
8080,442974.4059718409,52.61926878750731,25.035259903905743,1354.576727316613,10,PORTSCAN
80,281502.63925654837,321.23451539511154,8420.550211287851,58.96685670092959,1,NORMAL
53,3357402.0519313375,350.0437619599724,7834.464689524472,65.90358230730826,0,NORMAL
3389,58839.81542955854,6.131381361322883,0.35996386070420366,375.17849913777064,4,BRUTE_FORCE
110,6659701.386750012,940.8083444215224,3998.7678035161916,24.7376790210579,0,NORMAL
4444,40697.38864194239,16.750990724267698,85.55326519941077,114.55233784939225,6,EXFILTRATION
25,2905837.5903162314,934.0686688083423,5348.138689968166,70.49619265338465,1,NORMAL
22,11322.407768724273,75.88098986753216,280.5171271293359,194.3659530926214,10,EXFILTRATION
110,241022.96710123762,5560.977665424145,4738.478051391086,56.88649682842721,0,NORMAL
25,5327376.833625832,263.8113716066497,8525.250073649238,81.91738648943013,1,NORMAL
8080,128897.32880063474,46.16529316269759,185.21567529305958,1408.9344669650577,7,EXFILTRATION
4444,74285.21360233724,2.5005184494795594,0.8790900244370025,697.35988135917,11,EXFILTRATION
443,11218445.618418789,3515.6892828663463,922.1378448712138,7.665911267871698,0,NORMAL
1337,64722.182758491064,47.951104409735436,4.285636331932945,350.29606700227606,3,PORTSCAN
3389,311244.3344465535,180.89484422648496,43.388350980807566,279.9988370561902,8,C2_BEACON
22,281805.58036325674,610.1087150117988,136.5301083957148,559.3175554001216,8,C2_BEACON
22,261226.8970404777,27.827460804030213,0.6083135133796347,715.5582555797233,8,EXFILTRATION
1337,7262.374388606921,864.288115159368,6.1558966822891765,150.3120953160187,4,C2_BEACON
22,132183.5095852244,11.07100979888484,3.606753143263357,29.370231706552232,9,EXFILTRATION
8080,137391.420362669,123.8463301052358,0.681698222904779,224.51411289966157,6,BRUTE_FORCE
80,2418764.695919813,840.5662786259153,11930.808159047396,37.336980827326705,1,NORMAL
443,407884.76634400926,1512.7018863735225,6012.9479601368,5.694417717299294,2,NORMAL
53,4467190.779384266,591.8598636434131,7989.447996274811,46.380046653913034,0,NORMAL
443,365811.67087393586,783.8529055374831,2017.03502843757,59.64618883021357,3,NORMAL
22,80168.09505602237,25.80483887173154,116.492399307138,11.573433465130353,3,C2_BEACON
4444,117838.02340181086,107.37734476717591,60.744172189986415,779.3136948523171,9,PORTSCAN
3389,20815.044326790758,23.256661637647632,10.611885982701665,236.28908903609576,8,BRUTE_FORCE
4444,18724.771623543304,186.75867859929946,1.8948309776221588,2242.877976623435,8,BRUTE_FORCE
3389,484536.3481161626,1165.878480489278,115.49193171526655,628.6151826263946,3,PORTSCAN
8080,648572.4730446844,24.191468619605295,1.8424007955260728,1021.8129103102006,9,C2_BEACON
22,72693.81040338053,7.7574801938503475,15.952758364760527,705.9535676806046,13,BRUTE_FORCE
80,6330449.7182287555,342.77046097072315,536.3997816783262,48.13879986194233,0,NORMAL
22,371212.6624011122,106.1412608123283,16.970935917440556,172.05455148481536,8,PORTSCAN
8080,36465.02970162851,162.79087206124467,2.618829396422999,610.8188469275716,8,C2_BEACON
3389,344244.1757651508,318.80301744675677,36.57225721219186,914.4665846068617,8,EXFILTRATION
80,3383790.5210747337,756.3755249016115,11754.190910293672,51.050867009957656,3,NORMAL
443,6367640.97232243,1029.2752038777305,18234.816202159564,41.03048591158601,1,NORMAL
80,154120.109967997,453.97368587455196,6409.124643493274,20.797478962146425,1,NORMAL
1337,384492.79467016127,161.2413301657329,70.07625210276335,36.671867450854215,4,BRUTE_FORCE
4444,9255.975062836258,927.6216819815579,1014.2921369894297,821.8096354209177,4,BRUTE_FORCE
3389,740107.5919569233,147.49293948303634,6.448402610795874,1189.0251778356799,6,EXFILTRATION
8080,279069.6664055685,709.5527712449178,4.39108279978796,506.81078920913916,4,BRUTE_FORCE
3389,21801.348657700004,1.5532898140820657,7.697820277348692,178.9065530142214,12,C2_BEACON
53,4170643.3567484706,939.4641587698792,72.73719676581709,64.5459835715635,0,NORMAL
8080,116542.21503341677,99.76916389790448,9.923324018501457,551.3353735685599,12,BRUTE_FORCE
53,2726527.999652429,336.56753484451684,2082.2809931441666,2.616099769566614,4,NORMAL
80,6803996.102227103,952.2716375545548,1134.013054267647,156.84735337444698,1,NORMAL
1337,34158.62776510072,26.100655666140774,75.93321883928955,64.28205804200991,12,PORTSCAN
53,1501805.0313172662,1716.3079685082346,1218.6853826650456,12.910219414731728,0,NORMAL
1337,94647.59151950214,371.79671884352666,1506.8441251698025,95.06956561606653,8,PORTSCAN
443,13478431.23612141,4509.894932048224,1107.3715899690094,49.79796311349666,1,NORMAL
22,267765.43941937527,14.805683596741353,61.50553762613134,48.922833809603176,3,PORTSCAN
25,2358359.428934184,5863.039404651028,2091.75456232311,18.584570148652308,1,NORMAL
25,2895191.692672631,1461.578820054701,998.1077683474203,25.59439640624495,1,NORMAL
80,1541363.6566016353,2033.3269678591603,1725.3841535525135,90.62250204776419,2,NORMAL
8080,160378.78001694928,136.05909774018374,35.021653936072376,553.5627156775424,7,PORTSCAN
8080,57484.901461609574,104.50634094887246,11.559549936414841,1276.6678694340872,12,BRUTE_FORCE
443,14570733.988268428,732.0456244632638,518.6560023823674,44.01367812987013,0,NORMAL
110,13296684.327353831,332.62862552681975,409.62763039139696,37.91488612229292,0,NORMAL
443,6366816.872903973,430.6975506339232,17275.447055013803,56.3102748866842,2,NORMAL
8080,41085.44481128678,124.45939039662733,3.233574643083059,112.49000138608535,10,EXFILTRATION
53,27000212.19579844,334.9825365662031,16772.862180538872,15.125596887332533,0,NORMAL
53,7397919.1700666165,1611.9705477278214,1234.051265536815,14.897525297048219,0,NORMAL
22,63881.00095054763,1.1698933530677913,55.178531713795714,1113.1834120057022,8,PORTSCAN
443,1747299.0061469497,1301.388621499315,8323.868461191503,91.26092317893864,1,NORMAL
443,2783429.290328935,1674.8985479253279,16176.60446960489,221.36986751249296,1,NORMAL
1337,233214.58446471085,35.87782108677369,50.70586558927337,299.64200541510166,7,PORTSCAN
25,405394.0788187814,978.8827657475235,3363.989735283595,18.197325711992256,0,NORMAL
1337,76199.05158927958,2606.051997987774,532.1142483830657,204.89472185445126,7,C2_BEACON
25,4489408.399845018,1258.079114716966,3679.154645164834,278.1180027558406,2,NORMAL
22,192479.90739438028,306.29137696972066,770.4788624717879,735.6326977716675,3,EXFILTRATION
8080,21782.563425962657,31.52181160408606,13.408787640998108,260.2991964760852,8,PORTSCAN
22,156918.35794892992,235.20398176764826,1643.0514617024623,275.9435288605836,5,BRUTE_FORCE
53,3052199.2544632414,1196.7818347483103,253.82906808792615,10.59670751149551,0,NORMAL
3389,99952.1831731901,289.7176488443353,201.86562153957075,153.61683188643943,6,BRUTE_FORCE
53,1387693.0925721454,495.2716267617703,5178.32652029274,62.80594717044765,1,NORMAL
53,9870491.853073454,2505.2545272465704,2062.3618722583406,3.7562968215066426,2,NORMAL
53,959721.6530306981,1477.159389442954,5474.4181204298275,3.288370213108432,0,NORMAL
25,3955754.838216908,662.7181188170665,5613.481432442915,3.1487854721150503,0,NORMAL
25,7581357.835465926,802.8873572775137,1349.571421342493,133.65716613383702,2,NORMAL
3389,36123.777511263615,2.183241534861462,21.62719031282897,630.654102679496,10,BRUTE_FORCE
443,64906.82142417693,1113.237538444191,1345.18844685782,4.248176385129076,1,NORMAL
1337,65100.201100943756,39.2506646849145,37.727571606856706,23.029016191048022,10,PORTSCAN
25,11888869.5601815,1820.700044276189,768.3320248012257,17.25408624893435,0,NORMAL
80,8351428.752002451,4924.376591502329,1499.5146112878122,30.523005161740528,2,NORMAL
443,3113889.450278654,1115.1016740966875,1057.5201115162033,6.471476543984939,1,NORMAL
3389,69286.58765922817,3.8559053751113046,59.957870246803466,370.38900653461576,7,PORTSCAN
25,4757594.414706974,893.630846463011,786.9719553286996,13.339044599853397,1,NORMAL
110,2324776.245470658,139.88763823179468,959.317996527478,46.61839886969709,0,NORMAL
8080,49015.70966131252,1.2290147240268183,815.6464665478678,762.8801856201859,7,EXFILTRATION
53,12310796.44343585,2115.1874286894126,2690.5405506359934,44.138265176421726,0,NORMAL
4444,60941.114163335296,42.44753733011367,8.780986230338502,711.8728730002214,9,PORTSCAN
8080,704873.786828956,4136.10997155316,4.998405647345095,381.87869061887113,6,EXFILTRATION
1337,277552.2946711173,20.583085973053233,144.31144500411656,175.29584109427347,1,EXFILTRATION
53,2990051.1568946135,1990.3812735841047,4787.5976229351545,71.83035892974985,0,NORMAL
53,5596883.730176898,1444.3233690151765,3908.895768107216,4.5060190155917415,0,NORMAL
3389,965814.1772295848,312.7707210122932,925.1099683166201,641.9692520450037,8,EXFILTRATION
443,699957.5375709134,1960.587672048808,1683.7499581700847,42.5769864524965,0,NORMAL
53,1895575.5486777097,2087.387896531202,14988.672135438896,8.161269150488362,1,NORMAL
22,68479.70001800495,316.5126789807389,25.292717549409733,1489.3953750175228,7,BRUTE_FORCE
25,2119272.203863632,2784.0610967023695,2716.929645864397,41.77954284875477,0,NORMAL
53,7603978.863268138,1471.5654407077193,500.40357214593143,4.048855548810089,1,NORMAL
110,1563290.8134402712,314.1227942978372,12408.908980686232,18.642978192063218,2,NORMAL
53,469642.9449991383,1098.6127278467854,1190.6778576150862,81.32349977840111,1,NORMAL
4444,94637.9573078526,1.9197261984787342,40.905416259402614,1565.681878340524,10,BRUTE_FORCE
80,5160901.981871178,2218.9501163453924,9462.920067755591,2.8299839436661984,2,NORMAL
3389,8613.907911468883,6.726969988192309,395.72517312425094,339.77311479356666,6,EXFILTRATION
3389,361449.7597192137,255.2529814570642,7.348287976008456,604.1479156856832,9,EXFILTRATION
53,1773899.1139896798,5017.264260039448,3593.169486139914,86.30772964188488,0,NORMAL
4444,14426.83191262927,63.25057096417245,15.388951322720771,1761.1202148693915,8,EXFILTRATION
8080,329562.179225524,1845.037587119957,20.827997863576822,423.2497360854201,10,EXFILTRATION
80,4407660.883721758,12409.008798817451,11282.967640014616,73.11889372230569,1,NORMAL
4444,4657.121804536231,42.688655991894386,1.3300201079912386,232.02233734586295,7,PORTSCAN
22,33838.97192483259,851.7274179787624,6.2390935351564325,177.53242768403817,8,PORTSCAN
25,4147551.195076277,1026.4767701459646,5237.0611982312275,70.22773893057004,0,NORMAL
1337,93381.4324270604,25.224214609900425,82.10761832009332,255.4046879458511,7,EXFILTRATION
22,50257.15527664125,24.185106304988604,9.980350156261466,18.66584877650384,12,PORTSCAN
22,48694.916041925964,2.0876579988688335,1.6611945491701268,1263.4227579650646,4,BRUTE_FORCE
25,366600.0728235617,2504.698339791687,33625.470294286635,171.35528790025106,0,NORMAL
3389,52536.286381430065,19.399069202977923,8.08274886582155,675.1003528325463,8,PORTSCAN
22,516638.1596523272,95.31475920679088,71.85891942788241,302.7495510330306,6,BRUTE_FORCE
1337,277603.31008335354,36.16471505669048,94.24641064794946,174.19493309240346,9,C2_BEACON
80,1321290.7745905905,901.3618527177762,2665.3407813450794,28.543944343710333,3,NORMAL
3389,12252.258232832026,85.70629775085479,21.270600988701457,726.7191332591399,10,BRUTE_FORCE
443,1370999.8438399395,3365.0164901928765,11553.550626057237,57.792595002804894,0,NORMAL
3389,140332.3735072582,166.28527592546172,69.75527736222075,353.998822546877,10,BRUTE_FORCE
8080,48843.11012631929,3.2946011883655757,1.9426377968102395,221.97134604827437,13,BRUTE_FORCE
8080,496097.8772313849,14.399198980450729,1.9702377615022817,1073.3089857370608,9,EXFILTRATION
80,5250431.527527485,557.7694101150132,22601.88216620978,47.00993291303694,1,NORMAL
53,629055.6238939529,466.92886022311916,6495.806288423277,45.45750003656007,0,NORMAL
80,6551283.351620554,381.268148485945,6174.319975899691,2.8157883012666143,3,NORMAL
8080,107933.91923802994,656.7051501759237,35.76619921597455,877.8419708844748,6,C2_BEACON
3389,25142.798243161502,108.31534099758305,2.1008642638629027,388.3589447147826,6,PORTSCAN
110,8802562.476594793,651.1533617204204,11870.57793488258,108.22500690977914,0,NORMAL
443,4779741.803817415,374.7679947352523,1305.4478593248264,22.392131121776412,1,NORMAL
4444,637839.5963388694,798.6570666819894,15.261007657320496,1142.7522750128444,12,C2_BEACON
110,853364.0827761579,3606.631970647252,1708.6498126161916,25.540830924451896,1,NORMAL
53,1782870.441360368,1396.9836706057517,6472.090306880486,19.564689948009605,0,NORMAL
3389,162081.94661902092,376.35317629132885,2.4808347289790698,127.68898496526762,13,BRUTE_FORCE
80,1539199.8328157275,1294.8376676086696,2184.7340814699073,11.197820046703194,1,NORMAL
1337,297105.77268194355,8.711616877384284,0.6667025450382179,356.1038192740261,7,PORTSCAN
3389,40774.07112779679,3068.195593733663,7.2590546666953095,748.032932550445,13,PORTSCAN
1337,344777.9150648355,13179.361212093969,2.937103663892793,211.95768306128232,6,PORTSCAN
4444,3331.5163944070337,92.98243689969627,78.30402363363065,567.0492085778743,9,BRUTE_FORCE
53,5655809.316028659,3295.7627006606413,4504.3556397303855,107.53774569941118,0,NORMAL
3389,319916.4400492113,6886.412158696538,106.19364838549747,258.35225826660684,5,PORTSCAN
80,4871577.848752243,1949.5555929246682,4584.744535682809,169.24109350053996,2,NORMAL
80,1307372.4992009117,1703.5924328202932,8235.624641885095,47.14576649221721,0,NORMAL
22,23383.467326057,13.675720201985143,27.635112648035488,143.5642112729398,3,PORTSCAN
25,2044032.4342331665,1391.1348840551368,4218.2075391829385,3.124102957364575,3,NORMAL
80,336047.9674470436,1059.3679911403074,302.27391220888234,24.38219673181601,1,NORMAL
1337,449852.28263864736,648.5372429426643,87.99228209855337,265.87846185615,8,EXFILTRATION
53,2121929.1848239605,1253.2549665365225,1336.0410951450858,18.94927534559087,0,NORMAL
22,496433.62449047406,552.605185251473,1.0764759321545352,418.4273965017853,12,C2_BEACON
80,277207.2348680789,1117.9935454232802,3866.6722528403416,21.507205999809713,2,NORMAL
53,498462.10487363493,1611.7167076282458,1265.5429333515199,33.85468791876944,0,NORMAL
25,761090.612731614,824.9926652972081,14576.142699930742,1.372858833875221,0,NORMAL
1337,388452.99373880826,29.540459839352966,70.59686390325413,1093.7026288960033,4,C2_BEACON
3389,76582.20457248075,2570.5100731038196,8.06016151457945,1499.2387659677984,5,BRUTE_FORCE
53,3688953.9585805996,1168.7643513597206,1596.7876700336958,2.5856056431136114,2,NORMAL
25,1237952.2907239858,1397.7272631928065,11053.103129564817,20.865250289418064,0,NORMAL
53,2655292.4991185595,1215.7035254975463,5089.072984791443,9.48127071388597,0,NORMAL
8080,41298.00421920667,23.25349488201095,34.834027166257854,133.64438014040323,6,C2_BEACON
443,15127.216990292189,720.6495832047411,15996.412769735365,13.6947192807574,1,NORMAL
80,1053202.3558962538,8323.32518842865,10430.947083735213,3.277581236222816,1,NORMAL
443,8355136.855348373,1398.9469823619581,5911.776397701998,20.25114205103411,1,NORMAL
80,10202062.908402603,374.95639002192263,2270.9830448135813,0.3555847857335864,0,NORMAL
4444,5829.566872792605,81.11865614115263,4.52296205798991,184.61194905141167,15,PORTSCAN
3389,3692.9647276619903,74.80637088968477,2.7115827585869274,43.16107299630441,8,BRUTE_FORCE
8080,8165.818403630749,237.94379377373426,25.589220454339074,695.4579299551231,12,BRUTE_FORCE
8080,55599.24504873487,4.722555743892356,1398.4226237565113,188.01501629076995,8,EXFILTRATION
53,11364902.787360888,268.02517088399577,2540.0311239625034,41.626392204952296,1,NORMAL
4444,268167.298101856,238.91571292533612,99.7546096837346,136.45661900429687,9,PORTSCAN
110,2201788.7633851245,173.8305407746736,982.8211670031725,26.721832736904926,0,NORMAL
110,4829899.848381275,1837.4684108891574,5018.479029568865,21.944078089465947,0,NORMAL
25,1211911.0440498688,1111.449707968264,15878.312075062022,38.35746184743651,2,NORMAL
3389,1102564.8552947042,178.4824778840276,11.439590530435625,850.0930076923336,11,BRUTE_FORCE
53,1851425.549203286,813.1624578750204,1576.131956325311,60.59209436955545,1,NORMAL
1337,74114.34877507684,468.6816974662806,200.84189559717578,1050.100273631069,8,C2_BEACON
8080,51804.922994432156,10.088212247594178,9.117829065372739,598.5778299529825,9,PORTSCAN
443,6491756.753103576,1645.5403453414822,2505.8344883088025,17.07554768035486,1,NORMAL
1337,64156.71126588044,24.954363494653922,748.7894251094937,648.004539410957,1,BRUTE_FORCE
1337,86354.36240067465,47.166521663819914,88.48496950505628,346.20863811044046,8,EXFILTRATION
110,1766619.0945233523,1763.857771151778,2281.759521353242,90.0725550510904,0,NORMAL
110,13243789.404820591,537.3711980333837,3217.1319606658562,53.52697784492373,0,NORMAL
22,70249.67143534067,37.52847891502285,2.900391332104845,31.436478471693437,12,C2_BEACON
4444,134232.268309593,12.275685021531785,77.2334346686539,987.2856814712716,5,C2_BEACON
443,18923389.86460617,590.8930165512129,6891.955640566491,3.9377056091932676,2,NORMAL
25,7871320.279851195,465.1066915185446,2440.095358234626,98.11521233521145,0,NORMAL
22,163602.86681806363,2046.6258491678082,109.4090901821351,201.74246743015337,7,BRUTE_FORCE
22,1002581.3935408335,26.692771549185473,11.337151985676304,712.8740380127355,7,PORTSCAN
53,695063.1687899745,1808.2464267052933,27411.73107777129,83.03336965791304,0,NORMAL
8080,39984.717123562914,27.979655882072553,66.32370498906798,9.35660659815586,4,BRUTE_FORCE
22,348934.04847438936,405.5368400901297,5.023159780036194,136.27054227913803,11,PORTSCAN
80,293587.68793481187,655.279127403116,2717.1367681353013,16.491987733973872,0,NORMAL
8080,152509.61816002833,84.24536244750828,11.084622020132425,658.7280795723253,7,EXFILTRATION
53,14060755.292789033,745.4419039015255,2275.820038403592,70.44145930586618,0,NORMAL
80,11046415.120229458,652.0790874072267,794.3296268540363,17.8637695964799,4,NORMAL
25,1453253.2665261277,1174.0408350303317,1399.9758072303762,166.52663365115436,0,NORMAL
53,13789108.9065929,857.4858364500782,1943.464798387933,55.49525717023518,3,NORMAL
25,4340224.200388668,2174.849735587363,2110.961949654824,28.98292932268521,0,NORMAL
443,24519091.152837705,158.5249912738851,1437.452924504387,10.889757373955515,1,NORMAL
4444,59331.6403624954,4.995565247634981,133.40048595009728,105.43671288035026,6,BRUTE_FORCE
22,287855.35949405073,0.8525028963763953,107.2148771098633,112.65940620739742,15,PORTSCAN
53,10568274.506449318,4532.660773928362,9404.013209043225,163.39713446809705,1,NORMAL
25,5450120.72200989,207.3929622002564,4736.178110834359,19.95745091293845,0,NORMAL
22,10587.34627469593,1103.0042214703076,129.23065378184674,378.70516377909,6,C2_BEACON
53,1605614.3051850947,1913.8548292855837,5570.122069384779,19.211650764927825,0,NORMAL
4444,10471.869854633798,219.25975943776717,308.1424715450345,375.9445914042026,7,BRUTE_FORCE
4444,76604.12587504588,51.1286190276815,62.406888229442075,105.61511091513418,5,C2_BEACON
25,5479844.9483484505,1268.533765112888,984.25494420576,1.883138580203979,2,NORMAL
443,2221621.0155004067,2483.6067733021177,4079.8778004150104,16.160890306652927,2,NORMAL
3389,220309.01093919232,196.44613880695204,37.84570234259562,973.0315184898075,7,PORTSCAN
1337,49837.36564637071,15.902450902421844,315.9792791129611,1025.0998718057026,10,BRUTE_FORCE
25,2089488.2673058452,4217.2614226419455,1881.5033250985712,97.08537686169974,0,NORMAL
22,283739.09774169215,60.13021820598225,1.3482244617657315,698.8325116418698,6,EXFILTRATION
80,5802179.266852033,787.4191439833827,8943.083775943747,6.544032829581702,2,NORMAL
3389,422313.82692751265,16.30079219416971,10.587183401833634,385.8310308036542,10,BRUTE_FORCE
25,2030651.1242698643,128.8397159361097,4980.134238671423,23.420660681233045,0,NORMAL
53,3578126.0303149065,2465.1975826705075,722.0685688408583,30.63081689776469,1,NORMAL
22,212128.88729541842,188.351942029657,247.34421731883702,554.0783737041994,9,PORTSCAN
1337,35221.098885126456,15.929584380824474,11.403763712581037,266.5819067897079,10,PORTSCAN
80,5758010.763540458,197.21444329782705,1038.7791941330238,325.9586947619101,1,NORMAL
8080,193088.81077467118,125.29068593097632,20.813867138637036,98.32158951826788,11,PORTSCAN
110,1446363.3813210225,554.4214856896567,3406.041418380652,43.19051722459871,3,NORMAL
443,7375077.418978074,1940.96585961101,87.93156728491323,6.814790150223447,0,NORMAL
110,7288595.095576513,2553.635469205406,14083.892619416887,42.187975168525355,4,NORMAL
22,375328.47975997673,4.407972172829771,56.062106547329485,239.23063868810038,8,BRUTE_FORCE
443,7221642.9193953965,1103.8381996458688,7446.876100422262,10.899916034722196,0,NORMAL
3389,242800.03833979723,90.27346575688411,18.14989550906775,987.8268013373477,12,PORTSCAN
22,192717.5068176565,150.84293002666698,251.6705572531791,116.81725547185664,6,BRUTE_FORCE
53,6981083.881060721,805.1591706608775,1134.8977338679229,93.4510032248297,1,NORMAL
110,335505.1653813988,586.5318408787416,2663.4705263379396,93.74576821246865,3,NORMAL
22,211223.66207779062,39.34429256328073,0.5650510970684115,109.2232142772369,10,BRUTE_FORCE
25,1858006.7317664358,515.7911148776752,2330.0592467957104,76.87756643821251,3,NORMAL
1337,69362.53846569272,2.431751885136231,2.219914321502513,762.2546922375911,4,BRUTE_FORCE
8080,115585.16711004822,4.104301996153587,116.50779448384371,348.0380635755903,9,BRUTE_FORCE
443,4303299.643822845,741.318251758115,19314.74279837712,16.187215935011864,2,NORMAL
4444,164653.38441365364,1398.1497247445502,210.8632457447569,245.45165573285158,6,BRUTE_FORCE
22,179792.9534397359,2.485609421587316,0.15428584898722672,736.8120441394055,8,C2_BEACON
22,73720.35512807668,72.05621961523624,26.368304375062095,1018.8889935037294,6,PORTSCAN
1337,181425.68391166176,8.049624710485253,52.64441060591108,27.38307911922496,7,EXFILTRATION
80,6370784.946546824,1788.4964193375447,633.8416137594965,1.2268079424086828,2,NORMAL
3389,350046.469129745,72.12121011045383,13.377152971621879,284.55480909705244,11,BRUTE_FORCE
110,281437.7083401599,736.3584071660096,7131.270073666483,30.176788296142053,0,NORMAL
25,886660.6165694457,409.2257527873111,4102.752784476973,0.22447699193825668,0,NORMAL
25,270748.90317307063,1451.3304203304529,1009.6047097498877,15.790039288488119,0,NORMAL
3389,1002712.6217276672,33.61330136545728,11.212996862924696,1764.8930683554336,4,C2_BEACON
3389,159145.4107171099,158.80607580223182,3.5030818351161663,1524.898406971393,9,BRUTE_FORCE
53,6241614.309450587,1065.4828955301575,986.2783295126378,69.29820519738364,2,NORMAL
3389,34974.08454155043,220.59590350436065,29.304043449307606,594.1803796453787,12,PORTSCAN
8080,107994.31247680019,1.376085422388384,97.21256863129302,582.0643360978677,6,PORTSCAN
22,168641.57611069886,6.743497487953916,11.161762006855183,1728.3262203297213,2,C2_BEACON
22,876590.0623247834,895.6544231234296,4.414126377877281,260.76892043819475,6,C2_BEACON
8080,220428.5292988044,33.18043890502155,6.178720163020682,644.5144369535338,10,BRUTE_FORCE
22,41521.540431567504,406.72188415577745,219.48443696460922,2042.6614449998776,6,BRUTE_FORCE
1337,218881.86837261627,1.2079445844535828,4.734730405882383,704.4274445989369,5,C2_BEACON
110,4362208.191713995,283.47788442327465,1450.6324757695704,5.632500624943895,1,NORMAL
443,1146935.2121871298,198.49692340686926,5061.8524220685285,10.484958149290392,1,NORMAL
1337,1126.6170139743956,806.0669694365101,37.08977214805384,113.30858791932994,6,C2_BEACON
1337,20373.58169081328,50.88474579045426,21.116698914326143,316.182771197569,13,PORTSCAN
8080,583945.6468550944,68.40729714322116,14.220395519277782,156.7136965428394,9,EXFILTRATION
8080,380176.4728414377,92.76487797722962,21.833174492091764,966.144091063604,3,BRUTE_FORCE
443,57275.135552167,1084.7024058604807,7178.298782379141,0.9565495672907001,1,NORMAL
1337,178738.8953698674,68.71794685625767,15.07987543724467,677.9701746298351,6,EXFILTRATION
4444,27851.651543600998,3.420663741459656,17.510785775245992,757.6377262249774,12,PORTSCAN
3389,1128726.5250177886,39.72893333337658,68.99658383535011,347.1168901767516,7,PORTSCAN
1337,430965.0111291483,5.54276665058955,303.02643770224,3757.435413975549,5,PORTSCAN
443,698268.9016465818,804.447011102857,2301.756809587458,16.51804927715658,1,NORMAL
25,2539567.963098382,3980.3770717537377,1076.1787823302016,56.45650789809961,1,NORMAL
3389,367034.5278453553,35.587330101141404,63.18431577489599,10.120943095416518,6,C2_BEACON
4444,118084.81264923658,7.048806274052111,63.48995168347568,520.5888264146761,10,BRUTE_FORCE
80,6355194.232242425,557.2359858645866,1104.3673305970856,12.328669999683482,0,NORMAL
8080,214890.10117885706,119.10934207342498,143.9949345430638,240.01676421284554,11,C2_BEACON
3389,81146.58220235506,99.50032505462188,22.93101196546575,190.42856355784969,6,C2_BEACON
22,17839.0390041667,28.476568584629984,2.5639560010840245,1166.498967248376,5,EXFILTRATION
22,225985.38013826753,17.920891961774945,28.75350493925887,281.84523911934286,4,C2_BEACON
80,5554917.8738118345,2075.9766546036262,1210.6583249598698,58.601523346090275,0,NORMAL
1337,120780.66121459402,4.093429878472583,8.218827697507656,503.8714066454988,5,EXFILTRATION
22,8460.564557898675,97.14208986413202,31.843047549494756,46.98295384478007,6,BRUTE_FORCE
22,33096.25866406784,44.47826418810144,348.51144850389124,3.558701566809336,6,EXFILTRATION
8080,121649.9969501895,2565.626715070165,19.117908270203895,414.4511078008815,5,PORTSCAN
25,7321217.4887384,2337.955398450783,1469.674346882493,34.977790861614224,1,NORMAL
22,37016.799686190636,35.08372457531183,3.3810010046925565,98.40765468893557,9,PORTSCAN
3389,31876.658632798364,134.35351120993602,587.5016056328186,278.3656794391583,6,BRUTE_FORCE
25,1930509.5227277267,967.0533866918998,467.15173026176336,31.62048752395513,0,NORMAL
3389,364485.92359736655,13.793468211566324,77.76367761970793,53.21874978859478,12,PORTSCAN
110,8658128.706138361,3158.841779245389,979.2067932242453,84.8863037588163,1,NORMAL
80,5629859.393851313,11722.757309914256,5473.448287354449,3.9087027543256943,0,NORMAL
3389,341176.52472130884,1384.1974627457664,15.83700055765748,288.5667582135507,6,PORTSCAN
22,58150.71181847775,205.90644622223576,41.45811878530191,116.18349964010086,6,BRUTE_FORCE
22,293751.3646923754,28.43984176332265,4.542344660522006,943.7435296840994,7,EXFILTRATION
25,5731534.37178218,4612.058287607984,3761.444945284268,98.37913866812892,1,NORMAL
80,924484.3851385582,1617.7942239463898,17609.955812479668,9.811001697466967,1,NORMAL
1337,170083.80050453517,1.0860748146148296,21.75476083187594,219.80671395460448,9,BRUTE_FORCE
1337,53637.997359862835,2.565419952261161,0.13222142659566244,334.3693487841682,9,PORTSCAN
1337,23872.202079369334,18.49526770265886,27.79322034602056,330.6369519850286,5,C2_BEACON
1337,228382.67509470915,6.532215128256784,15.62783581415492,87.84585297517043,10,BRUTE_FORCE
53,4657212.238840786,753.9885488371125,3554.9524500917464,87.61087298632752,2,NORMAL
8080,15312.421598372013,84.82504070533949,184.78890393619088,920.383123822918,8,EXFILTRATION
8080,152153.9238546743,31.316723624796836,8.196443671013618,1413.747625305514,9,BRUTE_FORCE
110,6224112.211387216,3779.58613136957,5191.109839215173,73.35470462695231,1,NORMAL
53,2472023.1609222256,1013.58326027924,434.8733264143993,8.32595908223747,0,NORMAL
80,1459797.1256119665,186.08896536933742,1120.6079866825926,28.92217536778786,0,NORMAL
25,3617284.6647348395,342.8488092640862,6312.4185153931,19.773302804346553,0,NORMAL
8080,33972.42634695393,60.138695823012135,77.18268829806307,977.6167815867676,5,EXFILTRATION
1337,25030.786948653535,997.8193695067262,0.8033951079521983,248.78816896472955,10,PORTSCAN
53,8835776.64275363,729.5374151013133,10210.960190382671,0.2845638746050099,1,NORMAL
3389,16502.153480676323,62.48620290670056,72.25064803460286,1041.5468513498015,7,EXFILTRATION
53,1451749.6176464923,1470.3921736748307,1541.5361912104331,6.1659578462381806,1,NORMAL
3389,42912.03915383012,344.7286494551755,13.206144937076038,542.0880153196072,6,PORTSCAN
110,3138497.780730898,2070.0523902035266,6293.816675120868,48.4238085818324,0,NORMAL
443,2260626.1910020947,1320.899776821718,58239.259051993235,7.480615115352113,0,NORMAL
3389,289915.0634481733,149.1289975591141,727.8332484066499,138.87740614651534,8,C2_BEACON
110,2248508.4001704273,259.9246728422616,967.8754908768401,95.12317122312686,3,NORMAL
8080,101868.87806340792,22.892691344286398,5.239614280594723,755.8930465750512,10,C2_BEACON
1337,150123.45857283252,13.666191668201872,6.552405430685637,66.00351047482114,3,EXFILTRATION
4444,35550.328417050056,5.130475424319479,1.4959240301978365,1213.8587716423078,10,BRUTE_FORCE
53,2166622.0404518964,1164.3348477334519,2853.3905010747185,4.13118582980689,1,NORMAL
4444,102877.87780569994,141.88988261921378,77.89375168206368,365.0418546209508,10,PORTSCAN
4444,28471.967140973393,82.62035388998066,25.140906879456665,310.16038649169917,6,BRUTE_FORCE
22,140919.56590405814,428.60782711970415,0.3796662063395365,721.613325763314,7,BRUTE_FORCE
3389,74798.08566569259,19.840351460773768,7.080604628205433,989.8422005185193,5,C2_BEACON
4444,598758.4950800844,858.6606354148618,1.6148521632632336,686.6556511537772,6,BRUTE_FORCE
110,4469174.959842306,1495.9842612349435,3043.0653356327043,15.219712987937605,1,NORMAL
22,298141.0526103963,296.6158982963647,123.32452603537733,342.2942661299651,7,C2_BEACON
110,1997325.303357313,1005.2431953897583,18905.87174469285,13.597367581685848,3,NORMAL
22,386193.6537951508,357.8277734107243,1.2286211619166596,1092.627317805541,10,BRUTE_FORCE
80,5763374.573562422,711.4751470798661,1271.52201107578,18.07167814264517,0,NORMAL
110,4055344.119286653,416.65046649188594,26339.182703528564,20.474120566204938,2,NORMAL
1337,580765.7732350057,49.47764544109333,6.500559286524169,28.36291097729678,4,PORTSCAN
53,881524.6280784558,3908.973550381151,11039.483022138314,167.31239375579412,2,NORMAL
25,6524089.030112637,1287.7476201209818,9511.918605402758,7.505760134064976,1,NORMAL
1337,457639.21806504653,24.96754476129668,37.73388751530413,40.137883747003336,8,BRUTE_FORCE
53,1162886.39276708,139.09188005013618,1485.5999800011896,196.43082819965684,0,NORMAL
80,6745176.33839335,909.295105657576,10968.757583490225,11.798853390086261,0,NORMAL
110,972065.71640629,1003.6804098857095,5808.224162205405,12.641790834035119,1,NORMAL
1337,95407.25677853881,3.0135217011744695,224.8280774376101,830.5793234784153,9,BRUTE_FORCE
25,1098142.3196946427,1780.396513441777,5065.9183166539815,36.51673848254134,0,NORMAL
8080,6565.804037110087,1130.5532005604439,21.403653680405803,89.79777852189429,7,C2_BEACON
3389,7220.694620648568,80.66650280934151,144.98226934746447,1500.7086911060737,9,C2_BEACON
80,1754401.8919447144,1720.13083529521,1352.6645754034707,17.54765394776242,1,NORMAL
4444,149500.02643438286,32.122504331286805,42.24347458044503,49.91787871043638,13,BRUTE_FORCE
8080,301525.9827061386,3.5383848681147727,290.75104941163426,471.9385801034372,6,C2_BEACON
22,10506.804135353434,3.4853450350264263,21.477089756833543,163.6717017222739,5,EXFILTRATION
80,7575473.921632272,3601.9349323303304,4526.545524277439,43.142251035843145,0,NORMAL
3389,48569.58491535468,0.49398449935588473,41.46697045418614,638.1533175029664,7,C2_BEACON
53,2714762.495037951,494.73864149504897,2267.7396238126494,37.936870766618505,1,NORMAL
8080,14715.56888031127,59.96685982344024,88.76144008745457,1161.4830711812588,11,BRUTE_FORCE
1337,26503.302128553798,343.71427490850726,407.6985372841095,1008.6048551329893,9,PORTSCAN
4444,23131.803483402662,9.555178596562433,69.09244089374229,580.8442663697139,10,BRUTE_FORCE
80,6702696.571854116,2724.2884149297997,24953.521835640073,99.68615432762569,1,NORMAL
4444,148213.5761762373,2.773966694591618,22.062406627640243,103.77108650448284,3,EXFILTRATION
22,6077.2987401633845,267.11724730312295,65.25086588759193,1183.071851881398,13,C2_BEACON
8080,991910.9483483279,276.17761127120633,222.28712128470997,1087.9219741018444,10,PORTSCAN
110,2500708.965940357,543.8700987117414,10367.927971043631,92.0557633390843,0,NORMAL
8080,205844.49786584714,2087.9827011900034,838.990386792514,3278.6463256017378,2,PORTSCAN
22,160234.35729838393,10.059135061697784,46.85668396871046,305.72350962002463,13,EXFILTRATION
8080,36433.72940101014,1.0697787059247974,158.05214774693457,222.24195223116257,8,BRUTE_FORCE
8080,506777.1870136737,5.74791121323462,7.261664455516439,183.14045976843744,2,EXFILTRATION
25,9173799.72422134,868.5207713920444,4682.869182613212,0.08269275032633502,3,NORMAL
22,14190.185349773115,19.094965755355336,1.787262425574107,51.12502472154167,5,PORTSCAN
1337,69331.60117624204,651.8658542245141,203.75206493916707,280.03103882353645,12,PORTSCAN
80,7806367.665995838,361.495600757184,2832.915763004166,71.02569963654966,1,NORMAL
4444,289.10203238369394,12.179516911919421,14.024884814432914,201.9585994857637,8,C2_BEACON
25,1325554.6154023113,3581.543395604706,2034.9547073657634,7.946152236857131,1,NORMAL
4444,331767.8798236952,31.042919625669736,20.05346147768326,56.76225977292042,10,EXFILTRATION
22,178250.5231822508,326.81364735799525,40.713809832930714,79.85344535386638,16,EXFILTRATION
1337,65909.3670181005,80.17780534363229,39.438007090404994,309.51925822442706,4,PORTSCAN
22,332214.54746592377,4.3728251078267775,913.6501214250087,324.63975542887334,10,BRUTE_FORCE
25,2785329.1154740616,2357.6897389223827,5433.213381387996,9.50127475542391,1,NORMAL
22,125923.0008194131,242.0211199344338,244.52239206683916,297.75076966535704,13,BRUTE_FORCE
80,2802376.5174638857,3246.1412546690767,2721.453680546239,1.6073417018977971,1,NORMAL
25,6446889.34533649,972.9581768255262,789.22094209312,14.724354112902772,0,NORMAL
110,6821532.729895245,631.9964392035399,3898.391633285471,139.3805012919777,0,NORMAL
1337,295387.77350857697,473.3443522028232,95.44439850278215,893.415702255868,8,BRUTE_FORCE
1337,105761.14102789511,35.60225111424301,23.174954064204083,416.7067029675078,8,PORTSCAN
110,5530513.693904129,392.93585417169186,1832.2411559280044,37.77620919714942,0,NORMAL
4444,16373.849279003485,138.95063263429563,377.43171581467215,1152.4003337780637,11,EXFILTRATION
80,9757349.8713032,158.84594632116688,4416.714888307864,101.70432566188035,0,NORMAL
25,5691443.173395632,359.77098814821,3172.974581022231,27.273351430902554,2,NORMAL
3389,234830.49405401063,15.063919656337294,13.437851975505124,12.123633375734624,2,BRUTE_FORCE
3389,64359.39398020308,80.54207165799667,183.50087160448248,373.1664312282357,11,PORTSCAN
110,12008915.62557118,1498.2636227329167,3817.543590198297,98.90466635152686,0,NORMAL
443,15713703.811646989,1313.5230294107048,8368.435704931951,16.908429666698417,0,NORMAL
443,2018627.026807612,2456.950933323243,3448.8758342545098,26.13959625080271,0,NORMAL
25,3498032.054558541,246.8843667961844,731.246602517838,181.68085532560602,1,NORMAL
3389,237606.60179405683,385.30632654443934,0.36927459586920375,367.84235116572506,4,EXFILTRATION
1337,148380.55782856853,5.30077029304299,3.6140287080176905,57.25056916439833,7,EXFILTRATION
53,5438765.375510782,404.54853322870747,345.79460238317586,17.663425102875017,0,NORMAL
22,30850.19268677503,53.83569988708632,7.2300163199452845,484.0039690418614,10,BRUTE_FORCE
22,2711.174662013888,151.4197169377404,1.5280474593006719,547.7262473673524,10,EXFILTRATION
80,646358.9217349438,1013.7475655852527,3403.509918410276,117.02080306231784,2,NORMAL
1337,261769.78086918333,1631.6427566766986,0.1642349616072452,182.06326937991975,12,PORTSCAN
8080,284301.0938570721,4.400161125107339,20.971470489973118,282.8087972804525,11,PORTSCAN
1337,439663.96943248645,126.36298459060754,1.520590688687261,2.604015522730023,6,PORTSCAN
8080,106226.38894385645,10.690767827024553,255.46484755546305,16.937885079537885,11,BRUTE_FORCE
8080,497483.99530332594,2.1402246758731467,2.8290748753735095,14.893158387990843,7,PORTSCAN
22,184696.29227477856,93.59661512346906,67.5844577783041,383.0591985811652,11,BRUTE_FORCE
8080,202196.14369515103,395.5777401432153,88.70284014422901,1430.722019596158,5,C2_BEACON
80,4813021.250320642,1917.342291498059,1064.040710154273,27.825674657125305,0,NORMAL
25,14629040.159748973,2655.6439254126235,164.8340183988323,185.42247185846952,2,NORMAL
25,936552.1405558402,710.5288399557204,1092.8841201378023,53.49347823017894,1,NORMAL
53,5003748.524175631,1025.3298993403043,4112.557348031001,52.90324197930325,3,NORMAL
8080,82013.03411598208,8.217248012061653,30.125035781018873,833.298843696692,10,EXFILTRATION
3389,230574.1540043394,64.41077262863101,896.3021528109643,850.4608783212988,9,PORTSCAN
22,301415.17952199146,10.09530454026482,304.6591470448081,374.79334173274174,8,BRUTE_FORCE
25,310584.31806089415,1263.4429667856011,3507.369493170694,203.44914387461307,1,NORMAL
1337,142268.0516856152,199.1064986585464,6.440346310099581,980.7718530525129,7,EXFILTRATION
1337,51791.53907244129,250.74384672022708,86.25973486087625,199.19710100133503,9,C2_BEACON
25,9379565.637224464,2118.8567488349,2397.0806674608725,30.42820487138609,1,NORMAL
22,7114.86179580694,318.7842441914238,69.76820999832972,401.56744197793387,9,BRUTE_FORCE
22,221070.5904083596,605.5402403833409,0.5362451747539948,63.51952719808359,11,C2_BEACON
110,738441.5541095352,303.20249600695,7924.201732770773,67.27873832395493,2,NORMAL
3389,84973.29867143377,30.39929866361528,26.6855284261561,213.90517944927842,7,BRUTE_FORCE
8080,9159.59697169185,16.894038610384207,8.519302716657796,190.15709901785542,9,C2_BEACON
3389,158235.42819245814,54.73801062725386,2.9290839843532086,9.174803558001637,8,PORTSCAN
25,2095755.0967752123,492.4582363129447,476.7073927982971,13.276783986906821,0,NORMAL
443,4149642.8636456807,2473.2303423439857,619.1339401369502,19.413482815976014,2,NORMAL
443,4602580.840100964,6513.842367215513,1658.1208830247901,45.00379804107717,3,NORMAL
22,117653.99724280676,137.77145519878988,61.06811794434871,478.72247236680073,9,C2_BEACON
25,702144.881204135,366.081552723617,1978.660742180547,15.64702795844386,1,NORMAL
8080,69325.25613208253,21.602932140819846,1.49816624921434,158.4807280097951,6,PORTSCAN
443,3316570.6205806592,1196.7411404777577,430.2557604905913,94.06816717582677,1,NORMAL
80,7725817.788744434,1435.1902431290443,1931.9380796333287,17.742058967419272,0,NORMAL
22,37785.72897125027,520.2815725442529,14.239071454311281,78.58384960057148,7,C2_BEACON
443,1536683.9142320284,3237.436230538733,54792.17860828973,5.033319743241805,2,NORMAL
4444,353225.4295797285,368.5068781340981,6.8559196952395975,428.397755618101,8,EXFILTRATION
53,7855684.13893404,607.0464245904228,1910.41406214147,74.55170207604662,2,NORMAL
22,86031.4726853738,5.016907906815081,6.070987436556004,238.29242419543863,4,BRUTE_FORCE
3389,915786.5302419731,5.920504309524773,6.008953576504997,1191.9507055549254,9,EXFILTRATION
22,646505.1115159396,115.36230752785494,11.889551224488663,38.96009868316434,10,C2_BEACON
4444,48195.492095227884,126.86528875153795,14.260001859783689,1796.885734488769,6,PORTSCAN
443,2917574.9257179284,1594.0960075679077,3905.750052260146,10.536625324090176,0,NORMAL
110,8665751.567050783,1494.768731390129,1952.5437400217454,61.50904714914021,1,NORMAL
110,2988672.9778947714,494.8946275018341,13732.111313681738,106.3932699436553,1,NORMAL
1337,76817.75947441501,223.0617002972908,3.341861220411025,369.9447844208355,13,EXFILTRATION
25,2601976.538894778,140.68360760736434,1668.7319571834912,97.28608815113233,2,NORMAL
110,5970511.162215987,2237.8396797300024,15277.143415688319,0.5483456334191522,2,NORMAL
3389,286628.07412814593,1529.8501171960818,1275.2220799579554,233.78679684587337,10,EXFILTRATION
110,349992.32823866623,1456.577183295568,6442.899224965589,27.232516173862447,2,NORMAL
4444,37893.43367143455,27.87274388376548,1.3762349523944415,1233.424519839876,12,PORTSCAN
4444,350301.22907859914,21.525871726536014,6.743943702417105,300.46357768055634,5,PORTSCAN
53,4621893.4527791,1177.6630180942586,1743.9845772896535,110.08637661232228,1,NORMAL
110,377579.1477930543,3028.8467744481886,824.326072393235,297.27666281211106,0,NORMAL
22,344149.25945329794,984.9190100460783,1.58630302505003,168.58187881245237,8,C2_BEACON
110,889074.561804636,698.7267307742278,11890.808817232119,23.59005666320971,0,NORMAL
53,4383646.865803299,2016.2294687376798,2957.3843970247867,10.355613044592156,1,NORMAL
80,2746850.1986632408,3136.2223785139154,4039.274739198411,28.78545806293961,1,NORMAL
4444,293765.9758352624,1.9556000620246239,0.3907264549550474,316.78153860153,12,EXFILTRATION
443,3181008.9422309273,1456.6740364206146,12146.721129308451,4.946421027056338,2,NORMAL
53,546145.8554704887,3596.489048066525,130.75271835066377,37.44933858880522,0,NORMAL
80,192584.23892073118,3619.9463454605443,2069.977098893108,21.085627099553953,2,NORMAL
80,12537082.354262397,651.3890586916125,2119.7056938494416,17.334796481383894,2,NORMAL
53,4808100.336441001,287.28710352166513,3050.6536888104497,8.146546360166424,0,NORMAL
8080,104787.84929859177,384.86060746825217,21.747275783867607,1076.416510261429,3,BRUTE_FORCE
3389,3299.0075412221327,299.0680399788502,668.3282733715988,1805.1589355067308,8,C2_BEACON
22,3131.3993107787137,9.214672201307934,136.01819417018464,56.75040724192855,11,BRUTE_FORCE
8080,40857.64489035596,611.8672051111874,22.15391560987877,563.0804555513416,6,PORTSCAN
443,4285316.942396236,1129.8002940081888,4107.4741468300645,17.185113699266427,0,NORMAL
80,4223187.962065902,270.6351870630172,784.7588227926886,90.34660717553005,0,NORMAL
110,1577385.7161300108,820.2084522298874,6915.404699999525,8.234502212266145,0,NORMAL
53,290877.7236351807,1898.2742755486527,6670.910252860958,46.55332381495813,2,NORMAL
110,3510495.0612572897,2964.167569732557,1020.1478415042662,6.547647210306567,1,NORMAL
443,3914707.8908727057,178.8784505510319,551.6801152604003,71.20384473745057,0,NORMAL
53,10187648.60296911,3475.5320346687436,19342.515238672157,61.28633320575286,0,NORMAL
4444,124839.56161213006,51.11419066722944,12.26805530535343,205.2526638019587,4,BRUTE_FORCE
25,228063.57491442282,5129.722144177979,1626.753265578195,16.4992267931312,0,NORMAL
3389,38625.40921803748,6.715874816718504,8.96833633876867,1411.2392710306979,7,BRUTE_FORCE
25,6766964.373321207,605.1656835058295,1375.0278663447011,41.387584284383856,1,NORMAL
53,3888654.9003869416,748.7228621657072,3633.4876476984423,9.64089066581822,0,NORMAL
1337,63553.953770698834,111.1341145248794,127.08124948341062,695.2113298505174,10,PORTSCAN
443,8375032.643041394,178.97963616484031,3585.399110202289,24.120516568860012,0,NORMAL
22,475713.4378464392,18.79830462563848,346.15268150137894,809.5158942929153,7,EXFILTRATION
3389,126973.70343398368,347.0873294981092,289.36181158643456,458.9731468417037,7,C2_BEACON
53,26931933.34248525,295.4355954824354,4480.251870332553,24.813556286331746,2,NORMAL
8080,133023.69925419788,5.649900759990037,6.351485249705313,190.18688899498596,11,PORTSCAN
443,8250188.4110795455,89.21443211456744,1723.3846520332993,30.6489608731883,1,NORMAL
25,15955315.20471371,1052.66725474691,5173.838097812246,42.69710803397833,1,NORMAL
1337,162235.98445839935,41.997324784354596,685.8619898618258,271.29579630905397,1,BRUTE_FORCE
22,167261.3087708444,158.10575952164038,545.4114481811235,424.52250372855804,12,EXFILTRATION
53,5242771.8815407045,3451.2341087168707,2893.7759778965537,5.908901034207823,1,NORMAL
1337,119544.29352364018,175.88152408124628,80.12135885166538,244.8571665213592,7,PORTSCAN
4444,75856.16934800052,274.488905731343,26.449792741100225,5.1693308465959635,11,PORTSCAN
80,839258.7362282147,658.4812519293952,4427.366600161173,35.89953718254485,1,NORMAL
443,3501564.711110506,1876.5303919775522,1943.312141306049,18.569558340101764,0,NORMAL
25,197861.03919171967,93.86246471005124,12442.079828016622,31.729181852624816,0,NORMAL
1337,115930.65106093856,74.28073453227029,4.245197637969061,311.2888541803108,5,PORTSCAN
8080,443347.66863480856,527.2058294170873,130.36694048474223,340.26331328756135,5,EXFILTRATION
80,12615695.735973556,617.3976430896704,635.2243839045268,48.4061601507342,1,NORMAL
4444,13871.87103289246,11.269204497720175,3.393298421150817,86.40700835985282,8,PORTSCAN
3389,266340.9339642663,194.48092265210929,9.812281250563649,1006.4656707644522,6,C2_BEACON
25,921036.1424301902,151.55995761775057,1193.806576505918,39.13777098191841,0,NORMAL
1337,245205.2619844824,1.5898290238632176,40.57166954366819,832.2949001615773,8,PORTSCAN
4444,137128.6796654168,107.56872685136928,9.974062154847898,469.29881118041124,9,EXFILTRATION
53,2809114.6125685023,1512.598845812261,10182.672741321088,10.386470461221997,2,NORMAL
1337,135417.9076932467,1.3271554681231543,201.5125997036674,1038.0261169184957,8,PORTSCAN
1337,33870.49440612556,107.38305263768235,8.849549990958453,255.41687391848728,10,BRUTE_FORCE
22,141416.75285906706,0.46787390957519975,86.03371260779333,589.0372833337152,7,EXFILTRATION
1337,203315.55046906852,1.000136198719283,52.7073987068509,546.2447082593001,13,PORTSCAN
3389,545997.5378348844,6.076079588677417,6.758125886283265,943.1150095527569,16,C2_BEACON
80,2098308.9700116715,1401.242026890914,1061.4289639088638,52.719140643813724,0,NORMAL
80,3149804.1357706,953.1043695026764,2490.0061282367114,33.48571532630801,2,NORMAL
22,121912.74911881024,93.54097666661659,15.10957008148559,692.192828995039,6,BRUTE_FORCE
110,1951492.6511490266,1440.3386151254206,1735.5134900696323,19.736075911489003,2,NORMAL
443,895224.9786579028,853.3470545173716,724.7856416762247,9.823559737740649,1,NORMAL
8080,577189.0154950185,39.22618707322282,128.2410152260688,32.50363490121266,4,PORTSCAN
443,450366.32557337516,1185.1034975812959,12353.474993237987,12.080953497285785,1,NORMAL
53,1487756.1195714273,899.0430017316387,5619.083923684059,9.18545159199757,3,NORMAL
22,25819.456411979983,8.469626716064836,1.305830219577119,297.03411253986326,10,BRUTE_FORCE
8080,29254.999272060406,52.408382514326505,54.70855038117211,241.84518294309012,6,BRUTE_FORCE
110,1110451.141250543,971.6337849289044,3664.5862174412646,6.070542611408837,0,NORMAL
22,169885.17615796175,66.3472403873496,3.287928220869333,630.0947321532273,13,BRUTE_FORCE
25,8923793.769473854,90.70480643788137,1245.187191879078,16.63493448633725,2,NORMAL
53,575273.0898596464,1462.6839782752331,4771.67848026913,28.774014262125508,0,NORMAL
22,89826.02160197379,50.899029600928905,0.13321392272025678,1649.080470701644,5,BRUTE_FORCE
3389,64942.42045771796,2.9657795709825225,44.07722575156762,519.1459642522697,4,C2_BEACON
8080,23213.96633319081,26.02228756115964,432.829111268839,594.7316604770264,7,BRUTE_FORCE
8080,93646.94665564231,7.712892808075863,16.647035243500348,327.17276968959055,6,C2_BEACON
1337,522792.6021032668,82.86277514954503,6.396767221568147,27.068535781293708,8,BRUTE_FORCE
443,1671102.9120832344,266.54337507934684,940.5814191457615,145.97898933125094,0,NORMAL
3389,71548.545367895,371.36532465896244,42.34319908046415,53.369435236465776,8,PORTSCAN
80,5934279.520660001,1320.9322560402122,708.6771681483618,10.505318748974792,0,NORMAL
3389,52594.88337030911,35.82443357020612,219.47616489042463,177.56228621107186,9,PORTSCAN
110,3810595.4169723275,2133.10626025475,6914.372124079204,34.60360135452293,0,NORMAL
25,12163937.978716059,1255.6753505056706,18953.589911305764,51.326500514261,2,NORMAL
8080,125547.82165704668,130.0059628425507,5.979407172694563,664.3137576061094,9,EXFILTRATION
443,675492.482006706,118.5833265846706,1980.560321204219,57.88030121065015,1,NORMAL
4444,337025.15570993867,12.922777901308661,1605.4193336726357,2046.6950941475118,10,PORTSCAN
25,4966987.454132283,975.9668820842691,2804.187921879204,19.759709532728248,1,NORMAL
22,85282.30006418099,1071.2295512828582,4.708637560809646,71.47482187021464,11,C2_BEACON
443,896739.6962391008,1356.5854473954794,3585.0101900899203,86.95083031211898,2,NORMAL
25,4126277.4311690433,1330.0737113835273,3840.468841285262,78.97630698269784,1,NORMAL
8080,222965.03950331852,16.408109689991896,1.2311052820455906,406.69076195648256,8,EXFILTRATION
443,2461052.721305894,2098.2982245099165,12229.57976882085,28.666206820223778,1,NORMAL
4444,374976.62381724647,246.70998706353166,481.3072406481629,439.45488259393676,9,C2_BEACON
110,1493558.8039591536,751.7988875699541,1050.8999954399312,45.16504423157931,0,NORMAL
8080,199410.9000399207,82.7413438341595,137.19728222228875,1195.656792509543,8,BRUTE_FORCE
80,743924.6391498682,1655.8727080504125,6576.6590210964605,31.98770842048706,0,NORMAL
80,2607177.137396339,1805.6752709520194,43586.943422755365,38.73856789983226,1,NORMAL
110,4509989.653028421,521.9718345203067,19341.724879288082,15.441561141350721,2,NORMAL
80,405272.24443641235,287.1127811778333,666.2093032316908,53.87390904055652,2,NORMAL
4444,18979.479843205638,9.42863036338513,15.317570226524518,176.25198655327017,9,EXFILTRATION
3389,174722.3136687454,5.905811006346325,24.49850049749216,163.8612191864703,12,EXFILTRATION
443,18550991.271361556,305.2906107771864,11381.185753739039,0.2686858608001556,1,NORMAL
8080,69501.38480236377,27.64650280343041,8.819665221094906,26.079236420037414,13,C2_BEACON
3389,297596.4549554709,88.27154038312779,106.00912717497629,381.6216192851964,10,C2_BEACON
25,3244849.52548964,2354.8050067451686,393.76239080362654,21.388522400674088,1,NORMAL
443,3461921.4781409595,564.1381085567141,1136.5616033732224,31.858984518231416,1,NORMAL
1337,926481.4929455932,11.541192920443784,3.25761585811682,85.86970471518715,5,PORTSCAN
80,1567814.3550541636,603.657154381871,3481.8046369032713,11.463566184274772,2,NORMAL
53,268835.328883591,541.6842548626056,14395.192739912041,2.9310012055766297,0,NORMAL
53,8462896.376585955,8481.601335373849,5893.429984235999,4.847247356969683,1,NORMAL
443,8756868.60262072,2369.569555986352,9193.806046394126,85.7799563037703,1,NORMAL
22,30928.576697193694,745.8882904409243,815.836556443422,1174.2335597509975,10,BRUTE_FORCE
22,16943.164634425873,90.24394667526418,32.4980994715719,414.6449477153629,8,C2_BEACON
80,9242744.72684431,568.5927970712412,388.96315738971856,54.2599359138477,2,NORMAL
4444,113478.02664212683,4.797361167140332,27.911479731861895,1650.3798840242864,5,EXFILTRATION
1337,264200.74264266115,26.056541096377405,169.87288401816605,444.5379112485026,8,PORTSCAN
8080,406691.80814922665,15.08016644699056,443.9882480269939,164.4611887416031,9,EXFILTRATION
25,5479558.297241573,517.6882245894583,1979.422314506595,80.25844910775645,1,NORMAL
1337,45253.355178923455,33.83810635216736,4.29470698103959,664.5507478366721,13,BRUTE_FORCE
443,932507.8454906963,1928.5008223110615,553.623644097029,34.53145077127331,1,NORMAL
443,10653702.882814676,6288.580393373334,1480.2828754355646,12.26622639552592,1,NORMAL
1337,71434.95740696031,17.1513487850681,98.64050885973165,1283.2684343923925,6,C2_BEACON
4444,67003.18113851464,10.86169581247038,3.656570873600699,1203.91778944597,8,C2_BEACON
110,808290.6925953148,1109.1729303673997,1935.9797366183845,7.038587683416907,2,NORMAL
8080,127000.15473940762,7550.7635429360325,6.552098539025732,929.8684952384534,6,EXFILTRATION
53,2100691.213194085,1253.8096093006304,8580.230154004123,78.47402086264539,0,NORMAL
25,2981447.382420767,7730.621612983805,998.5328732565509,87.68817343828009,1,NORMAL
8080,81522.43432543635,914.7181680322669,145.986337363436,68.38984134921158,11,PORTSCAN
53,2573287.095933742,3957.447704092532,3021.322063162691,37.80827856905151,0,NORMAL
443,10166572.458446052,6979.839089676389,2836.0809667615395,47.638600373655024,3,NORMAL
22,152366.41255783077,2837.4824513882477,28.680551627155594,857.672221325536,7,C2_BEACON
4444,161355.14611511183,25.945536521148277,0.514255439334706,163.20728263849043,3,BRUTE_FORCE
22,32808.44033415573,42.528101306974115,3.2981953831446895,636.8217686971227,10,EXFILTRATION
1337,405.3446798635266,2485.8521042859506,1863.1914909284033,362.77606085621767,7,BRUTE_FORCE
4444,504966.2162632239,7.466708178871434,3.994401584539079,197.31238576785876,6,BRUTE_FORCE
53,308112.6794081224,3800.268090383392,1362.2356764783644,8.68352666524012,1,NORMAL
443,912586.1093771682,496.1435679658996,33292.37405869984,61.291434857718386,0,NORMAL
80,8255391.026684732,1749.5098535368613,510.57821499159195,29.273172892873863,0,NORMAL
25,1317113.5655118325,962.3945894451009,3212.922930307449,9.951622223089,0,NORMAL
25,8115083.575917927,1632.1239816327839,818.7834422795113,7.343219212037442,4,NORMAL
8080,509728.85810389253,3.1456592413707463,45.16868913119097,183.3975499817131,4,PORTSCAN
443,3025304.5436561354,2944.60074349184,9192.044940895004,55.44941408080861,1,NORMAL
25,1492755.59000476,746.8156251801505,1023.6855697803489,7.472394230384786,0,NORMAL
110,15830860.031947967,3080.891354509426,2122.4049003270866,69.2595889021237,0,NORMAL
110,205829.8571776215,1234.4122207124376,467.614095618703,8.52644947075442,1,NORMAL
80,20974950.53472576,780.2852181324303,9165.189083644304,212.23459066699263,2,NORMAL
1337,128492.62120615717,168.105529285513,3662.378517123433,311.4204093045802,9,EXFILTRATION
8080,238481.30624207063,30.04879690882306,59.04277586827224,758.4573899856747,11,EXFILTRATION
25,3891641.864669493,1026.4218134407456,101.29477764378802,29.007398959995818,1,NORMAL
1337,40510.23118216645,141.00441626192128,0.30080290212845173,355.2930169305889,8,EXFILTRATION
3389,70339.75208110853,169.30458409145908,8.28533235179226,268.93079671603545,5,PORTSCAN
1337,139363.3898135327,23.271587267943595,5841.973940386144,39.38312612491545,7,PORTSCAN
22,763982.4952500727,27.379500016993923,51.34865757565088,1406.984631393214,8,EXFILTRATION
25,2864130.0011035227,6959.528422897176,9312.461814504279,8.824246257197082,1,NORMAL
4444,126228.71141463825,79.93838075822865,22.03284061173952,289.3357298510921,9,C2_BEACON
1337,26364.74822858391,5.405392874320211,381.93459018145484,80.31607499157016,6,EXFILTRATION
22,24131.540344756162,76.11931473354329,16.203832699702982,186.36869419443633,8,PORTSCAN
80,1026063.7124774549,362.72894339394173,1568.233577834105,85.15256743968308,1,NORMAL
8080,60290.90654902183,652.007799113692,1.2293275363355027,1396.8930532380018,5,PORTSCAN
110,6041466.321906896,536.9786072663743,6028.309164730972,131.52131271296483,2,NORMAL
3389,106523.79653759688,154.39395031079343,89.08499217180054,392.72912536508437,10,BRUTE_FORCE
22,72579.16045589384,30.915210664949296,1.5440525580738678,503.1982453385635,7,PORTSCAN
22,297311.6251009778,584.7817102231728,44.67534580270131,290.48775861487655,11,PORTSCAN
4444,68294.01469319209,2.3815649959146237,2.904422755513261,838.4000181995068,7,BRUTE_FORCE
8080,173215.94882819604,79.75736380914276,1.4458503168047259,1719.3733228516257,7,EXFILTRATION
110,121188.19004625181,1414.782569840531,5068.516812997502,22.69242482573321,1,NORMAL
1337,576001.5531263241,222.410493402173,40.530429135829294,122.07862073210313,4,EXFILTRATION
1337,23105.712600950144,21.71922973552903,216.26972396615434,1035.163042895235,9,PORTSCAN
4444,3596.9189848575347,21.110143890096783,344.02657898039064,65.47404151465017,9,C2_BEACON
53,11295508.77690156,3673.9042315528536,13953.735145081322,21.56391132970887,1,NORMAL
25,2321804.611192316,1667.2179388579746,12442.513289133436,9.91731529592024,0,NORMAL
443,4162877.1480065663,2050.691015310695,202.80603781976546,129.94939196691618,1,NORMAL
80,4080860.469667863,313.76484929637905,5259.7348718506555,104.28738155045671,0,NORMAL
110,6592330.581566589,618.994972196311,58719.032761357805,82.64088120189537,3,NORMAL
25,2609353.123868731,3479.6735702505193,808.3751119586532,26.066589508669257,1,NORMAL
443,2337590.333250209,1442.3641838643873,7042.4841166335045,24.428424000712752,0,NORMAL
8080,422369.4656903588,290.55366785649863,4.468680374098502,594.6279466558831,6,BRUTE_FORCE
25,7762339.99694114,1854.1271278291715,18450.07080327474,49.41811734081231,2,NORMAL
443,1561835.9616075612,3070.526614135401,5458.408803486645,6.908729867996755,1,NORMAL
80,6899081.931460758,4003.831873581118,19604.234730053282,81.57357170705285,1,NORMAL
3389,95363.21135486753,69.00291500282648,224.82791938046412,734.5234612521674,6,PORTSCAN
22,38549.54773834224,413.79758342332156,0.7720455991906602,198.78179517520283,6,C2_BEACON
8080,8278.279580018765,45.72952632813445,111.07025164681315,134.73152282033425,5,PORTSCAN
3389,183557.53231629604,83.50357038566112,2.029435760690924,84.98592577114432,8,PORTSCAN
22,4147.54603132064,78.91418965932986,12.118692090734823,298.4990906711011,5,PORTSCAN
110,1905600.3726596443,1314.5556100144477,1805.6823816420638,9.802540433267962,0,NORMAL
80,2570420.673214325,412.78540352261587,2896.8739266571424,31.67526702757436,1,NORMAL
1337,295587.32464952924,201.25704004356808,6.581862207555843,949.8423175226196,7,EXFILTRATION
80,14563719.118133105,3194.812585466396,1548.7656328850176,18.616275830788158,1,NORMAL
25,5122248.816979092,2952.9703097980105,13451.057828404428,5.465802096512847,0,NORMAL
25,4311464.2127466295,911.8254304882787,4341.1303063289515,22.69609062805579,0,NORMAL
8080,284594.3556476175,138.14985484854373,105.90326348067823,327.88482480694506,5,EXFILTRATION
4444,50969.86247345995,36.12749073794464,2.4423108470285824,446.79110914198947,8,BRUTE_FORCE
110,5954951.573057113,3404.3343146830025,3981.011829812415,85.33882648483986,1,NORMAL
25,690940.3755384239,3654.001160494173,11119.886575361712,60.62992325774271,0,NORMAL
443,6632742.16899862,2964.011382587013,7634.193415694474,99.49989461286722,2,NORMAL
110,1887553.294342793,627.5772307609947,4577.756102129459,41.31939161510753,2,NORMAL
443,1855564.9638479457,2823.2202006514576,404.872428514585,6.424009541433638,1,NORMAL
53,252754.65406118802,3128.1716255876745,8607.157975323507,176.99996378528326,1,NORMAL
110,5563.5651589143245,112.77322781111268,2423.2099755517515,37.694230958966145,0,NORMAL
25,3641511.413053084,895.5107510624649,2692.0010578743836,150.5418956127037,2,NORMAL
110,3503069.280558311,1605.5869267441833,763.5552469637581,18.710074450494286,2,NORMAL
443,2389568.4852319728,3603.434312832291,3978.2017690675534,14.650642739897265,0,NORMAL
8080,453237.5460656832,23.352556564007614,6.910358233073413,35.56198520667658,9,PORTSCAN
110,3971971.9786681286,2315.6483021187114,6968.908507346579,21.817246715156422,1,NORMAL
25,502915.92679233686,1062.6580363121034,4412.6155484361825,83.25014653611123,0,NORMAL
110,3177449.3531314824,761.1778697883267,1649.5876834160447,1.7990327105987993,3,NORMAL
4444,158339.4285915838,559.7954401130158,1.241519857545228,33.65877390402217,9,BRUTE_FORCE
110,8558124.39205886,7299.107402215621,18382.128153041744,4.606052291926157,2,NORMAL
110,46422.78409731189,1956.7917966454124,281.31823136719913,32.026546878361565,4,NORMAL
8080,462378.4841096988,47.4746549125814,1.5881406078054028,361.79783523846964,13,C2_BEACON
22,191082.92390297548,73.43857305603608,4.398835547671964,455.9493967540071,8,PORTSCAN
443,732362.7906570769,13471.158519012228,16741.30781678656,187.85910460434502,1,NORMAL
8080,65481.1667577682,10.693826989087965,6.361161804461935,329.9777422764335,12,PORTSCAN
25,2440727.168001427,1239.5341783192823,971.8421532765515,25.01162497287126,1,NORMAL
22,216303.19450146955,13.106605206148695,21.688313290525887,196.334485611956,12,PORTSCAN
4444,291878.15822269354,88.55209315276981,0.3924710862165928,352.2960580718023,7,PORTSCAN
110,3275867.2643152582,1018.4276715469254,2798.769137310048,53.64351016764609,2,NORMAL
110,9772805.596769318,485.9891789273709,15929.331154181702,11.867286227829489,5,NORMAL
3389,39952.238126346405,122.75833895705499,21.938967891921095,532.1214792992597,9,PORTSCAN
8080,207951.65462650842,2.542011038896556,6.338681030725566,1.8689460001706037,15,BRUTE_FORCE
8080,220573.48216369114,60.53445233398964,59.87934378054694,97.50221946331146,5,EXFILTRATION
443,1554479.8468944298,1392.3356299365576,5856.244648044451,15.497054643231408,0,NORMAL
8080,536417.346630761,79.72396544399705,4.566848749166786,88.66421602423087,9,EXFILTRATION
25,8878134.324463295,706.0777529943249,11000.66446483578,6.740037400725678,1,NORMAL
25,13356147.225010622,1359.5730080676078,1838.4741717769582,20.541063728022966,3,NORMAL
4444,251267.2298155966,18.712515792269407,29.056860353210766,1050.7595591054592,7,C2_BEACON
110,1993038.2839449898,1801.2723697396214,1110.384520257606,4.056551348303753,3,NORMAL
80,8365013.411483332,1019.4622568759097,9180.964458762404,44.639862099011516,2,NORMAL
53,452126.9384171654,863.8459620847858,944.1685929539865,9.628688008626566,1,NORMAL
80,10319539.952627702,2229.2288123537137,464.4979132703487,107.6748784501411,4,NORMAL
8080,154636.46450294674,48.85674255009386,15.257010070649658,141.67522070005813,3,EXFILTRATION
8080,27903.241198345324,142.8288350717067,12.820041228700179,133.66224019915984,6,PORTSCAN
110,2707554.866513868,208.261727672632,8832.055211533967,36.728543935824966,1,NORMAL
53,7342874.683334662,3422.58136681486,1909.7414880674855,14.284358346799229,1,NORMAL
443,3523030.355778842,807.582783790714,848.998203497907,18.775997858883684,0,NORMAL
110,11270587.230492732,505.83949788271804,3408.5182877599023,18.331628114513833,0,NORMAL
443,7519265.086281551,998.3425274321728,6441.096768542104,94.40417946932007,2,NORMAL
80,4320435.955250423,1208.0405169318644,24734.605150868552,108.50083552864966,0,NORMAL
25,6760599.261616707,552.9059364733987,329.41403603679447,36.26000014467787,0,NORMAL
8080,51788.32813796639,2.2075688820426933,14.323858399537869,1028.7897540370504,15,BRUTE_FORCE
25,5442973.802898315,138.0539869316089,3006.0490859585516,66.53139439899269,3,NORMAL
110,14289400.78246994,2266.5995669218796,6232.025536485325,19.180613853664774,1,NORMAL
25,3855476.0827473584,3243.724627302129,4498.162049750406,29.3508448005526,0,NORMAL
80,15363458.234562006,363.41599583291304,2341.8452764825856,94.41307083504113,1,NORMAL
53,3746586.9562634355,3728.620564970309,1469.95216784558,34.497656913613866,0,NORMAL
22,160028.3317072126,100.88285978835242,8.141946551286301,545.3741328580204,6,PORTSCAN
1337,112081.12732798934,453.3768873540214,34.38159403240444,654.3883296547456,8,C2_BEACON
443,3385148.4345981413,1277.0006637527977,3948.270768037882,66.14014492878249,1,NORMAL
443,11088467.346008841,892.6192695527936,4891.085951238273,36.28406532843273,2,NORMAL
80,363222.80964980123,2284.965799470335,2546.7767395179253,5.771369997368061,1,NORMAL
80,404490.96710755903,2201.845120195803,4146.882691680368,113.54372012862322,1,NORMAL
53,3278694.4681838513,2039.5834995358289,2197.365810224908,3.541024133490166,2,NORMAL
110,32718362.256168976,339.73595043759263,18819.275724484636,37.527839607847305,1,NORMAL
4444,349900.96510583546,9.946552913698252,5.4412477681530635,99.86615508744508,9,C2_BEACON
110,2042900.8756999795,702.786824585582,604.6887579639775,30.911147155237785,0,NORMAL
25,423595.3125196913,4197.230286941195,8764.564666067283,69.52810939400558,2,NORMAL
22,34012.2836984796,1928.7090380838506,1.1119846200742993,202.96911008217384,9,EXFILTRATION
25,4238578.982519363,693.6550681435986,2357.337576847284,94.2841487656321,0,NORMAL
443,674034.2991521535,614.627123120009,18810.0407327249,9.253689501862098,0,NORMAL
1337,63173.52789977298,152.22254046408943,7.294523870952164,1882.57080452919,10,EXFILTRATION
4444,49426.56275305627,243.6695201090268,5.6460618278953705,472.82924246152066,9,PORTSCAN
3389,306849.1665549044,0.8538381849520498,51.62521928976835,339.9853327599037,10,EXFILTRATION
4444,10344.054839993318,219.41483664751115,29.574212002392287,575.4725181169476,7,EXFILTRATION
22,1126460.4055090738,839.7546171061115,26.301782953731067,487.71769666695246,11,PORTSCAN
80,3820213.6971658235,769.9668370226195,2524.299435493702,13.162711319348897,2,NORMAL
25,2744764.854576543,3841.9479139411837,3059.254864958572,60.0432008759615,0,NORMAL
22,289591.92603084724,730.894341481812,1.2543416722499838,1175.7035738914913,10,EXFILTRATION
8080,227289.14455965438,1692.2171857597875,198.06611745254673,128.82322258208922,9,EXFILTRATION
25,4671449.762695824,1009.1974320836886,7937.052414897589,7.862503227396066,2,NORMAL
80,1067920.5237388774,5806.093562370814,1359.0239946261013,5.850721106834881,1,NORMAL
443,634682.7486498933,1476.1018750397573,775.6010336367627,79.61480040719448,0,NORMAL
1337,963335.2887967789,76.77759339870408,36.749147005506245,1019.8633955931846,8,EXFILTRATION
53,5792197.211712292,400.1716152568549,798.3031115142617,35.05479819846741,2,NORMAL
53,2854776.894299875,497.6927422532239,16744.660364981046,119.65923765164878,0,NORMAL
53,7181363.889985874,488.16492762748726,7345.740280171926,2.8659334589534615,1,NORMAL
1337,242849.6683042528,364.7154678931956,39.48379917254556,144.20057019913622,14,PORTSCAN
53,3863334.561954432,468.1644005939511,14962.774412273235,72.38498921398676,1,NORMAL
1337,33392.285954384184,186.3369641880981,4.542164659180824,1.320283968160104,8,EXFILTRATION
4444,365451.1658556847,137.46077526411153,87.38620460133635,1235.0638444474355,5,PORTSCAN
8080,25326.80106652789,35.070282903984406,12.770451758591543,93.92983646145085,8,C2_BEACON
4444,520833.5619527324,4.941333675981324,5.6901031406129405,643.7941596080982,11,PORTSCAN
8080,64511.35612800038,9352.438332508316,1.3409465177800708,327.33370800562915,11,C2_BEACON
110,2254793.4281565505,393.0886592645225,1474.2523915942322,0.2884938044932402,1,NORMAL
4444,89024.78297338064,18.184771874900218,63.08347762020986,141.3580945981293,9,BRUTE_FORCE
3389,167888.39922303823,4.924364063380501,20.472707038782232,1396.757415200219,6,EXFILTRATION
53,6979890.148535593,914.398491152999,17657.799000907584,2.8637888906883093,1,NORMAL
53,5623203.092174412,2656.7067817993648,671.2196236565907,252.80890449622805,1,NORMAL
110,1514540.4636634514,470.36180532787023,738.3342022404984,64.8233152927219,1,NORMAL
25,3885899.428401247,161.20085176969872,5133.0186307375825,57.30500305817357,1,NORMAL
22,230844.1944642848,198.8120879609242,504.3076978425062,1201.2621800388122,10,C2_BEACON
8080,246954.235167515,755.9879867859797,3.4069981564641334,51.337792508427476,6,PORTSCAN
443,635651.1128522883,1703.3530910044792,1137.6658478785941,14.059761689337048,1,NORMAL
3389,106883.47779030824,15.910446278586754,1.4550381289357832,463.3124182035585,4,EXFILTRATION
53,522061.00657035207,3523.526921536008,4914.723981729332,21.49939063078267,2,NORMAL
443,2584609.965379974,910.1082824893213,3273.756091974048,37.33199985787633,1,NORMAL
8080,87457.2872958624,25.162927759684617,62.553670743818266,153.07786265138668,10,BRUTE_FORCE
22,30102.42547323838,17.372060906349606,0.20521138383440374,1283.4186678739788,10,PORTSCAN
1337,10964.687691705623,68.74463446800013,16.1069898032187,1191.0596902444515,9,EXFILTRATION
80,7029884.567861351,1471.4688510777994,8854.504504464965,14.574617449397609,0,NORMAL
25,125651.75057370789,3062.7253225999752,14161.036953175471,37.541712076893766,0,NORMAL
53,231012.23915072286,1914.8767837419834,1089.6933350857907,31.27022338077025,0,NORMAL
443,18086462.550411608,1372.5423628642918,8110.547761268539,116.5065176164874,1,NORMAL
4444,536977.7257529721,25.267642252994506,259.70841791275166,794.5572902478192,12,C2_BEACON
25,8930608.209483182,2222.7611505556,699.712973495082,2.141531481073634,1,NORMAL
22,52953.84938824956,3.038659028023126,14.04238300994905,127.2193712482682,2,PORTSCAN
1337,349303.1701922204,292.5526678322703,51.28908167575517,253.06705707259036,10,PORTSCAN
80,1313187.0272678842,1800.4025774486022,1031.80918507655,32.91952315614898,0,NORMAL
3389,147110.65887467662,188.06606520538134,141.72741855785472,321.41351258136325,11,EXFILTRATION
8080,129834.31862215695,1094.5416411764186,2070.7026787283585,225.04587568829083,8,EXFILTRATION
80,495892.1965445033,585.1396871870179,2470.5483369495614,36.246535125091576,2,NORMAL
1337,140057.8343448002,114.56411880768817,21.969400473462223,33.67017208416474,9,EXFILTRATION
22,166547.88649843764,257.4124608951183,76.223356455529,49.95104356892635,5,PORTSCAN
80,3371179.737676174,2452.694692567635,2393.45220963573,6.749530711399077,1,NORMAL
3389,42121.36973176441,146.23998211385728,12.072730167481009,887.5741406758074,10,EXFILTRATION
443,17106201.226144657,1024.33353431263,6097.046438865309,28.092963232782107,0,NORMAL
443,1678668.7189412497,1981.6161927461908,3418.917205689985,22.441102677464894,1,NORMAL
22,314641.38879201113,5.071987336285961,18.257670870002038,343.48412513395925,7,BRUTE_FORCE
53,315852.7962202368,237.79493954714764,2845.852292896718,17.336011907340314,2,NORMAL
443,1352947.5387595324,2780.909521888889,872.6361307310161,32.35925383403025,1,NORMAL
4444,568441.3911238082,13.781388429174424,1.0153436091285648,1260.0143972869935,8,BRUTE_FORCE
25,958280.5450842117,1781.76532520271,1919.728018024844,26.9704262993269,0,NORMAL
8080,371934.64319344,335.63544635341435,298.4849696315104,319.77294986879593,9,BRUTE_FORCE
53,5697891.098581616,800.7559425584432,1419.3066780237575,0.3030513916859019,2,NORMAL
1337,66332.86271535429,6.99902465805061,103.87327882467096,265.3904608407657,2,C2_BEACON
443,8597631.525189314,717.7824019705569,500.322178618942,13.203426527434786,0,NORMAL
80,4702001.603503519,984.3842452672233,22619.92945043596,66.12400340954532,1,NORMAL
1337,322140.6237289809,1186.4638477684664,76.56669756108207,104.25176161236938,9,PORTSCAN
8080,312021.0571190316,23.82757518942787,495.22934176686744,1720.2472470135722,8,PORTSCAN
4444,14267.852527920002,672.8406662182766,474.6745597667153,549.7270958576544,6,PORTSCAN
22,10557.988547600133,43.75166491775018,74.91100180862047,1135.735571418044,4,PORTSCAN
110,4527741.002215417,1185.6037511696827,41885.372001586715,15.858548203682158,2,NORMAL
22,316422.1583738752,154.24573230308877,21.878381979290733,1397.0123169550857,7,PORTSCAN
8080,159855.34190364814,2304.0388945468226,26.02817970889633,683.0086682374509,4,EXFILTRATION
1337,311072.65982883377,19.417234098078207,84.77100756005936,8.761773245071517,12,EXFILTRATION
25,385356.69230255886,1206.3448411292325,5722.889985830699,64.4211019007287,0,NORMAL
110,11609660.62018183,1974.67136186934,1000.686349154083,12.615758080563538,1,NORMAL
53,656538.6117233288,1853.0434658902411,635.9663723238282,13.83135755288967,1,NORMAL
80,5098028.970901514,709.957640244296,6169.540492853814,26.729960527931794,1,NORMAL
110,7314172.590333414,9000.96109845889,2210.6785770335287,98.30536381292035,0,NORMAL
53,1032906.9449920912,3125.2714067506777,543.9363799127494,28.910703949911245,0,NORMAL
8080,504452.9038198086,2285.076974581663,17.032720130630235,418.3525619750848,6,EXFILTRATION
443,4712698.8129455,141.53723314390515,12905.371512580019,15.019838102483696,1,NORMAL
3389,84862.1256577452,29.174483904348286,30.59904681838448,60.76371599148435,10,C2_BEACON
53,13939335.454718182,485.56557558771436,1343.2919536312183,56.02593440589176,1,NORMAL
110,11718857.98087252,373.5476073079388,2325.9753045384696,32.11460039487719,1,NORMAL
25,1757199.0836621986,1501.6783823509497,551.0509904232249,41.67137721885265,0,NORMAL
443,4971513.813887149,1308.6640716905067,347.65785068858145,23.355069031419937,0,NORMAL
1337,35333.53514995364,11.17695831217841,379.9523044730536,752.1978844812184,8,EXFILTRATION
80,3856420.8552241568,2759.9768338419126,2608.0933526596446,111.1588806091622,1,NORMAL
25,46769.51210974147,3093.335768582678,71500.59542490728,2.8935031797709567,0,NORMAL
53,9504977.334592758,1148.2116638369812,3638.1209959672733,100.54283306565411,1,NORMAL
80,6608677.489387275,13675.666044915146,682.2968171411086,5.080681065268507,1,NORMAL
1337,220094.91677107062,641.2698475948671,279.14052898898234,952.5009303912522,10,PORTSCAN
3389,1036171.4634521512,10.289696601778232,8.0051470666883,301.28562571690827,12,PORTSCAN
53,11024978.031892851,840.6468326284942,217.58502959569037,26.237218228207006,0,NORMAL
80,19573117.663471024,1860.563755865207,3162.6226353511897,65.57567932342046,2,NORMAL
110,746286.4465715478,4772.673889455329,2796.48793218399,21.41526179740357,2,NORMAL
443,812060.8715529733,2263.866278893699,992.3080248057605,66.87072850530343,2,NORMAL
22,285006.6194906752,334.03519774462023,74.82251323272179,521.460735499715,7,C2_BEACON
22,595142.0685699256,79.80071941162026,20.26986107468638,201.77035519088648,13,C2_BEACON
4444,241526.43796897045,4.903027528096312,1.8909471225050722,1450.6549884606893,10,BRUTE_FORCE
25,2535773.855728796,463.79126736115165,2108.2430611918057,15.69048903120312,1,NORMAL
8080,84229.65484373314,216.09075634144028,0.5094372464433445,560.0754253149889,6,PORTSCAN
110,5170069.669522324,828.5832270515739,1329.3100630094234,121.18528136062882,1,NORMAL
80,4443502.706069714,1851.9584052475352,5776.423504671682,48.042641907864514,1,NORMAL
25,7008333.826570771,243.2895260744133,1539.127591107684,42.14285387098162,0,NORMAL
3389,93329.53342161432,81.47389367767593,2853.693203713689,359.0184492508975,5,C2_BEACON
53,2879323.371178421,893.4295870751023,1826.0239548805134,44.593145777151406,0,NORMAL
3389,291228.26022885094,9.81985190930814,332.93474593426475,58.22711162439248,7,C2_BEACON
4444,23690.477116897728,3.1992771566872364,43.52707154478844,260.5888539182237,8,EXFILTRATION
4444,107167.89764088207,214.6785482613009,5.481175774556695,9.554928131949287,4,EXFILTRATION
8080,9251.02545370605,272.3722264861795,2.389572303869493,434.90882653316936,8,C2_BEACON
22,342864.5421399845,166.62625136326173,2.312820223002699,863.4273104228331,8,EXFILTRATION
80,2653885.7174587143,492.6045480520626,3793.7522499618244,53.19268235050117,2,NORMAL
1337,27176.138194174117,3.932170504840159,126.22058369346124,648.8589912281354,6,PORTSCAN
25,7850148.931976145,740.9641305674576,2098.5052147100323,157.96164940594593,0,NORMAL
110,5351856.807085196,555.1422757935354,4129.446428069549,17.566779033742836,0,NORMAL
53,3027363.692319362,1482.3842789496578,615.7603727837991,49.77027727203824,0,NORMAL
1337,306605.1192406747,16.176070415982746,60.043861071217506,427.61216797363136,9,C2_BEACON
3389,41861.3929140216,1.515616084221718,866.305652237141,537.7253868557519,10,PORTSCAN
22,75507.67022702697,391.1214576299367,0.5197747943668269,1032.1156352980806,9,C2_BEACON
53,8402611.555044057,513.0262339910944,18922.92423413981,28.48384136923057,1,NORMAL
80,637803.2164282525,1339.4760209245396,249.29026694404473,30.243060373245807,0,NORMAL
25,5363990.470887109,1941.5156506198418,17867.119645638762,42.16923663577089,0,NORMAL
25,2485784.4283034056,1162.3658431790645,2356.9649331995442,23.478747133497578,0,NORMAL
4444,44662.45676747899,1056.202695189185,4.296269720577668,171.38366745097883,12,EXFILTRATION
443,4593432.935692051,588.3536622181414,8705.34881004052,28.987634648370502,2,NORMAL
8080,17452.40521679806,45.72784555733707,50.49454299501515,171.59327428966824,6,PORTSCAN
1337,275350.5216286137,23.451568532432194,26.69708269612549,101.18858795398482,8,BRUTE_FORCE
1337,263584.2831888045,155.93851396891046,793.5455343654418,89.54901280033378,6,BRUTE_FORCE
22,97527.00221219497,381.20970976634646,49.89104993386685,391.59746628625453,9,EXFILTRATION
3389,152365.66170354708,39.278643812760514,2.039992474738783,114.80481428293781,11,C2_BEACON
22,179422.80896079136,6.724051342444824,1.6816273162333932,19.407908183211177,5,BRUTE_FORCE
8080,17799.603853395496,2.302140104838041,8.048559377740595,261.25755059360284,7,EXFILTRATION
1337,54310.764404477275,4.9669541076586174,6.3549126114500405,1637.4047251580473,2,C2_BEACON
8080,77124.40294801198,26.136707403255652,343.48993737658526,663.0228236753786,6,PORTSCAN
53,611664.1047236742,663.2362399013887,173.672410442309,10.604396903103725,0,NORMAL
8080,141257.81262614837,47.202168617515056,41.594168338601726,6.003401538435543,6,BRUTE_FORCE
25,934844.0290997127,1432.2125755656818,3758.0705893427944,137.07100584224082,1,NORMAL
3389,69472.25317885488,56.00119303622293,90.44151066682213,230.73914074767487,7,PORTSCAN
8080,128381.875298952,793.2887635613731,55.80891107044968,185.41313282731852,7,C2_BEACON
80,2551791.5896387654,366.5594935210464,2275.821926552588,375.32718133019716,0,NORMAL
3389,440918.3428534268,83.89476796384754,0.5262417913448217,440.0080738190808,3,EXFILTRATION
22,169031.7517239139,76.41223886834405,1.4479921563858211,192.02744350051532,7,PORTSCAN
53,1709513.7084892036,7699.903778366204,23028.148297135696,38.66764502576733,1,NORMAL
25,2415764.261473941,7387.101165838933,161.20141423984046,40.90298570666773,0,NORMAL
80,3510969.1322508203,605.1620685459301,9954.649220666472,14.677550268671094,0,NORMAL
443,157301.65263127856,557.760291359808,7245.196951420319,27.571509130596482,0,NORMAL
53,983901.168050161,1055.6008725025197,8867.04688459383,15.019171078841298,0,NORMAL
1337,71771.63690319951,711.3767202856416,37.57067349104372,1132.2872445768885,6,BRUTE_FORCE
22,80396.79590628926,5.1369810458514324,18.19973882514735,307.93377023877053,3,PORTSCAN
22,62108.23147298881,29.302071638269222,72.90887429571242,66.2888847156727,9,BRUTE_FORCE
110,4620986.03068179,976.5275155813883,6599.620133593259,90.395369032526,1,NORMAL
25,2038255.291967881,8949.988447648253,903.4980380064178,75.00091256251771,0,NORMAL
1337,468792.60625055357,3662.639543403303,1.581655895883609,1262.4220525450835,11,EXFILTRATION
4444,409268.747183498,895.3024479292429,269.32361343493335,212.43971184288196,14,BRUTE_FORCE
110,2339232.159333827,2015.236120042381,5765.249880591916,38.67792629126478,1,NORMAL
443,8311643.967296535,709.203596233627,1717.507655876917,77.42319448636526,0,NORMAL
110,3053450.354365472,1866.877321091633,827.0581583068861,1.698038231556121,1,NORMAL
25,6364771.28345197,122.48901392523621,119.58394780632658,133.68809820556098,1,NORMAL
3389,517478.8888536494,37.588734054826354,56.76580483885458,40.779589214596264,11,BRUTE_FORCE
4444,19401.662413118353,138.80273575553403,19.91021499137462,80.06808784619169,4,C2_BEACON
25,1565762.161068664,238.4924349917459,8773.740327214937,299.68722067148906,2,NORMAL
80,2401553.3025619006,978.6511320481609,5268.625057772546,186.2485245721063,2,NORMAL
80,148686.2227897426,442.6031039694577,1514.493691454193,158.2509214108619,1,NORMAL
4444,76612.27688805123,1042.790464609266,2757.5546268934268,435.28573203807747,7,C2_BEACON
4444,82213.0726719769,73.4100986320746,27.541529335297394,151.810249069392,14,C2_BEACON
8080,588197.5573985555,1.957241114040558,589.3231888802023,537.7367795282265,8,C2_BEACON
3389,478788.5373496582,2744.377598449183,52.41633805941893,155.89617069992426,11,EXFILTRATION
443,2480442.4548419444,483.9578495696429,13063.340044712102,4.591219652163195,2,NORMAL
3389,87207.95096586981,59.61669140547666,7.336154681169558,500.9680628262612,10,C2_BEACON
22,22446.56577393956,358.0242597724812,1.4440769951600836,455.3707942990141,10,EXFILTRATION
8080,155885.01299828294,247.5757676687261,4.935253146922955,153.40193685550022,9,BRUTE_FORCE
1337,317006.3756233111,322.5621038515266,217.02193751658524,233.09790329663215,10,BRUTE_FORCE
8080,300644.0344055944,268.19123877825524,5.577177632051787,523.9884293111533,12,EXFILTRATION
25,2669324.3668458867,1443.7545103133846,4548.015830157091,14.316367274211848,1,NORMAL
4444,183600.32856102404,3696.3975893804436,27.631917297322715,361.2413423533182,5,BRUTE_FORCE
53,8093406.719431021,909.3887572502464,814.0474726274498,9.272206390343483,1,NORMAL
22,566236.5751045533,29.86503531836557,14.376680107199695,126.89094286958938,9,BRUTE_FORCE
4444,131378.30760182033,27.736644577134395,43.24802141317656,173.41339583936454,7,C2_BEACON
3389,305408.17676039605,26.219108282518754,24.2156892778809,16.816970741414888,9,C2_BEACON
80,2865686.6979984096,2054.2794192546885,4535.966659653962,96.97596035209132,4,NORMAL
80,2085521.9588895035,538.4421643595243,3215.123953523082,52.11351534880158,0,NORMAL
110,3456106.9095463553,1375.4589702259877,893.1831769816026,52.189187257712156,3,NORMAL
3389,50999.840379495574,52.856363941393965,582.5684231115584,60.75916604541042,8,BRUTE_FORCE
8080,102796.19708381178,2044.9107786531442,0.893420501784482,560.7144394070687,9,C2_BEACON
8080,520688.40874107566,1978.5468398978833,85.01296875583931,815.5962627865968,13,PORTSCAN
3389,61376.467478275474,524.4223771459626,0.35045224625927157,97.58299778243575,6,BRUTE_FORCE
8080,118315.3825200515,599.5130044269888,7.555978405889767,1071.4133404054637,9,EXFILTRATION
8080,163903.7642367512,12.368698727361178,26.063289949917195,146.15014563064696,10,EXFILTRATION
110,3885006.100803716,362.58793067906794,2395.4103013736103,95.48128431572145,0,NORMAL
53,2120336.5730798813,707.0843809781214,1122.0968339619826,39.123228018931286,1,NORMAL
110,2880376.5409826506,2063.6185821028353,12274.86999746201,52.98760291905755,0,NORMAL
22,174172.52638399007,482.5659750977507,41.15287191577225,891.728979927678,9,C2_BEACON
25,14241582.784253394,2479.3568891825503,2478.551179278457,38.62095561179852,1,NORMAL
1337,707545.8846464474,252.45277054435869,27.166202158816052,668.0066967871601,11,EXFILTRATION
80,7605375.630181049,6215.259725172843,710.1216831019939,110.7791467999923,0,NORMAL
3389,147904.9670927739,139.80930365972054,467.49111502013517,158.44373237303017,12,C2_BEACON
8080,402246.5551387462,27.671945685776105,4.1847477896968055,168.04313344049913,10,EXFILTRATION
80,863061.1768858823,466.1336110678756,29896.14736797808,136.38209291630454,2,NORMAL
110,2985398.7369967583,1409.444622055429,4430.111089096811,29.068875806795475,2,NORMAL
25,2646311.0908556376,963.6253162473855,7458.809512620824,7.560704521046375,0,NORMAL
8080,40289.7557288283,35.89038774214841,125.53921915838349,192.82710812439842,4,C2_BEACON
1337,371291.40568287467,31.980539219919425,92.31639573487243,1057.6823950124049,11,C2_BEACON
3389,243936.7714949276,9.49897544704707,8.127584993996287,1406.3837590478827,9,BRUTE_FORCE
8080,223989.15028129323,271.36099068015005,1.9958186524818329,165.12136872791845,8,BRUTE_FORCE
25,1801022.3803736893,1529.5354327985904,2163.744329660689,122.94738938141046,1,NORMAL
443,106306.65598636334,603.6701696842189,8939.246503246955,192.18961820106225,1,NORMAL
1337,110603.92622169033,12.993217458808015,212.01006604013844,5.559836940231943,9,BRUTE_FORCE
22,360632.9664882611,166.6173127711818,13.937386511094468,84.83784481254645,8,EXFILTRATION
80,1306293.7894262944,475.88207857461896,15342.691225013876,43.67055090205117,1,NORMAL
22,184106.44806473076,8.333884336081356,3.2895362785382614,49.52288602210995,11,EXFILTRATION
443,3411996.2627634066,4262.536280245691,3156.463308233649,89.10663542496778,1,NORMAL
22,14993.857811311413,390.1931948563714,38.92582570973019,856.0512137776094,15,PORTSCAN
80,8307343.992442352,830.2191849020901,459.19974800436773,40.506874028571396,0,NORMAL
80,2616244.7177544967,17472.327202628432,10101.89847274514,20.94893861464605,0,NORMAL
8080,43474.72948257454,0.46907543537300167,5.80071910346001,294.5075328738172,10,C2_BEACON
4444,541462.5192929078,1.296438482163065,34.39192307230674,2146.346681635047,6,C2_BEACON
80,7786378.027318164,1029.3643730825368,3470.7456041438895,5.460522731064013,0,NORMAL
4444,543474.3647573844,297.56836519078865,31.218442518825267,1727.1143100596873,4,BRUTE_FORCE
443,3020338.4985828814,803.1430199316062,5661.036276062105,173.9173465090071,1,NORMAL
25,11786359.028174376,1897.8240528713543,3614.9432679547153,25.053219020085315,0,NORMAL
3389,49764.1226611461,190.20709720197073,454.55979933728497,298.98794876088226,7,PORTSCAN
25,6074785.014010113,1291.209533173778,7058.570645413181,6.446116491999307,1,NORMAL
80,4400527.860497481,1400.9380146526564,17319.254933614273,36.49102011149564,0,NORMAL
443,16285443.531102188,1465.6261012992627,907.1150227015739,9.499933496276597,0,NORMAL
443,2579515.444072381,536.5676992711383,908.7787128860429,63.05747884900343,0,NORMAL
3389,292195.3646685485,66.46383936680388,4.705717482111566,461.7040090126993,11,BRUTE_FORCE
8080,69722.35476974117,124.78481642015502,0.3960646624250705,913.7898253270378,10,EXFILTRATION
1337,47202.327850472015,159.03043550593844,28.17894544329007,624.7316566309639,11,BRUTE_FORCE
4444,277587.8615816806,7.895804753321951,2.5997017229131165,1211.5722504963746,7,EXFILTRATION
80,1227583.6158697908,227.16083305603766,4354.056885213257,14.35427200462148,0,NORMAL
3389,144895.44491541042,3.9833951152957807,43.439529429639244,348.12775036626743,11,PORTSCAN
53,5598308.894423861,1662.042797558018,3568.8336327981683,8.95406772527206,0,NORMAL
53,9535328.038988454,690.2705488436434,4878.300920938764,2.2652224531386853,1,NORMAL
8080,193565.25362117743,120.93944285317332,6.480174251760667,19.49693243344074,14,PORTSCAN
443,2056504.1925860143,378.7830929553736,53850.56798919552,13.943022872940283,1,NORMAL
1337,103322.45681629366,2.278625696944531,281.7009496326194,187.13303097008048,8,BRUTE_FORCE
110,2573000.471326034,1671.1167235862542,3540.2194872664086,5.2551404350672986,1,NORMAL
443,200423.54623577907,3480.7308341808175,2495.0404849506954,12.08337142218599,0,NORMAL
8080,531966.308407682,16.448663077932515,15.051036858994589,333.2469101142564,6,PORTSCAN
110,6858286.291783985,1088.2497343398045,8786.303862898729,46.56847616241727,0,NORMAL
3389,110988.99937658447,139.39384949479427,285.0650666272023,825.8372351701579,7,PORTSCAN
80,1186264.7278041611,2023.9884455471984,4896.9971902810985,27.508677924205166,2,NORMAL
3389,242200.21260115594,95.22196966660569,8.95536864683088,1299.0149781060984,6,BRUTE_FORCE
22,105017.61994011202,206.44896385298145,10.685503611450319,143.53780853925682,9,C2_BEACON
443,346702.6652631939,3073.089805147085,2697.285994554118,19.224624145851017,0,NORMAL
80,4282557.903060909,978.6631048353347,2689.1039662086037,38.718755251974926,2,NORMAL
4444,868211.8230873113,184.51325792747056,4.18044699120143,46.659037767441575,8,EXFILTRATION
110,1808465.4916895055,1715.9055991683213,4555.417927925795,52.868186851646094,0,NORMAL
53,4857226.074495916,355.9903675267965,4621.70152344454,99.99700418684215,1,NORMAL
53,5534010.020172056,934.4529953883351,1523.7490273270926,101.55507741975309,0,NORMAL
22,226765.33507226995,2.3175107266759514,51.53093727991826,232.64953629902078,12,C2_BEACON
1337,32415.824820644662,19.7264179234021,60.026440011404,1013.2566715752196,4,BRUTE_FORCE
22,1094527.6109815869,31.567223767555355,21.017866820388964,169.06727593582184,8,C2_BEACON
80,1573373.15797582,291.4425332371959,3998.720881489676,28.853371336922812,2,NORMAL
53,1459782.0187743073,3047.1534997647004,1798.4431867681797,26.218192928301377,4,NORMAL
22,132870.9226181973,9.941441949320245,16.7691248222947,1144.0335809544474,8,BRUTE_FORCE
443,1325702.5245172647,1693.0106113999236,972.4655103130247,163.22847069892262,1,NORMAL
22,331661.15224433877,77.22499854117513,8.15973877164724,582.2580238516832,11,C2_BEACON
22,6600.946491180859,312.90941254236617,44.04233602821166,854.5728003432912,8,BRUTE_FORCE
110,3653203.048621286,1215.7513776421679,227.52037664573197,5.9645589860936505,2,NORMAL
53,14191441.185867116,659.1203840568759,2571.9953155724315,6.244389244030007,4,NORMAL
22,1400.0761750367685,253.4844828987622,2.309254156775402,475.1683156886924,10,C2_BEACON
22,386576.4045104134,24.556039193328843,21.11764828013618,1903.09297436736,7,PORTSCAN
80,13421528.585840283,445.44727130602485,4621.503896751542,30.214443630082332,0,NORMAL
53,105781.71669846345,3562.6247715194518,709.2314664970004,43.653375797826314,0,NORMAL
4444,11188.993610113594,222.90720858710844,361.851445987683,291.23272736148584,9,C2_BEACON
443,1523351.8824561718,169.65281178885826,549.9855135902318,84.36980778886797,3,NORMAL
8080,56515.51452765248,48.391367923656226,37.58481001477266,158.7735983266185,12,PORTSCAN
80,3919801.8093617754,166.91408993633905,2182.8495686305296,7.7461960099927785,0,NORMAL
1337,9578.710693714393,150.10403279076178,67.09446624428637,431.5401068453485,7,BRUTE_FORCE
4444,44789.060129979654,2378.979421802534,5.929752866865241,755.252695348384,9,BRUTE_FORCE
1337,54124.49918065876,19.070193386208455,57.704833791209296,525.3996656380301,5,C2_BEACON
1337,79950.55686557993,10.411205078545601,16.08066768281768,236.04087015250647,3,BRUTE_FORCE
8080,441129.1597646705,26.900859157254544,72.23126805224535,1191.8929038025603,6,EXFILTRATION
22,49521.483806221935,1022.8726656962608,221.91819253333279,783.5541725460878,8,EXFILTRATION
53,3904597.491099998,1483.7425136460863,1416.539863473555,252.552288287918,1,NORMAL
443,5147228.148503714,749.9174649269097,1070.32803833836,2.0200401928768157,0,NORMAL
25,10922630.042230312,2915.720599591245,476.97069149651844,36.45775288326386,0,NORMAL
1337,454853.67865141336,58.15834124148496,7.779050536948754,2435.1502922763034,8,C2_BEACON
3389,774057.8836879034,3.7908515677358077,164.83749134569024,357.006291411227,3,EXFILTRATION
25,8041776.604383906,241.33101534685824,3930.617655458714,77.79742678559883,1,NORMAL
22,205161.58691686447,27.970053467224748,1018.6546074346493,107.56119635541413,14,C2_BEACON
3389,15986.85573949371,30.05438422402081,159.33144900015262,61.839122427466215,10,BRUTE_FORCE
8080,16843.00699309431,176.5757602321649,25.23651206983009,118.79782527854732,11,BRUTE_FORCE
1337,159994.66344237875,34.526456974502445,1.2968801638513265,312.5513893170552,5,BRUTE_FORCE
1337,122475.58343501003,226.87144965691508,142.09627727075446,93.16901631866523,6,EXFILTRATION
443,3593507.073255474,450.1425214963815,1216.1880483561376,79.57989695758863,0,NORMAL
53,1142391.7047700013,567.3498729722389,3560.544980959353,38.94083358648694,0,NORMAL
3389,39468.17485314786,356.0702445418142,1.2218935312175718,1107.6136070448872,10,C2_BEACON
4444,594237.8565887198,91.45935497060846,20.466542697732947,1373.6953878772338,8,EXFILTRATION
22,26812.638543292567,1000.9855108365217,81.44922266059243,197.08928096079842,7,C2_BEACON
443,3126085.655932412,1375.1144833370129,3139.685854544326,52.254000755043016,0,NORMAL
8080,2074.1884188464032,0.588512940357257,795.1430855232317,155.00058089457477,11,C2_BEACON
25,1410159.0742272786,1520.6769312970384,2146.667958378015,34.358350696167506,0,NORMAL
25,786284.4785492396,2094.153143643589,5068.309390172957,14.513618713377324,1,NORMAL
443,5453402.563697582,996.0403192693875,3532.548144639618,11.157839410301062,0,NORMAL
80,2823841.244134781,199.2962462208945,1131.4628997573943,5.361273593237127,0,NORMAL
110,705314.4543853471,570.3544274840377,1414.6096522219514,38.08015202832619,0,NORMAL
22,865835.4886560041,97.12552244248269,5.118241854277211,1066.3919119374173,5,PORTSCAN
443,862966.5541519781,6711.352491349281,3342.131576558581,109.14952296550663,2,NORMAL
25,4031263.3474358874,525.9410333024284,7411.703357634761,6.7318445333863055,0,NORMAL
25,8237722.55916292,18058.522078187303,4139.430462510933,50.854414814604795,2,NORMAL
3389,156254.95375711974,38.23919150814893,199.1898879468667,231.42806765467927,5,EXFILTRATION
25,2284831.4940464515,9961.36092085676,7655.418055150513,48.50652483667462,1,NORMAL
1337,301892.10910664004,444.7218733105367,937.2927273774332,325.56198416396944,3,PORTSCAN
3389,221213.76051683698,2339.5063763570847,49.26990368200566,426.60936537971764,11,BRUTE_FORCE
3389,533880.5737228666,31.33880335062944,800.6216139144426,65.5831601305925,6,C2_BEACON
1337,7976.408102111278,36.43218317683246,14.180512724073386,298.5063659760367,3,BRUTE_FORCE
4444,218237.3767313962,4.095616163145385,56.963332991698415,1238.8079237371107,9,PORTSCAN
3389,16666.287496410034,290.3672720422255,7.5042733615702595,296.6030890823562,7,C2_BEACON
22,175786.9371237946,48.995538693698215,57.761272444281204,1000.8374190922722,7,EXFILTRATION
4444,58494.96667351711,9.943766845169446,4.527004727104706,2542.4450163038064,8,PORTSCAN
443,224185.91313766895,250.13424273772043,166.94487485886242,3.570676804421132,1,NORMAL
110,4629089.322179008,236.84401630487852,4011.0164300882902,40.2258065116248,3,NORMAL
8080,123098.05546248796,106.36066758188139,8.105462918135855,111.72474566029625,11,PORTSCAN
3389,136918.64831986267,42.15746691227889,478.53282620193016,609.8031120004031,4,C2_BEACON
22,17799.30358320757,23.595669884585938,17.96256718542931,491.9749100473804,5,BRUTE_FORCE
80,900006.6295496526,1064.4712879800747,2551.0262417938025,7.978196215273485,2,NORMAL
1337,406923.9684750596,451.5097719742921,17.169889566183745,10.315455629779418,6,PORTSCAN
443,1529049.9450139669,1760.471017056408,2921.4589790163213,80.833624618017,0,NORMAL
4444,28913.853754212476,13.147141322748453,600.96287928831,51.73176899998527,9,C2_BEACON
8080,87306.85750901181,261.51145162620304,57.787181520389126,67.89535441254614,7,BRUTE_FORCE
1337,521907.2996173187,1088.1184409732682,23.282439001517723,924.8341340357731,7,PORTSCAN
25,3471935.0675156345,3488.560785380596,1388.4222771715401,54.40272171046009,2,NORMAL
8080,200043.41582099622,14.189410309198735,1.0234053656534678,689.9875066500794,10,PORTSCAN
1337,9873.339420333165,294.0195712732139,0.5247006759584218,196.8071776060868,5,BRUTE_FORCE
3389,334361.81562010676,514.698339981957,122.99109036481433,1154.2350060992003,10,PORTSCAN
80,2789078.2801250876,239.08700798461135,3614.3761314601024,258.97320178681895,0,NORMAL
110,1457362.238886478,220.695330064601,3412.37571456873,29.034126576568486,1,NORMAL
1337,941436.5904252422,5.2023607101921785,111.23591558558618,35.91271464980349,6,EXFILTRATION
53,10935201.676366474,464.33245299118346,1368.915424842452,29.304529631813754,2,NORMAL
110,1527507.327137066,5637.081747916524,855.801295747925,24.07515208994532,2,NORMAL
1337,347259.1572745922,0.2601133150873176,2.0264038051714715,514.039689446579,8,C2_BEACON
22,424742.26157173456,16.486413574711563,216.58994938888947,137.06827129598082,13,BRUTE_FORCE
80,8754728.347802877,778.7539610823791,2304.39825266328,19.3656946128237,0,NORMAL
443,14567546.654622104,146.34059184498847,2857.2639025791987,3.3275128155554397,1,NORMAL
53,3255144.406058838,380.39106872404017,1389.2117765023013,17.255105972788446,0,NORMAL
8080,277890.2076341123,7.603169813294661,31.147727716621148,153.59930925827686,6,EXFILTRATION
4444,260800.16585594046,19.843957567112376,45.36134398484041,491.0344151541998,9,PORTSCAN
80,880452.0582092211,578.1570491891237,4370.378440760727,3.3751126167551297,2,NORMAL
22,45681.56973537222,13.176263766611008,15.921188324246389,648.0823938137637,13,BRUTE_FORCE
25,3594888.674690548,259.4744539181243,4201.592794485167,10.711121017144677,1,NORMAL
22,199849.97875178186,523.0959013863026,25.364667715731123,431.2480303248857,10,BRUTE_FORCE
3389,307994.6176397414,10.415664346113044,5.6611954690937925,175.63649315740165,7,C2_BEACON
443,5857130.445397886,267.18048229311927,580.0766222791061,47.9882608765298,2,NORMAL
22,479222.8523939298,1.4398192597335941,6.066404864671663,1151.4543890617927,5,EXFILTRATION
4444,31037.086087172884,94.10992320111006,5.371449515988102,101.83415830170851,7,BRUTE_FORCE
8080,165941.95654347364,66.32757072058861,1.1531762306760498,589.6325317557149,5,EXFILTRATION
53,1504364.3686111642,944.4837711820335,33569.316809700504,30.773763669665303,0,NORMAL
110,668165.045144493,1534.6773039872214,3697.5582999034605,18.372552368702788,3,NORMAL
110,9722809.836732678,1048.3322865967623,2611.0784215677922,46.91277622133877,0,NORMAL
25,1480536.495158969,959.3160930206911,1603.5080969753558,42.72502507057456,0,NORMAL
4444,181114.2766168877,21.146245235098363,734.6252797107488,219.92391661454192,9,C2_BEACON
8080,20137.363224273417,6.49980184929252,6.982625565420071,64.86495376587881,5,C2_BEACON
25,10124751.323483406,360.5651026621262,205.61162463995112,30.99000793292863,1,NORMAL
22,197117.8740318209,105.47503372260897,35.48262262949094,46.137868649793006,7,C2_BEACON
3389,108954.99340714536,145.66305141827348,8.716137888551547,537.7021503645765,5,PORTSCAN
80,1104048.520674645,1504.3073250640095,12276.546360321365,86.08282025904344,2,NORMAL
80,8310479.912661583,1937.7626692610513,4980.68511186814,21.30808962433346,1,NORMAL
25,9360311.703723483,14801.441814033273,1952.8112212453286,95.2555817199292,1,NORMAL
53,2785264.521548618,1274.8738261899193,40317.5692606379,32.026196379927654,1,NORMAL
25,2643239.9918123465,667.37289180001,1136.1611221572941,2.0536460092639803,2,NORMAL
443,2646157.8293818124,1244.9176786357411,2817.287301308226,13.141789721677895,0,NORMAL
4444,400861.8015689114,8.284033602165337,57.54486669879654,498.74030103143457,7,BRUTE_FORCE
4444,157038.43062637807,48.833510116317555,284.0579177203471,19.503332370717974,9,BRUTE_FORCE
4444,151659.42637048103,235.20204654828993,4.733283211756484,131.08834928902243,10,PORTSCAN
4444,126609.03330396634,39.831132524209536,85.80727983304367,989.1284964764434,11,PORTSCAN
4444,283602.35800899257,61.9092026677322,0.28485081575608445,918.1085748062833,7,PORTSCAN
53,1681743.1412409148,382.777089550976,7364.107482835721,73.24728043477964,1,NORMAL
22,78908.508911745,122.68581126153714,1.6956279355390393,234.8899862248604,7,EXFILTRATION
22,152168.4344225783,493.27349405091843,150.50448921656073,94.9735804750346,11,BRUTE_FORCE
80,8983782.91640906,1157.3606003365278,1774.8208162897238,4.964988401948474,1,NORMAL
443,1062808.775797769,764.1543572811405,1184.440350832007,65.0464178439252,1,NORMAL
4444,153140.5928890706,14.884545135493827,14.405599518920157,994.002173982286,8,EXFILTRATION
8080,2227.3128381458782,1404.3762985402077,0.23037916289358523,596.6875717488931,6,EXFILTRATION
22,35124.965424237394,943.4362396104657,56.58415822302174,840.3734897043718,6,PORTSCAN
1337,96472.30843588001,2.668509438626829,27.682763802963162,607.8575666383641,9,PORTSCAN
80,7661285.359172686,337.9737969113375,2739.2288313263975,47.395707186686685,3,NORMAL
25,714792.2927547222,381.95222870259363,2301.5048438339745,59.45592989349804,2,NORMAL
25,8812308.717018398,1117.4342759693968,28789.80713834735,14.816823484441969,1,NORMAL
53,9881467.017064018,262.07878192860056,9841.500621805919,119.71134977142017,1,NORMAL
3389,88250.24531098014,636.6091232287696,52.809911635476055,82.96117047755462,6,PORTSCAN
80,10397555.710268239,1878.4675782681552,965.3286173489067,19.836692501597728,4,NORMAL
53,142981.73105807198,3989.6903049535504,22536.534578571787,28.208111015012015,1,NORMAL
4444,206673.88629233633,21.452540065900813,521.840753282869,1100.451479058321,10,C2_BEACON
110,11226278.229474224,451.8547735707897,1479.6120813005348,12.144888218533653,0,NORMAL
22,44549.32466809719,95.76550027396696,0.26518687816447384,482.1215399786626,15,BRUTE_FORCE
110,3238516.621463899,578.8335431125873,8712.500886903077,47.35159810647851,0,NORMAL
3389,316492.9234949335,421.60637214653565,69.23218633041684,326.30931434569374,12,BRUTE_FORCE
53,9231935.715261264,2674.989090675322,13824.286960162626,40.28941814023319,0,NORMAL
110,8154869.64255525,2913.9457521637432,6808.6022618592415,20.83924234065537,0,NORMAL
3389,45826.85237265668,38.039770921600194,4.5815848746907,169.56193513934622,7,EXFILTRATION
110,3854237.7314394326,621.5349584098186,507.00629699813675,21.455845630550183,2,NORMAL
110,1725928.659983607,640.3542066688916,1014.8231270548199,86.53948143838961,3,NORMAL
53,1603868.9443572098,607.1551627749224,2287.005524330003,79.82000742516172,2,NORMAL
443,5231244.2084947545,555.6349202148874,881.2938162202006,18.319370786950476,0,NORMAL
3389,48141.579644028614,123.58045577018095,52.61527040772579,460.34181208141,8,BRUTE_FORCE
8080,61097.84016151514,124.09401321337496,113.98695366381513,405.11398674490187,3,C2_BEACON
3389,49865.5769996218,1229.3960454132355,5.009865856479538,497.9101818229231,10,PORTSCAN
80,1178911.279696275,3259.3147306130613,384.26361195022463,126.60156454973648,1,NORMAL
80,1905665.3427178594,367.05277513177225,13712.130387884066,13.615750455912423,0,NORMAL
53,2280790.69928789,1502.6295288147637,54286.285463444976,30.699513553699838,0,NORMAL
25,7397320.236732035,637.018373925793,7645.453412630338,18.411087257749493,1,NORMAL
1337,174084.4252512299,437.5325358267232,1.7990034558631114,1271.0067153308323,6,EXFILTRATION
25,5579563.049089709,3169.269055785474,2008.879944100165,25.19008680328695,1,NORMAL
3389,55087.71169537624,190.17600109177778,627.7440732098153,31.644041290765944,5,PORTSCAN
22,60879.36547872662,241.60743022205082,49.19285824192086,183.47712504360084,5,BRUTE_FORCE
22,214249.75218101093,233.8197289019001,5.300515988113276,25.783593971955067,10,PORTSCAN
443,5907296.728405437,2692.7077092342984,2154.6716731520287,50.622583023321596,0,NORMAL
22,784474.6863856316,793.9380505906934,35.257458801303876,1168.054175147032,10,EXFILTRATION
4444,54382.43926040489,17.905637587915457,6.2777516987566235,39.353653420675016,6,EXFILTRATION
110,12139897.681780024,923.8081309679563,3672.354286338464,79.80490031916034,0,NORMAL
110,3497170.054126467,1508.405391399366,6228.725189393475,55.10309751874106,0,NORMAL
110,2562220.7200538637,2966.587748765591,1994.7460148242435,2.3375884302334926,2,NORMAL
4444,175364.1084331236,87.50677003098484,0.7984787089052331,1432.9127524404191,15,PORTSCAN
3389,1792.5703407215149,42.1888415194192,0.2144893031025515,643.0417810259013,5,BRUTE_FORCE
110,1419818.79470374,3905.292741413482,1411.1829759190318,27.67942806544158,1,NORMAL
25,2642596.0502546867,515.1917691362542,973.53009042686,15.397928375522158,0,NORMAL
22,106959.53156320634,2.1628846963649133,10.883986954279965,291.4284833893618,13,C2_BEACON
22,711269.186973755,2.0849896881973935,25.22510629535527,404.01926995971706,9,PORTSCAN
4444,344744.31797749834,15.87789843301191,1.9658308790501549,1733.3550648394314,13,PORTSCAN
8080,165629.33752369313,612.0488494368979,455.5941146369218,146.64395913762962,6,C2_BEACON
4444,162633.3510062035,106.77246275362717,46.55697037790156,142.74395406304492,6,PORTSCAN
25,1802269.9537258602,305.01231463682063,3169.3809546552657,71.72142138348813,2,NORMAL
4444,50940.10605280037,237.53638551813546,96.42590781287947,627.1343478981547,3,BRUTE_FORCE
25,6271110.699531276,2239.2078504001715,1742.943741865026,102.47334021733414,0,NORMAL
3389,196622.81701648684,14.250839068266698,59.826801807033874,2145.161499811466,3,BRUTE_FORCE
80,252781.84260048685,887.2355177805729,26427.416500201824,27.571401745750485,2,NORMAL
80,3372741.8377699475,5797.906794786186,1073.4813625699603,17.648218486217676,0,NORMAL
80,512250.04928223754,1493.7527176478925,975.160123815148,47.514377735672284,0,NORMAL
4444,9484.776811861475,36.89731064968056,6.201366725719558,31.06772032740015,4,BRUTE_FORCE
110,4210631.682170712,291.5332950714951,4550.113684608838,12.22054391590233,1,NORMAL
110,918500.106074339,2574.34130718613,1252.2080268223153,69.30573908307794,0,NORMAL
443,1450523.0354980323,4378.690397470776,3006.6563926890212,36.44622292718217,0,NORMAL
8080,61494.49209645372,22.73238730488587,153.79715716819976,16.430973023953545,8,EXFILTRATION
1337,34267.637656293846,82.7181073013703,3.288694788987445,1089.3694739739428,10,PORTSCAN
3389,97113.03197750906,14.269691306743793,6.331090518790141,169.75816159875933,8,C2_BEACON
443,2894699.5891431314,1215.232282784329,6809.108256897321,3.861812424288464,1,NORMAL
8080,46045.744820184285,40.08292928802408,33.29929112240035,485.79461688186336,9,PORTSCAN
443,10012216.439801866,1323.376595685794,6364.098508372212,23.897097397852633,1,NORMAL
4444,228837.28532699082,32.15964684683295,95.74668591168124,997.6739686292537,10,EXFILTRATION
3389,57888.38809118213,0.8065369773348923,0.90604275726937,1727.9731236266243,7,PORTSCAN
80,8846939.419221181,421.5512873937118,4946.139170719402,11.98514997442986,0,NORMAL
8080,142195.70758159782,6.0227173268159016,2106.193809327155,325.04912864210297,5,EXFILTRATION
1337,27803.058031752575,26.92757669326848,1155.4775967787682,135.42855946852035,8,BRUTE_FORCE
53,2667621.219056836,845.7965355130957,12402.759305822246,5.8768014907265425,2,NORMAL
25,462753.273299877,1486.9646919313168,638.2650458152369,32.31739583519437,0,NORMAL
22,215128.8524374428,11.631297739547174,20.440599027772087,35.57495752131189,6,EXFILTRATION
22,471136.8845556394,466.5135588118782,4.811635225741083,127.91290766452201,6,BRUTE_FORCE
4444,17938.334332783583,66.77522156999754,10.605128798206664,309.9798143080674,6,BRUTE_FORCE
80,1539661.4428601996,978.4830332743703,3015.178188050533,24.8883455935904,1,NORMAL
22,254874.49683487925,20.23739197908293,24.39974804494434,108.13621614557822,8,C2_BEACON
53,2714445.8623667485,883.5947928553278,2386.733329099777,24.740495844065304,1,NORMAL
22,5311.367343978708,129.5709141207962,47.209079194362495,1393.0408609582144,7,EXFILTRATION
110,4322720.857910576,3902.0435103347127,1086.5272539182881,124.21936344134987,1,NORMAL
25,7477535.105010255,1531.4421462350128,1436.7128244808948,36.281874653665554,2,NORMAL
25,2368066.5673454525,320.57520079807426,17057.76801569238,5.130769365129121,2,NORMAL
22,165923.68481453642,113.81218183775711,56.81554859221481,677.6608295330076,6,PORTSCAN
110,3755886.7605362027,290.6736983503516,1214.865458719889,7.297963882662558,2,NORMAL
4444,109659.64656955842,8.99755901470157,133.36843667024337,53.008493530399974,8,C2_BEACON
25,2251657.7001477904,3118.3401786785053,5217.361887360815,142.05857338119233,1,NORMAL
3389,186559.10742300734,10.042085313454649,228.47980794329135,364.25719282615046,7,EXFILTRATION
53,2177840.1088064513,1034.8750774839166,2309.3839962948296,16.07125711758705,1,NORMAL
3389,35184.83040661359,122.67331751001225,0.852610009910926,56.39744145562425,3,C2_BEACON
25,1363978.93255261,1086.6349101370345,11309.227430506731,15.848069998601133,1,NORMAL
1337,71295.97823244298,37.78324349969967,40.96337824806261,195.5191056522439,10,PORTSCAN
4444,129464.12138044255,2792.364265590219,1.9520094505318448,473.39973939179686,10,C2_BEACON
443,3046942.9625011175,7241.800342987885,5576.237144079887,40.69333619734004,3,NORMAL
80,12579388.563121466,623.1213360815678,10052.045866780078,28.524511088471804,1,NORMAL
1337,322013.1093824553,137.03554904266161,16.532107108034403,69.30430454909745,7,PORTSCAN
3389,87179.53973429181,16219.522649813809,35.90643541121653,749.5201691193915,3,EXFILTRATION
3389,512913.8613202503,27.14704173030963,57.052771295103994,92.59101203808834,2,C2_BEACON
25,4214007.935006194,2817.4789543651254,10225.437281274988,14.341097464878635,1,NORMAL
8080,440600.87260199286,10.531011245315101,0.9656097469487838,386.79939998227087,5,C2_BEACON
8080,104605.89916038234,638.0827080378464,1.8109629534224863,249.03554015443842,5,PORTSCAN
53,14130020.004597472,943.4391402655051,2486.0270483385034,45.12728748722296,1,NORMAL
443,5644593.109592983,462.06923449086923,1102.1607139040589,21.81322461606618,2,NORMAL
443,8387031.664297618,1737.870252745657,1338.2781911947513,113.45797912363838,0,NORMAL
53,725004.5038303667,675.4447990443708,12033.901697936803,0.774752737392621,0,NORMAL
25,2646075.941712026,508.55048008409057,4208.055263527638,10.982027971289948,2,NORMAL
80,3652848.3760756482,1220.7604807665066,2713.340903533725,25.33885888877853,1,NORMAL
110,5766958.701168254,8039.276796936751,650.3422682746008,172.5617704843952,1,NORMAL
1337,68989.31323953699,17.281043684646896,3.7608580513499232,142.235899830269,9,EXFILTRATION
443,10938147.602493148,1405.7208008566386,3210.3842861670037,15.067632595669512,0,NORMAL
4444,176102.9849389421,3.1154406582252907,2.4169141469578244,398.673362877978,8,PORTSCAN
443,582768.6391672407,8607.788383900479,2799.0092135161826,130.77733610272364,2,NORMAL
53,716555.586537885,3292.701960828631,5354.090802312654,6.343979120730858,0,NORMAL
25,2437657.315420447,5888.553809986499,707.661692187979,65.38730251021117,1,NORMAL
110,564841.3119340874,638.1204084352398,10612.240044279475,8.570702558651218,0,NORMAL
1337,211915.86022066197,993.7973176167011,21.13517444002663,860.5647569848063,3,EXFILTRATION
110,16068324.67643761,7469.671743660143,5657.723924856912,3.2549909894915587,1,NORMAL
53,22678195.01339773,1162.826452474205,4412.508604995283,50.5454654099695,1,NORMAL
4444,25715.673383252684,172.8601008579602,4.526493345038146,848.1483523664108,11,PORTSCAN
4444,47756.871917223216,167.1603737750269,3.854648615721492,197.95772550651793,7,PORTSCAN
53,14845849.090365855,388.1761156542105,12709.791847235823,1.108729573220678,1,NORMAL
1337,441392.60039793584,131.701670618339,384.7985086449458,893.6428060212535,5,PORTSCAN
8080,184697.78338514038,651.7899854905825,59.17515446552798,242.77576322717408,6,BRUTE_FORCE
4444,79937.1575339128,0.682976116198551,3.96554500968641,615.9090247806167,5,EXFILTRATION
4444,336598.21161285887,5.919349446565038,55.29566534745158,751.191236123707,9,BRUTE_FORCE
1337,196699.09757348528,0.8075455794828732,7.718069454643665,65.11108177613696,4,PORTSCAN
4444,419080.0154520949,1.75245551438156,46.60848765092494,1095.3419511317963,10,C2_BEACON
1337,12689.120153728514,223.27281564785022,3.2138509566775717,18.896051886192488,7,EXFILTRATION
110,3117969.560067363,511.76552004918597,3186.747708268413,4.11653609467861,2,NORMAL
22,13600.187531679429,134.77160236219098,314.3846659077638,439.7787583341737,4,EXFILTRATION
80,7395383.301091531,517.8004167918377,1864.8466050515399,90.16245620933236,0,NORMAL
3389,571858.9145820903,163.82481691074724,15.1011744717112,361.6685146685908,11,PORTSCAN
110,5043720.997085617,151.2847055963081,231.7411580097264,12.487397299344611,0,NORMAL
80,1578238.139132432,1434.7928884178136,1012.4925430226566,32.44326550419475,0,NORMAL
4444,58915.723362082485,13.71710219799183,3.863664450406105,444.4591988710075,9,EXFILTRATION
3389,577709.045423585,9.79287699587803,204.0647028588501,324.55000713235086,11,PORTSCAN
4444,109507.01660437605,112.22771706590588,275.39737143287005,45.931855027118075,3,PORTSCAN
8080,56001.43439640888,148.71672426327422,7.490108110176432,647.7398021330736,8,PORTSCAN
80,2978753.761993111,162.20170847103773,2726.8366253138047,195.12882296710413,1,NORMAL
4444,40344.398441980826,79.21953425570005,4.0060596182629356,1468.479601737939,9,C2_BEACON
22,244685.69668649626,4897.839838650618,14.751792270357889,477.4368341785811,4,C2_BEACON
1337,162607.57552855636,84.02271397856664,14.755558569656479,325.20247440065884,3,PORTSCAN
1337,3097.9056914018006,225.7053612588132,6.22921340783855,415.8633627312308,4,BRUTE_FORCE
8080,358370.22855135985,171.42616488563706,10.613077081926736,46.30200290528239,11,C2_BEACON
25,1069018.7086828235,697.3656310562991,844.2132920536216,35.846988389344475,1,NORMAL
110,2338561.5698859617,1426.0190898435394,935.6303118364089,125.40271295457741,1,NORMAL
53,15608609.452082453,304.4506567226769,2509.3283249482542,0.5503868640014689,1,NORMAL
443,598751.9120820736,171.78913386148736,2558.485595709904,27.68350260269999,0,NORMAL
4444,78465.7342581727,689.6203312530843,4.068349029213667,214.01553018263436,5,EXFILTRATION
1337,672907.0752009673,1.9621964427064538,0.4705401675012157,168.23604349476508,8,C2_BEACON
80,59249.043845854205,661.5283172986348,1610.0560856725365,15.03737475990693,2,NORMAL
1337,144834.7532205036,91.43865029743935,9.279605863361443,576.7320539101502,9,EXFILTRATION
1337,21998.385805004003,35.42297376026778,20.22136363102251,26.26698224512746,6,BRUTE_FORCE
80,4374906.909849152,433.4515532003496,26688.191887832887,58.605869272503,2,NORMAL
3389,138263.64743806742,148.00112224608264,34.63645023627182,1132.390155144662,12,PORTSCAN
25,2092253.993870864,287.51536257820425,1608.2103150297814,68.28631760908127,2,NORMAL
80,6779994.598574826,2715.779083282885,16009.422456776148,18.08157355056243,2,NORMAL
3389,97796.85508719007,1285.1985573974878,38.70917280545161,418.6635897094407,7,BRUTE_FORCE
3389,16687.249315241283,1035.4541227818497,38.420205597538846,10.06744573096268,9,C2_BEACON
80,3980691.6879343563,677.4142314298672,1271.6836885565858,28.4817547923746,1,NORMAL
4444,392707.5314483007,60.04779270176346,21.228750563298597,118.92290718166444,2,EXFILTRATION
53,2555422.22683205,1479.8144352922216,1807.771262119346,69.9385292817813,0,NORMAL
8080,98949.63114350822,3879.7574527329853,7.684760737247326,489.12736355193795,10,PORTSCAN
443,1365594.3639142604,1083.526166960582,11397.609619826097,78.53112767079315,1,NORMAL
1337,191612.5129735442,101.62351933571681,15.147841642017294,330.28115973616576,3,BRUTE_FORCE
443,2577009.4340727697,238.5140675289678,5588.539816365488,133.49598844202796,1,NORMAL
22,11064.490030595802,44.679054849354166,1645.670375715335,33.03317252260416,10,EXFILTRATION
80,2894321.310163358,360.29959684570224,4277.831411875871,43.316424936868145,0,NORMAL
22,402423.81988247705,72.81223368842859,6.933220972009215,1452.9051850398498,15,EXFILTRATION
53,2915670.8954102704,1535.4565545298965,489.75915550674387,97.65372460292122,0,NORMAL
8080,63249.03388654464,4011.3874613197604,1171.6113490724763,268.0899988186622,4,PORTSCAN
25,7410505.156158739,2515.3352462203056,741.4126400456465,2.0038054207688645,2,NORMAL
80,9289287.130413296,2169.6882704823493,8331.108302068033,31.844720621706244,0,NORMAL
80,1101302.9496847831,4893.053065818588,2397.8139769747563,43.16199065482496,0,NORMAL
110,1418192.407260406,247.6801748888949,1363.2916906843561,53.054463759648264,2,NORMAL
4444,128905.6457657208,53.227378880530544,36.307590966792446,682.0478233927092,13,EXFILTRATION
80,5824249.565554254,373.2528474046065,1807.5370227217022,183.57395360629357,0,NORMAL
22,566488.4969581334,52.58598811709294,67.4101960815406,503.775192116929,16,EXFILTRATION
8080,286452.02527392784,441.85618027761717,293.5068109086636,155.34670671831876,4,C2_BEACON
1337,50230.484605584046,398.7794599843609,4.105295377208271,571.3620353657182,9,EXFILTRATION
3389,26000.69873295779,597.9104727009467,8.361627232356078,58.64040687218991,7,BRUTE_FORCE
80,537075.7089104838,5207.761731273815,5598.049937016742,47.31624563415394,0,NORMAL
3389,215705.54024028126,85.48829001345533,1.0565826719708427,28.970032697713656,5,PORTSCAN
22,33659.805544983865,0.11939745091532686,17.562123362851466,30.851430631794585,9,PORTSCAN
4444,161820.44527958363,49.44845790408011,1.1428215033226918,106.14688376202878,13,EXFILTRATION
8080,278407.7811854962,77.1726325758965,272.6372833072363,22.580065067093777,7,C2_BEACON
443,2251020.5747250505,5417.540955431495,2381.559671258663,64.69861765363547,1,NORMAL
110,7280342.641932587,731.6513795992516,9194.247487279665,2.173748701451206,1,NORMAL
3389,437886.7208315019,60.842120619632475,22.699762441902376,783.3758203792004,6,C2_BEACON
8080,26840.281950434262,226.73403897232635,5.1342938984252875,862.1074988981886,9,BRUTE_FORCE
80,15555512.648309408,674.7358327784659,7650.904137882961,62.94145367140764,0,NORMAL
4444,8114.691663626942,13.111418127587198,71.77258165773713,383.3869575935566,6,PORTSCAN
80,2259729.8661834574,247.80088821615496,30724.669571801158,36.95236411953173,2,NORMAL
4444,49254.424496222404,1.8863084597512667,54.63078425467546,161.37017122208766,10,BRUTE_FORCE
80,6314748.713046646,1230.0930430698202,1970.968064143545,18.64303785007028,1,NORMAL
3389,145341.12624392644,175.21635393793463,0.29688205324453104,494.11377360069565,6,C2_BEACON
53,3097685.4189896514,1103.3777662692255,1247.9519569117224,5.561835234811163,0,NORMAL
80,894012.5268997047,1864.7218186785906,9424.840147913928,115.29952618197146,1,NORMAL
8080,70451.64162563998,83.40842145193918,8.518500097529598,1149.0924793415272,8,PORTSCAN
80,9937398.38116295,752.6327894284746,2928.0429774620666,63.12176603985408,1,NORMAL
3389,51409.02780058184,117.1491583080538,0.31633895198886686,61.04801279505611,9,EXFILTRATION
1337,88652.67732596565,17.070393278429535,19.045802214076083,52.30429052754348,11,EXFILTRATION
8080,401122.44891676435,12.926619589860808,1.0437813106888911,485.5094212665654,9,C2_BEACON
8080,286580.6847631698,145.38536525064225,48.65326969853732,71.31164502281253,9,BRUTE_FORCE
443,2671546.5828381083,1629.9745529761365,13882.357035089783,36.979077162956564,2,NORMAL
80,5157836.286777442,12690.221156465856,2542.1917060238898,9.255848508891198,0,NORMAL
110,521075.98897236004,370.19756746780735,11728.129828026016,3.0821532081746095,1,NORMAL
4444,23617.843657121462,65.92460066078668,28.032187124261853,1034.0967620219226,6,C2_BEACON
25,1483020.0400560254,5325.914808377213,7106.72244903542,84.98421974984,0,NORMAL
80,3749518.681013277,1539.1350683041185,2769.330163977738,27.172442609979967,2,NORMAL
22,122178.0540993743,69.73300458271773,4310.691301396386,153.28797762058625,13,PORTSCAN
4444,286805.8035861653,193.29125708215247,245.52670314274135,519.7426453285431,7,BRUTE_FORCE
53,1295999.5220950262,444.675872342321,1471.4328475068048,6.3432938860006445,3,NORMAL
4444,70562.44966986474,40.04373446573237,109.97292576614959,48.38051324273434,12,C2_BEACON
1337,131361.9009125323,171.63966085178808,37.42751777330694,147.64539036406987,9,PORTSCAN
8080,10350.827909816382,93.82348435102823,10.077766436196155,796.8312339447978,11,C2_BEACON
25,3152563.7222570446,742.1795994980226,1882.5846823000875,37.349415023854625,1,NORMAL
8080,785979.255156619,54.788905887751234,1.4126080258221796,155.55228910859086,5,EXFILTRATION
22,658283.9221671135,3.5894843270665167,5.439176622019659,418.49526923177416,11,EXFILTRATION
53,7566569.5014528455,703.728881017758,3372.3904080229945,10.064746669048526,1,NORMAL
8080,168356.14561014855,69.28623223056329,1826.78448636026,311.6597140083623,7,EXFILTRATION
80,20222797.494572878,2437.1063030043056,18821.538813092313,0.14922901070977976,1,NORMAL
25,2891336.5377349844,5269.172387271417,3259.3660957980846,16.335846003744745,0,NORMAL
1337,484332.369537003,0.8275475951183836,75.60994519112272,891.2529681069229,6,C2_BEACON
4444,366409.92934513063,34.30235223218619,9.171941935650349,498.0297061296698,9,EXFILTRATION
22,14385.254661037803,0.8133440286375335,69.3496855433369,66.55648974468097,11,EXFILTRATION
3389,67260.56396380981,60.177243375424204,33.723347657233305,192.86963747006178,18,C2_BEACON
3389,52082.24628573216,127.90266133086165,628.1946332747348,378.9330765600375,7,C2_BEACON
1337,276072.1021282259,238.29559890886458,83.00371509171583,248.51074730540134,6,C2_BEACON
110,630434.1760005751,358.90549758045336,1782.330961728181,22.925701855672145,1,NORMAL
22,90954.3942723504,94.50847847406006,9.408624702258349,85.86999332813122,9,BRUTE_FORCE
8080,116872.6927348597,154.70231334350626,27.11302624837748,611.4983272978935,9,C2_BEACON
110,9812844.84628754,1364.2208659008015,1938.9979933759305,9.408200821775651,1,NORMAL
443,1351988.189223256,101.59597916836783,8657.110768880508,17.191491662360256,0,NORMAL
22,30469.627443036006,0.5123887633141535,31.028575675315015,407.1325283461428,6,PORTSCAN
22,77656.32719014207,40.33027398239526,2.9582221249834832,391.8162259803886,6,EXFILTRATION
53,2214597.947241836,56.07521018638203,544.3605659663206,4.758396315649342,0,NORMAL
25,12141794.385659173,3364.169857066419,25329.814610289053,14.599453882406912,1,NORMAL
80,598652.7170030216,1864.5995372252385,2021.5526754539153,45.49156842530202,0,NORMAL
8080,311493.4712724339,84.16779531374361,27.113624140368078,194.23616576174672,4,EXFILTRATION
3389,79001.24635814434,21.630526898452025,22.69862766948527,278.9759791456019,7,BRUTE_FORCE
1337,694372.870860637,5.164954093047451,1.650347505213278,1846.4566506094968,9,C2_BEACON
110,3773082.026134185,609.0994049830445,614.0744952371585,84.46454133067802,0,NORMAL
25,5880257.06251804,2616.4468668583854,561.9906389330615,36.86064363449983,1,NORMAL
110,6903723.11883699,1748.379428186293,2911.38180577355,14.70518733194611,0,NORMAL
80,822857.6022456811,146.90459249691355,1220.368278324176,20.483403059827648,2,NORMAL
53,10092753.990544569,638.2313945919291,24168.666026676477,193.32716188009587,3,NORMAL
110,3861976.547952298,2614.42204900104,1783.9743605337446,35.53332026440595,2,NORMAL
8080,154704.659413116,26.25031028220822,4.095634815958398,932.9970322856593,7,BRUTE_FORCE
22,246003.240683078,58.840932040373765,11.186755955396428,831.9905594567115,1,BRUTE_FORCE
8080,366809.0911790235,455.1898509461925,9.864762036925377,69.12014911340451,7,EXFILTRATION
443,4905367.1165813925,2396.9264156685167,1706.3167563392162,4.768850765365451,1,NORMAL
22,492821.4728261737,87.98563132740063,35.49838528406563,64.96798473272065,3,C2_BEACON
22,603444.4259535641,4376.245057505629,83.1813996576211,44.320814869005176,4,C2_BEACON
110,5428251.993587032,1687.510579617637,653.3633373888681,116.76761870520546,2,NORMAL
53,1957038.5342855833,585.7963175415389,1670.1006508723156,21.943315874648675,0,NORMAL
22,108883.1153451293,140.847238917818,87.64408499589157,611.5439659720507,4,C2_BEACON
443,4468635.125986725,1836.6887172520276,1003.3933220278399,67.57252897906848,2,NORMAL
53,9709610.164780501,6960.733890248433,5692.186910666955,5.057676741364974,0,NORMAL
3389,283818.71088623983,41.509755878141085,28.284770124562755,199.84281486521806,7,PORTSCAN
1337,133348.53633871258,131.43586036663967,4.712839689740402,171.05046001823868,11,C2_BEACON
1337,172380.3177449361,58.3021532046953,68.70619522540117,10.078127560276105,11,BRUTE_FORCE
110,4044889.6447186205,2060.853720987747,6684.617346191682,96.39105740557719,0,NORMAL
1337,451048.958373486,942.9648070255392,15.542461684976361,27.861221046920953,6,EXFILTRATION
8080,81682.86024632717,31.239434202209893,45.06166027659242,500.0321223545816,7,BRUTE_FORCE
4444,340041.8521113495,58.45336795310071,2.440219617729506,950.5485242185188,4,BRUTE_FORCE
80,2368841.350954555,3310.972400470514,443.24713510556774,18.24880905969027,2,NORMAL
8080,112715.01212940698,148.55096748109133,1252.6022168384523,299.96393756923055,4,EXFILTRATION
80,16395525.88329341,320.68962298407007,8984.805164963636,41.8100995346435,0,NORMAL
8080,91415.40998460518,1025.2292913927754,40.16290643860845,569.5365808049552,8,BRUTE_FORCE
25,7908730.110711855,396.13144919375947,14770.190515121732,78.51600281972935,1,NORMAL
80,8369184.111100193,476.1479650782744,1179.4880087550594,2.118235386949145,0,NORMAL
4444,423460.26664916676,271.1983714565982,5.879977183623542,615.6569283527366,3,EXFILTRATION
25,5842117.139979907,403.3196715759305,4341.112361733125,66.38521525857685,1,NORMAL
443,1817497.4110589153,1793.6430501183295,4747.764013025508,31.225222967991996,1,NORMAL
1337,12718.731688965538,35.448775161598604,13.976519713275962,40.78351698071354,7,EXFILTRATION
80,2130576.4427688485,363.29868744718215,789.4844015653616,0.9595181397266694,0,NORMAL
8080,430416.3241790254,24.34825539361572,9.542779717223867,1338.6114729919884,13,PORTSCAN
25,2216923.1298440145,664.968042701614,1554.2738706150117,75.27421967256839,1,NORMAL
3389,148398.27019975072,1.7218169027960697,53.71312769575497,196.58924472202784,7,PORTSCAN
80,5988577.512073969,10269.884711054894,3593.243175687116,7.698389151073738,0,NORMAL
25,1207586.727485776,2578.3473808982562,2042.7403721119185,2.8158171341093055,1,NORMAL
443,1174858.1018831248,3682.7959202654342,4411.257838401855,6.787694832979772,0,NORMAL
53,266825.07950770727,843.6742248909457,10736.753194844274,5.636775896705732,0,NORMAL
110,12114834.675295005,218.1646684931693,2189.044003216834,77.6357258483798,0,NORMAL
4444,84910.80132490575,69.7501487038845,6.848899408581212,1181.9663025416612,10,BRUTE_FORCE
3389,398704.35231936607,1016.7770896550586,52.83939426066775,393.56602006068215,5,EXFILTRATION
80,1444274.4656237739,1116.6040416437017,5361.938323757427,30.311433531632392,2,NORMAL
1337,56067.64603543195,21.37182688136954,13.320838750998345,458.56083299151436,11,C2_BEACON
443,7001400.752795063,7839.39516077642,6550.780240567538,44.12791224182528,3,NORMAL
443,4947084.7375645125,404.53369849173,6020.8009658954325,71.19221390536762,3,NORMAL
25,3027215.3610250102,2494.6943169319616,4096.093898756718,5.520008088655081,1,NORMAL
80,2811846.7834903514,2141.1218727808273,11666.428438696114,4.137769580560248,4,NORMAL
443,2227867.603005749,1022.6454547319155,953.8245141747782,66.49275361261844,0,NORMAL
3389,195304.72495949693,13.994298624767579,2757.7716617224396,170.66713073714087,10,BRUTE_FORCE
22,393149.5824780091,526.5251367439615,756.5766421132605,764.5693981986309,8,BRUTE_FORCE
4444,149733.6565635182,169.09685640805225,4.2568708720193325,1887.6585507058062,13,C2_BEACON
80,1529579.7150306979,2392.757441727417,5258.201239951884,168.90092440590422,2,NORMAL
80,5129195.595190131,158.38612530296305,2519.008186740123,39.62945587419776,0,NORMAL
80,3931373.374422168,1335.8370956793756,5243.191995400417,11.327253779116793,2,NORMAL
25,3303381.414942359,636.8789271403436,932.9806326562874,78.63868159958702,0,NORMAL
443,4039084.705575753,1205.9559914328263,10995.837835722854,11.507757589655892,4,NORMAL
443,5923002.556813514,1635.9787906750566,12758.685709602732,81.239286131717,0,NORMAL
8080,14554.925645554313,70.12033962068077,74.88436146431395,402.09355441984036,10,BRUTE_FORCE
80,1686175.885613864,3315.809786562598,2034.861708319894,123.53752780985769,2,NORMAL
53,6085909.424118017,601.5401990897598,5298.744107344768,48.79135431599499,0,NORMAL
22,184613.26445570056,36.73119174489124,221.1424990368493,1038.6990353867845,11,PORTSCAN
25,466115.338621994,3124.2656246080123,7983.72654617044,73.54454238113443,1,NORMAL
80,2922852.8447804297,1062.8811712187528,3518.645162029754,24.920320807593953,2,NORMAL
8080,123606.89842264717,9.396085002375562,1.2749908465059685,370.6902664881461,8,EXFILTRATION
53,11273032.136016857,3724.589013692174,18257.73274870535,22.09883720246199,2,NORMAL
53,5176160.301193583,997.9740587818081,699.3623910147643,115.59869931642457,1,NORMAL
110,137404.0733015261,975.3808352849073,3645.386228974341,52.65218612133017,0,NORMAL
443,2497135.820407972,395.88748533210764,13664.673263072713,14.06062989087902,3,NORMAL
22,295994.530381537,431.7394959107197,0.9219337264444996,310.08176321618856,9,BRUTE_FORCE
53,6658151.420830952,5683.6843367631045,1806.81010714745,27.39426324240951,3,NORMAL
3389,166357.29090603066,19.501896677900707,88.77663420382942,261.46372436869234,7,PORTSCAN
80,6781152.938586439,841.2888011555658,583.4498362558868,79.83815888538061,2,NORMAL
53,8648361.050912512,5462.588048991514,26864.030887585162,12.331343599508669,2,NORMAL
110,5223937.935496715,332.9942743900498,1529.3567737769417,123.31400487094083,1,NORMAL
1337,146974.22051746064,70.42744036250035,298.12179417726077,481.14122694882843,5,C2_BEACON
8080,310147.5092730596,589.5617910372425,38.68669227771578,211.84829756570883,10,PORTSCAN
1337,207520.04037665078,259.82907294762725,154.77693336195406,561.2505698597523,11,PORTSCAN
25,240515.21909374485,668.3318970348846,12921.308071399646,148.83716220658533,0,NORMAL
110,2902974.0777011365,1341.299982304546,7405.208354747471,11.958139785073648,0,NORMAL
443,6121866.000096772,2048.407258447549,4144.000004362062,5.718341735627417,1,NORMAL
110,2542136.045849868,1671.305362561554,8911.722080660333,30.553518452324607,2,NORMAL
3389,74538.79170888253,5.725300270029028,7.541124353870383,906.0897781984653,12,C2_BEACON
1337,125270.57889504304,3.404359813277574,198.9498155118251,186.30591598091326,7,PORTSCAN
443,3414286.0876487056,1051.1794561885933,3691.867448737295,69.91451608557226,1,NORMAL
8080,63400.771650057206,621.4742337078337,0.23181259449856764,390.49142102496324,5,PORTSCAN
53,1436705.181251889,289.2587334284604,564.1139013648847,10.832843248753353,1,NORMAL
53,4246843.848553108,2176.8984045654224,3153.455932858257,84.1265142077154,1,NORMAL
80,424924.7817263856,6210.781139789189,368.6630433274085,23.519497744213698,3,NORMAL
4444,169768.1684267541,2612.816247364561,459.21630282858723,131.39173214398778,8,BRUTE_FORCE
53,16292078.122504406,47.53590564330644,3499.9805449105697,36.36215834616537,1,NORMAL
4444,20847.90366175193,2022.4570591557422,377.1235462290167,204.15501855161946,9,PORTSCAN
53,4488491.722040794,672.2200656137169,3809.235762712919,78.64016791833073,1,NORMAL
4444,28526.822050058483,147.90351564747107,5.715559893357366,1587.5716111770566,7,EXFILTRATION
22,44650.86421040168,39.710620884481536,144.74759260597614,506.16189901244155,14,BRUTE_FORCE
80,4511097.660040163,529.8246354456862,5357.34698566907,15.460976800077791,2,NORMAL
443,1510030.0773436506,519.3462176277001,1115.72206478381,116.74710651256662,0,NORMAL
8080,354770.7768365939,2.264230969989079,13.752523783493126,379.4719609342619,9,EXFILTRATION
53,1174489.3129222686,4599.181394014495,25085.478837952178,73.28789855196098,2,NORMAL
110,5450609.29574356,987.9593474166528,3672.794936810587,19.410972376355986,0,NORMAL
110,9967773.49242374,946.5343383013097,4531.529150593676,30.177560125902314,0,NORMAL
22,287487.25759703293,608.853455850312,94.14638160929559,118.35972594112549,9,BRUTE_FORCE
110,2688532.274263409,1358.4654312605342,7400.337875874495,35.42424859840243,0,NORMAL
25,12221086.720848968,1014.0111205165548,2495.321484818519,23.74946621695717,0,NORMAL
8080,9605.697867874756,189.3355588069873,2.5247109862481807,139.91684065297636,10,PORTSCAN
110,4705642.78237165,1391.5469293705264,7922.345196411569,74.44080908030946,0,NORMAL
80,1902414.765694937,1587.5156881296177,4102.93689528385,168.4078409727986,0,NORMAL
25,545698.999879378,1009.7787042128533,568.8018801385668,24.15275486391519,0,NORMAL
1337,555350.4194924108,117.24196211159921,15.427125228006066,2874.05579268027,6,BRUTE_FORCE
22,401413.72534482705,3.5798892065802836,134.18685208670152,967.0348768188848,4,BRUTE_FORCE
1337,212444.92678561865,4.868815741727666,243.48961481059493,709.9368311841025,9,C2_BEACON
443,1041635.3381371854,594.9009099606614,3551.74779231451,51.5034514500306,0,NORMAL
8080,47896.66121940109,58.607031752658216,1.6145043631770393,328.4729185033914,9,BRUTE_FORCE
25,2800844.72880938,2606.2681542110263,1650.8854595501714,46.76435913824944,1,NORMAL
1337,39810.93933221504,16.587884784643958,61.52626017285881,239.41140841410115,8,EXFILTRATION
3389,326151.9759892856,5.356579686980262,29.949017542719186,202.30835433829168,7,BRUTE_FORCE
110,4401909.007051201,3949.6545490092003,61846.60602326734,23.641127399415687,0,NORMAL
110,3627792.7864428437,1535.484779710055,2335.6420647647383,57.449418152252704,2,NORMAL
3389,348226.6951089902,64.65073974488173,32.3006981823127,190.34879366185106,6,BRUTE_FORCE
8080,191702.9351555468,6.394972013223398,11.219143917463777,324.4379783578886,6,BRUTE_FORCE
110,7211473.5598212965,440.2405311730502,4510.2299740166245,1.3848303555437846,0,NORMAL
53,5771552.624718473,1473.2479884659251,7242.423368912294,13.16268913435385,0,NORMAL
22,76494.18771181552,3.8943592817048227,6.958896866249849,1467.3070216021051,10,EXFILTRATION
4444,244431.62468699677,42.18486667680347,4.833340534608789,369.81899778562155,4,BRUTE_FORCE
8080,70228.21816785957,44.654318215960004,95.54779752549597,658.9414359327353,10,C2_BEACON
80,10261150.041501146,172.75767458294666,188.79341437149643,82.18716956117436,0,NORMAL
53,1560852.265176102,1863.7934685987775,25840.18067845899,48.496404967432845,0,NORMAL
3389,86770.1579825441,1197.1004989339642,2.558439517923592,70.23534910592736,9,PORTSCAN
22,17640.464653813367,10.552646735411201,72.33109983829745,508.1949725722551,13,PORTSCAN
53,976923.557345859,1397.513940979709,2190.5751980232612,9.749141849664497,1,NORMAL
80,4301432.663903004,990.8787446434146,3661.0045546593697,6.8683404897566085,2,NORMAL
22,81164.53283723902,27.943131216115034,46.30377038891069,562.4256630015824,7,PORTSCAN
1337,151565.83158351335,13.722704386847523,75.79859674138797,9.751602602912415,4,C2_BEACON
110,1093782.5199885215,647.8175738552983,3390.130711985263,51.34540530147264,2,NORMAL
25,111135.07428000828,717.2337753547347,6173.838230736886,18.625315930522817,0,NORMAL
22,178921.09434614156,100.59312169574027,61.50278866286133,102.50543880902089,12,PORTSCAN
3389,9886.219973898744,1460.2640296787895,536.4866489226632,832.2504368645383,9,PORTSCAN
3389,61913.40410133217,830.6013458025958,147.74761307207837,1206.4703665753439,6,EXFILTRATION
110,5240244.491350256,176.19549033429098,1938.653554305638,83.88173456209557,1,NORMAL
8080,129799.45496196786,2.0219963234185268,219.09159806926624,36.99412178525164,6,C2_BEACON
4444,90967.08736470225,700.7389309210671,5.422134762936174,372.67128627067586,10,BRUTE_FORCE
53,329601.6770357838,163.0021482080844,4811.699904156617,138.85792282072148,2,NORMAL
8080,13197.102681982306,100.50698889201274,17.00999258045436,844.4189236615238,13,BRUTE_FORCE
8080,87592.70409385824,428.21627227611924,4307.511468015285,80.8835548899423,2,C2_BEACON
53,3656819.599311364,7599.677002350834,452.9202290217497,27.41958693712135,2,NORMAL
1337,51525.747353884675,325.3371275071148,148.43751967210733,213.35480794333338,7,BRUTE_FORCE
53,4182849.2838827497,1546.2648618092576,2071.6218187244485,36.643553167461796,0,NORMAL
25,26816.728771513794,692.4656299142154,4051.89966328056,23.44534420722299,2,NORMAL
8080,288.6582057101177,115.44061004920177,100.04877567649575,379.3530791881025,8,PORTSCAN
80,728117.4616908806,921.2514021707697,1186.7711226290555,30.463845856658935,2,NORMAL
110,9867608.311476016,262.1224253008846,3527.5261992408114,27.431502967912145,0,NORMAL
443,20703868.727959163,132.3310054658589,1113.1991314014538,33.65609559758453,1,NORMAL
110,4524464.691297593,812.3012047351201,240.36895228088963,53.48277594262879,0,NORMAL
25,30482767.7430358,445.6578649207645,1355.5296198007793,11.179017575413985,2,NORMAL
22,41179.45824866766,28.956303785830677,14.707705957588212,1033.493463741863,8,EXFILTRATION
110,4096025.7788272165,1890.5528424222678,8759.4945932143,62.56911464129704,1,NORMAL
53,16399146.095238784,5551.77928794954,5669.09550814066,4.695827321128948,2,NORMAL
3389,135880.9080704707,5.2188125201033415,149.07407982361494,848.2567181815654,7,C2_BEACON
110,6252881.75888835,1940.0830997830312,4207.670357320364,18.47906951815786,1,NORMAL
80,4037836.2007506853,992.1032963146594,1578.1161262285734,31.888034853562186,2,NORMAL
25,3807722.1126473877,2675.3636114186097,731.5788184696579,83.23734931873096,0,NORMAL
1337,66707.9584719264,37.13057685399804,19.24851028077401,35.836944082208795,4,PORTSCAN
53,464817.6449809847,254.60098751065323,5321.528931648011,91.75582698089256,0,NORMAL
80,5661723.0161051145,1352.9035072804652,45657.00310782542,46.49415121729219,0,NORMAL
22,5711.672276965717,585.3126510512633,222.47410525328584,154.02101936070324,7,C2_BEACON
80,4655712.567820531,313.1236879669938,1398.9339636979896,28.42679108454171,1,NORMAL
22,331454.9899184526,540.5934136624255,21.28751614885428,30.610609804117733,7,PORTSCAN
25,6569879.462315672,546.009170878071,10254.58609687184,10.908960037488143,0,NORMAL
8080,19105.114062396846,617.6158778501897,80.29725432971726,227.77525258970334,12,BRUTE_FORCE
25,1212071.7671570603,4088.8025034275643,9854.328810483335,17.359456217902807,1,NORMAL
3389,340543.7408384945,8.450222167766343,91.8944722640683,237.54820244684964,7,EXFILTRATION
8080,154564.26783354976,30.471293157592438,2.247548402454275,1279.054216155771,8,BRUTE_FORCE
80,10785650.325194625,669.8687013528994,1066.5641130230601,12.122581500227842,0,NORMAL
25,2244468.7599057746,960.4442345575309,4302.026324328531,64.49502260458738,0,NORMAL
8080,117220.03795016003,7.759972787309483,3.056156972851674,508.88630917079524,11,PORTSCAN
22,174981.90612789802,577.8815906980951,1.905078015627127,70.0159632993163,4,C2_BEACON
3389,133669.1941837719,21.51271429191356,73.24229917310241,191.0702708806707,6,EXFILTRATION
4444,30638.34621788038,70.58557406192577,1.3267399200455665,1639.9485680681362,8,EXFILTRATION
8080,230241.32578104397,54.49539861443947,2.9798535521351086,153.5787279581858,12,PORTSCAN
3389,153586.46594439432,72.26870219847979,9.179774624412325,683.5634922677092,5,PORTSCAN
25,4123055.076990261,6550.128616901429,4701.007223906479,46.67284080713579,1,NORMAL
53,12197800.63549285,4843.909246570456,5077.993117216636,109.27569268114618,0,NORMAL
3389,23586.016712538974,37.212987476284916,71.70850735777323,775.5155941221154,7,C2_BEACON
8080,23200.784092314312,10391.690765495083,93.05624788997024,312.6013896019624,4,C2_BEACON
110,110444.4250936431,255.13348688735533,3808.4769837135814,78.21768476259857,1,NORMAL
8080,45599.38930922158,436.1711071743454,0.9351285826906529,810.8470395744532,5,PORTSCAN
80,1393149.0422755515,457.5109093412181,6341.702159520761,85.91306927265798,2,NORMAL
1337,69783.79127904584,36.65880279730165,1008.8075188629373,1064.3165928727976,7,BRUTE_FORCE
53,10113495.32637616,2024.8796479456119,8870.763726089866,34.513330697102504,1,NORMAL
4444,649103.7734037599,563.6242083989752,95.55514258265052,57.00024296130287,6,PORTSCAN
80,8741555.120494632,6405.509802051307,4244.979037829724,126.71015773728193,0,NORMAL
443,1753635.4626184048,3316.6496946726747,5824.791758924214,3.030221963821374,2,NORMAL
80,8123059.321896786,1628.4333248253486,51501.15635736356,80.41847203769258,1,NORMAL
53,596153.6932293031,1824.9271066221618,22327.156668304884,13.711432084733943,0,NORMAL
4444,146419.15896131052,39.83972291160288,5.831043536099551,375.12687535534684,9,PORTSCAN
80,262523.85343511717,9057.028219161992,4063.6760811542686,27.655281090947405,0,NORMAL
1337,73675.08358551309,35.17823255950662,15.13744349185117,856.2808257743576,6,EXFILTRATION
3389,485965.0478095618,195.5213861517931,49.480510172472556,52.17004996015684,10,C2_BEACON
110,5353006.354642002,5761.019268981121,2018.0444637322942,26.767743791066028,1,NORMAL
80,3298698.512083986,1980.4721033948395,12808.455736511762,63.63036492772365,1,NORMAL
110,6293635.731467112,1342.1109788974195,1043.4298837237045,46.79575479737713,3,NORMAL
1337,93258.85895450132,44.748052886687525,1.314802947208129,651.9930222931856,9,EXFILTRATION
8080,237331.14946075098,12.803893331049036,5.067863039072596,101.26853231172716,8,PORTSCAN
443,12014705.925810723,215.91368927050047,1473.8522301020946,11.733150021150951,0,NORMAL
53,4588142.734328713,171.0076875243478,507.8904377077627,47.57082419465846,1,NORMAL
8080,20501.134471214395,725.1171034972647,35.5791443189415,7.469250728398377,8,PORTSCAN
1337,156319.6396436649,1977.6037631937754,673.4940494809966,190.55356846003278,8,EXFILTRATION
4444,105964.86188328067,172.59090257464,122.6641604872311,910.5748392924029,11,EXFILTRATION
80,1320339.3299944839,397.19153503467766,3131.963553842242,29.669298919290366,0,NORMAL
25,960556.5292785413,885.4301159329618,1979.347521475712,1.1085193305945178,1,NORMAL
8080,3265.3469465825133,21.977341405810574,7.458884764457764,474.95713933261646,9,EXFILTRATION
80,9806513.329216212,3404.7486137630217,1761.4794549960752,1.9474788351418952,1,NORMAL
25,1661078.0683309718,139.5739510672037,1347.453986432803,122.67042065345812,0,NORMAL
25,14325337.021425268,1012.9517375052319,8286.790681651604,87.56260832203616,2,NORMAL
1337,222763.22759508342,95.10305229648608,12.09984778900584,973.216612829506,6,BRUTE_FORCE
110,898776.4966129975,2093.8168751190146,22150.71158989215,44.53898446866224,1,NORMAL
3389,38438.8745571119,22.6753908334292,9.43034478053775,250.2137445499495,7,C2_BEACON
22,259091.84546998213,54.875329322608415,151.41336413256104,173.6674492059217,5,C2_BEACON
4444,197608.50639862698,170.99090292285703,19.978843175970717,163.68980921843917,12,C2_BEACON
4444,83446.34411138935,4.961795791908833,228.6068677256736,183.86916080799844,6,C2_BEACON
25,15073693.979444273,294.85160670084804,3160.419387293046,14.01959652435776,0,NORMAL
53,2729071.9077220587,808.6224867005282,956.319943483312,54.19141944867083,6,NORMAL
110,10433536.366477672,612.7387521571045,8048.081440882257,54.82556760514067,2,NORMAL
443,1995480.5127140994,1171.3258702340763,6003.427883311693,28.12037364824047,1,NORMAL
8080,59469.156149773036,78.58591183751426,7.0887384404259715,81.18745490918054,9,PORTSCAN
8080,2843.8499110460934,11.465038195251948,467.74694921006983,93.46982489339679,8,PORTSCAN
80,8787477.040994843,2465.7715619468154,3588.8182602843544,61.985037806556505,0,NORMAL
3389,53942.49929779889,13.22572460821362,13.505876556635922,1877.2425641149619,4,EXFILTRATION
25,2926309.0648417496,5917.691804946066,4896.87072852056,12.262632227740324,1,NORMAL
53,470876.8043237807,1282.8289252586553,7410.23416500856,398.7883716520959,1,NORMAL
3389,411219.78256981116,203.03775076293422,7.292077018016766,527.8768664083484,10,C2_BEACON
3389,354331.4858158462,15.812599935881552,7.086446524362912,127.56658299360008,6,EXFILTRATION
443,1431594.337931888,1365.2209498443276,27969.581598952438,24.269714013561273,1,NORMAL
443,9041850.346675424,5867.597297105288,3546.5074785089855,48.260190717796924,1,NORMAL
8080,75790.04434644394,232.1819714350644,0.44348459718591093,795.1363331725014,11,C2_BEACON
25,551755.3877433996,1525.1118961411346,7690.019125505337,77.41321619609955,3,NORMAL
1337,83940.54077050848,551.3039290340646,565.753720347862,236.73222752195053,8,PORTSCAN
110,6820085.839542852,869.6853620098414,488.28430981349317,1.1938763286516008,3,NORMAL
25,30327.002961936712,5647.456397276042,14188.851536565404,22.044937235551483,0,NORMAL
4444,15821.70054262038,4.919895167251939,3.707107410159922,112.96579343339292,11,EXFILTRATION
3389,12131.927499027199,3.1090667715305416,168.67511309825318,144.84392799049886,9,PORTSCAN
25,1866289.122323049,4985.458906944485,12603.12953816806,10.658687490490722,0,NORMAL
1337,74918.71842535623,386.4933225157065,2.3474563244356292,167.88649106822368,14,C2_BEACON
443,3601918.726812375,1148.4995194008168,7726.159234268322,15.019769191505555,2,NORMAL
53,9988985.809830008,924.0292206068711,1659.1679659501942,48.84844228809301,1,NORMAL
8080,68823.83211483502,445.19898073201443,2.6198828768287017,1672.234733782483,10,PORTSCAN
110,624845.9024631622,577.4282602341009,2620.666131382841,28.669926959072022,0,NORMAL
22,82864.85149642502,673.8724641205508,142.52228680317006,68.89043745413504,8,BRUTE_FORCE
110,1137859.6725190913,652.8595373342433,6217.677059058029,64.86641893127164,0,NORMAL
53,1610999.6202856505,506.3186778199494,4878.573545091488,70.90452598916089,2,NORMAL
1337,335576.7266101591,119.54599657798455,143.6693656405499,21.015994205218227,4,EXFILTRATION
443,2989405.3679777286,653.1886228161816,6312.8809170020295,31.392034653822222,1,NORMAL
53,3222641.087287356,1019.3217131730212,1180.1788143286062,161.68968710709402,0,NORMAL
25,1221927.0781244994,1196.5587312715875,4631.325939262444,107.7790696877854,0,NORMAL
53,9954647.641652644,1061.5856484751346,1408.4238969143012,22.243809884932986,0,NORMAL
110,4841011.204494487,2092.531123366142,1919.026101713826,114.11478772865729,1,NORMAL
4444,232063.37924688435,16.87750316368838,63.38047202035587,199.45689855777263,10,EXFILTRATION
22,72708.87811564338,36.144030734194416,393.64366795440895,138.17990235232244,8,PORTSCAN
110,4882587.02481846,442.08292981210786,1814.8579686122484,145.74566746076286,2,NORMAL
4444,80247.83453421581,744.6155849383892,688.3253104650685,898.6333969811262,7,C2_BEACON
53,412831.47943068785,149.733919817362,1955.07522099064,87.57907619359693,0,NORMAL
25,2647870.894037749,7527.256071547355,11486.354833493377,75.36140430060203,1,NORMAL
53,9095901.462861123,214.63359710262154,2702.4552449405896,53.0233728189885,3,NORMAL
110,5429050.831975156,356.3095598144571,1070.7753146862042,77.13351436381947,1,NORMAL
110,2068672.1426098293,1687.5329660803511,900.266347139798,6.308835917689164,0,NORMAL
1337,322352.2430565473,418.279135297033,295.70689699785584,354.48699068697067,8,C2_BEACON
22,263946.96775715,45.78751722542905,15.372222592079217,614.9235879087491,11,EXFILTRATION
4444,70235.62927753387,241.65541248307036,22.43122062212069,690.0398439078856,9,PORTSCAN
443,3433275.7772182478,482.833338319185,16320.885711224542,51.03233890117379,1,NORMAL
110,4777079.176162458,2757.1046769615136,2006.0777323717725,90.49918505276658,0,NORMAL
1337,167130.70924964847,19.556706019688296,111.81272999122723,654.8122700536047,11,C2_BEACON
3389,287057.22559048084,373.73524304906135,0.05005131818815458,79.29411981841386,8,BRUTE_FORCE
110,7151425.7796723945,124.51811695294533,2032.6278837946286,23.560728387348178,2,NORMAL
53,7780448.00500484,2781.894314685595,294.0929155845209,55.874827994423285,1,NORMAL
8080,181782.3038685295,16.07670490157648,10.761017945892853,1203.8745827863709,8,PORTSCAN
8080,75918.19856958953,20.329352920597728,0.9348199286647777,203.01818721688215,9,BRUTE_FORCE
3389,77620.92541427544,88.55082600983546,120.5069952413794,78.5524904579954,10,EXFILTRATION
8080,286462.18115347286,35.604956154875254,17.258499147773712,754.5856768963272,12,EXFILTRATION
443,946044.2719912357,3949.0828992113857,1844.9598222614193,9.967707967876137,0,NORMAL
80,1838528.4366564467,9995.154112233673,1551.3085013693353,4.991169351245621,1,NORMAL
22,227924.06449160274,46.95531035527429,4.287224311393549,24.97686210916801,3,C2_BEACON
4444,39856.27818810686,88.69117728963806,81.7749758933766,917.4060443258843,6,BRUTE_FORCE
53,7915511.115532734,412.66489960696464,10998.655355750916,13.728151648841955,0,NORMAL
443,624992.8770167233,1076.9257750022127,12630.317312606345,51.94936370496476,2,NORMAL
443,1933187.9770000195,2664.5858884562886,2230.1374625762505,109.18036772084872,2,NORMAL
80,2932989.0728650284,594.9540632608844,1796.9889951181547,22.236128589266812,0,NORMAL
4444,159169.68109848077,44.02572971138522,635.496251014419,692.6833848018489,10,EXFILTRATION
8080,127177.9079523605,12.934148852832802,55.74473078569322,67.68735775658317,6,BRUTE_FORCE
3389,296667.6815133271,4609.704955918081,12.587268053981097,424.7178097105266,9,BRUTE_FORCE
53,2035340.8039696878,1156.391098981107,13136.26286688329,16.852083483537243,2,NORMAL
53,1109033.3504103953,2658.6588467990096,5871.332909950651,15.869766221512819,0,NORMAL
3389,892842.1455799068,14.744828829687725,31.75369525597378,633.0300340084174,9,BRUTE_FORCE
25,215583.90150205692,612.0886767558485,5036.270698942128,10.732976675186286,0,NORMAL
25,897982.4717286357,864.9638946786044,2366.6628906547876,45.20531785626783,0,NORMAL
25,22120064.06021946,2196.6068858341405,20760.97781184916,44.34238787838415,1,NORMAL
22,46213.823899984156,109.29472742597609,51.675447371186365,751.6737117945189,8,BRUTE_FORCE
8080,345022.1281290462,1.9500695331062294,2.181643658263334,196.53343611975293,5,PORTSCAN
443,9280811.364606515,1269.623414739156,7983.164976443837,8.713445641376145,0,NORMAL
110,3615374.8500393163,1718.8891462347135,2449.5009648395776,1.5302453236015388,0,NORMAL
53,2200805.3003813648,1112.2145048505058,1430.6419882890534,10.140772630431211,2,NORMAL
8080,248255.7247257016,22.8912066468904,353.71625356060736,222.36928560225925,9,C2_BEACON
4444,34696.24414579533,1.3661202071891185,22.14110947428982,440.3833812402561,8,EXFILTRATION
110,2583547.7712548166,2967.3221451480804,12096.061467330088,57.953956029468976,0,NORMAL
53,2638365.2970326655,2687.857455261264,1031.602560806074,0.07241343780455746,1,NORMAL
4444,170468.91376301605,181.31835337343,13.9091638918003,13.575854985280447,3,EXFILTRATION
4444,276458.06551838346,237.38394713681168,2.726797218640358,145.41787520067058,4,PORTSCAN
1337,39820.94085969979,375.8097932102785,11.026125828595662,594.5413856154461,11,EXFILTRATION
25,4038294.767629455,258.39304405509205,101.68212973347138,32.23586930790386,3,NORMAL
443,1551646.6455118114,770.8904446743489,355.92920089921256,4.037130103823615,2,NORMAL
3389,226120.75843982393,5.1457372596145206,9.610425631764748,588.7328661275441,5,PORTSCAN
443,3346178.709220565,4814.953957402074,7217.071563072703,21.389545752131404,1,NORMAL
53,2292023.8492397983,3914.658323199974,6796.862397010306,10.531833669470185,0,NORMAL
8080,82489.77753145188,53.63766431301525,21.798274536685145,312.3989290778102,9,BRUTE_FORCE
4444,23668.813588784258,53.832672278276384,2.117655005839184,315.4119142238164,7,PORTSCAN
80,5667921.226890092,1011.4947101001039,5774.876495259858,11.776990957280164,0,NORMAL
443,8513857.258470943,4350.920367756158,1793.4135611447264,19.61145363265944,0,NORMAL
110,9144442.630510807,417.45352849602017,13639.542306357196,34.23441575857637,0,NORMAL
1337,113199.79844991557,3.2969672987496015,13.458168156048744,640.4876074096508,8,PORTSCAN
22,70908.46957615114,258.14693504740734,11.243533047202671,708.2696065010001,8,C2_BEACON
80,579051.8681615515,673.7322770693326,3403.8381564782267,23.969245220861207,1,NORMAL
110,5787239.81117883,485.8241578967575,5715.8887479891,1.2361609134375067,3,NORMAL
22,573920.758798984,1947.3540710424072,2.5148914389947365,673.2881756359491,7,C2_BEACON
1337,261457.43735154893,90.39225412352569,46.18266097874483,363.53924726155486,4,EXFILTRATION
443,1913918.522444995,499.17848694609876,3484.763036849285,178.49635108216822,0,NORMAL
3389,122063.88992993871,15.29708729339276,21.270452748619718,1682.9759457296677,10,C2_BEACON
8080,107782.00387183105,4.57927327563753,115.76866497853092,105.60318936767175,5,C2_BEACON
443,2690649.636489565,1358.544168630482,2272.395078214431,51.220825050371545,2,NORMAL
1337,39699.564961878095,4.591695089006172,28.36878452811579,71.67082547251206,7,PORTSCAN
1337,74144.20552561876,22.7898851264429,31.239913922609805,1121.707305389864,8,BRUTE_FORCE
53,2710287.3078462104,935.2842824359252,2396.2624117187192,23.238172979327803,2,NORMAL
3389,32256.189471248876,167.01754932661103,706.6032264728852,15.094950569222268,6,BRUTE_FORCE
80,5720045.730248467,16561.18427356362,26477.26648544841,24.983871296045027,5,NORMAL
80,10618927.943157226,4791.014040943869,11636.583191198875,3.8431909980658236,1,NORMAL
80,4377030.6747778095,480.4427329824717,2516.211848312296,50.24023097424367,1,NORMAL
22,602293.9920303646,9.049836116110034,39.57973026935578,2552.171819494162,5,C2_BEACON
3389,46038.685263592335,189.70225831069814,0.1601461230619608,258.4692127264104,10,PORTSCAN
80,1188157.1613140781,1765.9254508605227,12708.012043978055,170.03487035668138,3,NORMAL
53,339392.9350439305,3330.611316766089,649.4282076511087,10.876876609506295,0,NORMAL
4444,9760.796675437106,576.6732944843833,33.98621388947352,135.38954608406084,7,BRUTE_FORCE
3389,617655.1508391182,50.125634795172886,9.381068372589455,959.7029128470464,8,C2_BEACON
80,557528.160241138,1826.6742128816693,855.2888349403044,59.54898338970821,1,NORMAL
3389,48070.468049404444,10.921091763340707,40.60525342012143,341.3548566421613,5,BRUTE_FORCE
22,71128.38344757922,3.2729105171837363,1.8348387585772772,563.6581233714865,8,C2_BEACON
1337,45279.91457938853,31.248365689906603,2.186883286930752,1606.110735223766,4,PORTSCAN
22,18255.29968643854,1.2015753060312968,10.642329291086979,540.0893802585056,9,PORTSCAN
53,2959172.7283436377,1181.6722114599854,14204.52751930776,146.21424657982828,0,NORMAL
22,709719.2277180298,218.96212422118302,733.7901429769206,741.5975154290883,6,BRUTE_FORCE
443,2412681.9898719317,719.5623588187392,18610.089345321496,44.764419139470185,1,NORMAL
3389,29542.95024272006,4.9466683294253935,99.68392278478615,692.6665526636476,13,EXFILTRATION
110,3998882.888330179,980.5884943901406,1411.9447703363178,39.18290732762297,1,NORMAL
25,923215.5381488958,2737.684579348811,238.12424096807447,14.882714515467152,1,NORMAL
4444,22821.211517364933,30.838161073653456,20.7537120208256,976.401480464396,6,PORTSCAN
53,3074878.8996596453,1041.5766005019432,9919.368076154515,46.49730794871572,3,NORMAL
8080,113384.34493039065,298.1791748401352,0.34267359208498643,93.91644023499616,8,BRUTE_FORCE
22,21688.73279113528,96.2788412180594,2.17683904246623,934.6177711938062,10,EXFILTRATION
22,70945.68750926327,5.671459059902509,651.0541498085381,1715.4179425310926,7,PORTSCAN
8080,529325.1679847693,136.8779816120918,3.015822945294228,37.2560684043561,5,PORTSCAN
443,3480171.4582650797,742.1792668968687,3107.9088202715066,1.7521430488229617,1,NORMAL
1337,211460.77313912482,109.7997024293986,1006.2493654673525,302.7794204715293,8,EXFILTRATION
53,9208103.472515238,2338.5917799957097,3562.2812452742955,13.03791520680971,0,NORMAL
443,12085843.649551244,1070.3205952742712,1468.9291004635443,15.466549096017548,1,NORMAL
4444,18482.007355300666,13.647788755064129,48.99422606394606,1031.9721458149436,7,EXFILTRATION
110,4183453.302603049,377.78199716824747,1524.4979929780702,7.861433116276004,1,NORMAL
443,776701.1751116064,1529.5983730263358,79471.37645822442,14.635575769148259,0,NORMAL
80,8465640.157676818,358.33794292525454,39257.07816433566,23.245859192937253,0,NORMAL
443,2419369.2101066904,781.590500012737,742.8391695035469,41.095811986225044,1,NORMAL
53,10312309.439492242,1054.5358252560225,7503.000848807915,14.620572753219555,2,NORMAL
8080,388027.65303630877,158.6023765297459,2.2992435894337095,953.97274981458,3,EXFILTRATION
8080,328164.5269889087,16.344678940530358,67.12416556841639,670.1438008493278,7,BRUTE_FORCE
22,82340.76106823189,4422.745849657346,277.9068794972836,570.3796091253774,9,PORTSCAN
3389,181000.19739573766,10.7719904399199,273.03283259597157,331.4308591481471,7,PORTSCAN
53,1175569.709046326,57.57542231470561,387.8755638552414,11.535314589064665,4,NORMAL
1337,350964.1257352609,4.561823528078458,8.47402192483026,32.45650149896667,6,BRUTE_FORCE
443,5651100.182756405,233.32450404767854,5734.811608733585,82.09814821619395,2,NORMAL
110,681436.342510363,647.7583079411688,10679.943969948836,55.04722673933096,0,NORMAL
443,13739460.899392739,1635.9844391796346,6153.0332449922225,50.44766015111086,1,NORMAL
3389,357669.3213137469,17.210021997626214,29.32990714874416,1180.1877563858902,8,PORTSCAN
4444,44702.57964121772,20.810348863429002,15.800839309715574,674.1071694321781,5,C2_BEACON
22,4478.462421309975,296.0087308311736,18.23692485840861,328.80187663007274,7,C2_BEACON
1337,219193.06353568708,29.099344503560744,277.48158998811886,322.0416096682799,7,EXFILTRATION
443,4011328.9428950218,617.80945587538,15263.884595915635,46.87354189953988,1,NORMAL
110,10386964.194788253,1350.0008500069848,909.6087649224422,16.876176652136213,1,NORMAL
8080,292709.39724882954,4.488952263169915,121.80996573203649,167.90119861615844,7,BRUTE_FORCE
4444,13458.265605572797,645.2694193679233,5.185004291386963,605.238765496605,4,EXFILTRATION
3389,160759.71186059693,609.8706080582674,7.341494266428907,996.1479368638886,7,C2_BEACON
110,5022650.0131838,2215.5452796473605,180.7031550206481,7.390781862837868,1,NORMAL
3389,169797.78046827472,16.521868778496863,100.51195958437386,917.8042121720167,11,PORTSCAN
443,200283.581105462,2153.1668218591167,5155.387906949292,127.3056393738845,0,NORMAL
1337,25003.112118621175,237.67273145326538,18.195979094369896,1103.398152742502,11,C2_BEACON
3389,145662.74900926833,8.827527500980182,43.793130207350416,1505.5398451017902,15,BRUTE_FORCE
4444,279541.92367298395,13.007398965335662,5.550659068683456,585.0818278346744,11,PORTSCAN
4444,194080.4260740217,5.50068506769735,3067.4755035758635,841.5876655289243,8,C2_BEACON
8080,52925.03350249045,30.69227223662269,33.911782739343316,376.66302194310197,4,BRUTE_FORCE
3389,20165.13661809213,57.684743810629016,21.98445606703757,685.2663287028258,10,BRUTE_FORCE
22,68784.61020959853,32.4731323930555,1.8412998750792746,40.656901308842166,14,BRUTE_FORCE
4444,39689.2969091587,147.51002926873468,12.41121754313386,583.8054480293631,6,EXFILTRATION
53,5192954.925421331,382.8604377196829,4584.715684278707,16.460250933056464,0,NORMAL
22,160486.31990082972,4.1645623622875245,141.9153320446151,178.6351968186969,7,EXFILTRATION
22,66480.12071353238,8.116275296292207,163.8357792351939,368.83784909267337,8,C2_BEACON
25,2390010.289540501,6766.7201976456745,1273.0429245837458,49.34593991523023,1,NORMAL
110,1808101.5926358593,843.9177131504483,3988.2791438566787,27.146172507137106,1,NORMAL
53,2621412.913277968,319.7089132852124,2925.8590698174435,27.379149264363484,0,NORMAL
110,3739019.4939726503,1112.4681920053206,27369.704446547126,59.91394007039427,3,NORMAL
4444,65100.32238711382,1.4397749333590848,33.057884577179884,204.7305714386058,14,PORTSCAN
4444,47579.73647614935,13.857604157734341,12.16766575661785,41.01168946816825,10,EXFILTRATION
1337,956.6238658011619,5.242519395895864,108.16789680260608,152.0288388159803,10,PORTSCAN
80,3889289.604674973,407.94307897874455,8264.995273475663,61.41432445736849,2,NORMAL
4444,35944.1562490654,21.101112780065638,3.9538341320005173,79.37723872841808,10,C2_BEACON
53,2813371.0460778256,765.6419985647016,1955.4939052196903,11.279669635435324,1,NORMAL
1337,89747.75671845612,52.56292217114096,65.53575231703672,333.2282061740445,6,C2_BEACON
8080,44389.67307899791,387.88839515100705,1.0078231169643888,31.261551141333868,10,EXFILTRATION
1337,94521.58398927347,6.139371225933145,2.8141498586634457,319.54421122433405,7,BRUTE_FORCE
8080,308840.3493321254,174.19007000883158,20.89354465715499,744.4171011530973,7,C2_BEACON
3389,38039.99702522894,1192.0480643975648,1.7235528185706956,57.23585927926797,12,BRUTE_FORCE
4444,70018.64312921137,167.05162015125364,117.98791964512804,856.2161852418496,9,BRUTE_FORCE
80,8322915.849797204,2484.910941001535,17229.72548555662,5.6913933914864625,0,NORMAL
53,3845588.014913356,1178.1121387668838,2133.641272170256,49.38081027728892,0,NORMAL
80,5692442.665775756,880.0528586713635,418.90814683014435,61.473562395332806,0,NORMAL
25,3773789.96364228,4224.656347635881,6022.092822214644,51.75022730244131,0,NORMAL
8080,292778.5934867243,140.8523078928093,1277.8968323459885,167.95261176315375,3,BRUTE_FORCE
53,15039669.21228232,763.7824613608569,5975.353182656267,263.8688408832369,2,NORMAL
80,17740357.579350032,3550.209164222384,20119.773145161864,46.736617009737685,0,NORMAL
22,34017.17404096542,345.28098008844864,200.7079133957695,864.1458473813238,4,EXFILTRATION
443,1469599.2073208734,475.38725443805095,8178.776500368636,8.855230169332797,0,NORMAL
53,71491.85354754567,1070.4890611680062,9146.934595054527,39.51306964387944,2,NORMAL
1337,32778.82056511281,59.27032367804891,135.87629128152088,1337.8116130437481,3,PORTSCAN
4444,15570.125502145089,116.5237248764197,2.493547101365336,793.395234573194,7,PORTSCAN
3389,475701.43389936676,136.60362821886804,97.12229004501778,225.03005512104323,8,BRUTE_FORCE
8080,706555.7769849491,83.29286113790184,20.3449817314251,348.8327849729563,8,C2_BEACON
22,186754.44461272447,15.572149296290148,377.38559841629274,70.63268664816083,6,PORTSCAN
4444,174163.64118652823,154.08988319496848,330.0527044679879,1023.5031976946963,13,BRUTE_FORCE
110,15973865.220358124,784.7742881903162,2617.56386087353,39.16605621055106,2,NORMAL
80,2935866.2775402446,946.5847387668546,488.67284699813047,206.02046959296322,0,NORMAL
110,1969519.479969872,2077.5753886140515,3598.5220174549086,56.13003382492199,0,NORMAL
8080,393457.61963091104,17.614864617089342,0.4148305476383095,436.3151054899441,6,C2_BEACON
80,1585331.9620153946,356.66784735540585,5203.654737765702,131.05105933006254,1,NORMAL
4444,326047.2957377379,17.055038546260274,33.719656794250824,944.1257844986507,7,BRUTE_FORCE
22,361523.9963589795,1.8168960077153673,13.388823927175407,3354.044674713534,5,BRUTE_FORCE
110,7582511.902947734,1722.182305523643,1458.9769322041443,89.57008192679024,3,NORMAL
3389,8061.762630308883,0.9585596172619073,610.5780732971723,35.370987806319064,7,BRUTE_FORCE
3389,280959.39065251773,398.9930613146829,6.462712639989244,282.5808386786817,9,BRUTE_FORCE
53,1540585.538425381,2925.2923856329517,7457.870072508887,2.270217688360386,1,NORMAL
8080,80224.85239579568,25.285134811926234,5.874556034420908,366.16712758480384,15,PORTSCAN
25,3517154.948068405,395.5189366364703,2124.3593417988027,47.7660560965684,1,NORMAL
4444,115646.51997593336,393.6870174720295,1.3947875615961174,1764.5407887372548,6,PORTSCAN
1337,436995.82682791346,38.58934922605201,0.8097332062165047,446.67871665651074,13,BRUTE_FORCE
1337,203862.73846623677,187.73304598047747,5.178690645478698,279.6840619323347,9,BRUTE_FORCE
1337,597884.1558186904,95.93310800548224,104.86939016831775,310.4601238590125,6,EXFILTRATION
443,7342544.52404648,1672.9181863831877,4202.891434246385,103.12783604746762,1,NORMAL
4444,151726.7228836503,863.6514025358026,77.64243425384676,174.20672416619686,7,C2_BEACON
3389,44193.39853022554,220.52187329575335,166.725515318818,322.01249647562,5,PORTSCAN
22,151331.42637017238,3.7868089719134708,17.68678259722927,189.34671891050397,6,BRUTE_FORCE
1337,385828.5310291181,37.495246023205084,68.38268665241102,423.6280529496633,3,BRUTE_FORCE
53,6372579.065879374,4831.11643735115,514.8091636825573,1.301024550907786,0,NORMAL
3389,368029.50078377983,437.16486324010265,99.65671649829186,450.54255482968637,8,BRUTE_FORCE
53,8776891.276688209,2797.2166120240745,589.1675744291979,28.177900127003504,3,NORMAL
110,703717.9592046166,1085.3390548327936,1173.6470413501859,6.8235596067819815,0,NORMAL
25,6323502.451526385,3064.008617488249,10837.332363946347,17.982453776731244,0,NORMAL
1337,166459.58213744615,8.256316091272726,147.60446749880316,1495.7308122731088,8,C2_BEACON
53,3014931.224978737,199.14653392032574,889.309499284801,69.31915633052765,0,NORMAL
1337,133187.59116198609,37.490946942180386,1160.7929703112807,1258.3748477576507,14,EXFILTRATION
3389,690550.3254432763,105.0978052045055,27.663391269385453,225.3725173510983,12,C2_BEACON
443,3424104.429278976,1479.1158152305072,15550.175312917016,37.786817350143565,1,NORMAL
1337,215961.63002836515,243.56474002208225,369.5314436737345,193.59243790805183,7,BRUTE_FORCE
8080,18706.39939409803,86.25564891283797,2.471313097124681,871.9935708731479,9,C2_BEACON
4444,127038.93988387345,22.95623688787642,88.2245644320755,528.5472007022596,9,C2_BEACON
8080,91971.0941924719,46.117744595427,837.642991513346,662.8837192624507,6,C2_BEACON
22,78853.480122485,269.2032008201888,24.99195616016588,282.9342596049465,13,BRUTE_FORCE
110,1110054.8392448714,5988.664909522048,7567.002589444987,138.047344305453,0,NORMAL
8080,169706.07787687102,11.659297827461781,11.752720554306343,192.12770511452774,6,PORTSCAN
22,50377.96293917526,11.546751647796944,822.9411004014471,228.46416806540796,11,EXFILTRATION
1337,130009.1653507407,108.34555039374766,1.6048071309925198,128.4456369912229,4,C2_BEACON
53,26692.07291858203,5832.858455514526,1738.6384440562626,156.3884591469048,1,NORMAL
110,8740289.04572959,330.5624755642122,8662.23461290214,22.7853594252548,0,NORMAL
80,1018228.4525958716,25790.752670699098,5851.835867507378,5.0133109162695595,1,NORMAL
53,2357793.964864207,2804.434457599765,9023.974290164624,44.89680412015019,2,NORMAL
25,2935951.2605366246,1363.04096056147,3478.910388152403,85.03546360265875,0,NORMAL
25,9783361.188230993,4315.067400154898,527.5594988335068,17.19424820994385,0,NORMAL
22,437789.71821686125,343.22557131240137,17.052361959533197,594.1337782148635,4,PORTSCAN
22,448.5973377305127,302.12942895086576,254.15364147658642,134.99486198769557,4,BRUTE_FORCE
443,4816208.222492485,1975.222205736705,2234.44768297571,82.9998982079513,2,NORMAL
80,12672043.585554833,917.7974374834256,2072.0396439356828,105.38622718088678,1,NORMAL
53,166881.71786272133,1116.8092305342227,7038.149564023838,13.117963280405423,1,NORMAL
1337,42717.3261029678,13.857912413852764,88.06402491717952,150.80818928961952,8,C2_BEACON
1337,133853.32521513326,2.5929833973982617,101.4874999921417,189.54632036566292,6,EXFILTRATION
53,7498913.922103935,902.806744114386,1808.8050107870379,71.31127954119842,2,NORMAL
110,65477.93775704173,156.0864198521245,685.8920625569938,16.023293001152926,1,NORMAL
110,505325.7239967308,1092.0348662645686,8031.629000686464,85.2043446188331,0,NORMAL
25,955665.7224086265,1711.2310715808676,4220.867903602627,38.146343798637695,2,NORMAL
53,1595241.9294966105,1050.661895195473,3981.025672304363,112.44820929552095,0,NORMAL
80,2980814.8693756927,1021.6386656003679,1601.0889027057701,8.684431099184659,2,NORMAL
4444,19279.134106061138,51.56946210641649,9.431286420610252,453.320527004624,5,PORTSCAN
3389,18089.696364972184,7767.410461434484,8.71664712306056,126.61973851813954,3,BRUTE_FORCE
443,856146.0252366315,6965.070923233261,2277.4958488808566,49.915495354243774,0,NORMAL
53,3077364.855360139,1438.9710441759535,7540.771519294249,23.455094384765236,0,NORMAL
53,8481934.907777898,377.01215298444635,7490.661823845598,13.74645057868806,0,NORMAL
80,7244016.8459389,615.518951756054,1519.3035707234758,12.69006189017314,0,NORMAL
443,1893430.2072868177,542.4433600816004,10223.90986720467,29.506847308659516,5,NORMAL
4444,290011.5418994366,56.16705183879749,53.703037854976614,65.24258777239477,5,PORTSCAN
443,11551078.785540035,1399.5288757124783,88344.6049425857,16.248916906025396,0,NORMAL
443,743226.8527692113,4325.44937891591,1844.440169640553,96.5089279802496,1,NORMAL
4444,445810.9828217866,0.729348079659877,5.505826731217555,742.2953405148187,9,BRUTE_FORCE
4444,160491.84050768576,52.20850077781472,46.888565351674906,1093.2331796498522,10,BRUTE_FORCE
80,21674167.921601966,1884.3181192894863,1715.2613939590874,25.05149202260746,1,NORMAL
22,28486.59258551479,1.8920734359307876,1.2322374043280402,105.04740168787397,6,C2_BEACON
53,4951084.565427671,5381.894572412468,839.2222001716955,68.80582168379782,1,NORMAL
110,9317268.38984011,734.2068445325418,3168.76257141655,3.426764992745632,0,NORMAL
80,10883968.45052435,401.6825795890661,14563.259895207073,35.74731501279262,3,NORMAL
22,36170.7695181466,0.38868788117253417,47.27116613715475,457.5600972108142,9,C2_BEACON
110,8488013.022828795,1156.7669403714133,1103.488533776165,160.19149478897023,0,NORMAL
53,3748126.9801076367,227.32278729083296,9146.520577201483,70.61946881073877,2,NORMAL
53,9398203.34086772,7722.775425747863,866.4580485632105,6.295107900226194,0,NORMAL
1337,270080.60079788935,46.45710240682885,30.930031732346364,223.66848591303122,8,PORTSCAN
3389,49789.68387763717,37.157278556803064,2.9186256780838966,315.3838440396752,4,PORTSCAN
1337,287480.56540123513,5.421099449590311,201.1253164460295,500.7119334165782,4,EXFILTRATION
3389,53984.33246679777,65.455893365363,4426.884144519016,104.03054359783891,6,PORTSCAN
4444,133815.57793970173,11.959879408095663,20.279892968541255,329.97467947572744,7,EXFILTRATION
22,413232.34664754145,63.913494854049944,24.443053161162215,460.657080722049,9,BRUTE_FORCE
25,4927987.241399275,2535.165131503606,38411.997304525845,11.124987400292584,0,NORMAL
110,4252193.21770099,690.312031050986,1962.3273272091408,63.97843384238928,2,NORMAL
25,3634000.8196832812,1072.4397382241502,5562.45481449825,14.934076790296805,0,NORMAL
110,4171846.4975939444,2049.9785192747636,2041.9615624333808,152.69425937258202,0,NORMAL
4444,431955.29389829986,396.35341045223305,96.36072226913937,500.6355851592915,4,EXFILTRATION
4444,73590.90796092144,52.60300733790862,494.07387247127906,285.56035269103694,10,PORTSCAN
8080,179505.48481717947,0.9374862205715792,24.45685091627099,486.59534113632424,6,PORTSCAN
110,4480087.004128492,1265.7611717958844,3363.746305520077,96.71629437892302,0,NORMAL
8080,83483.04325126168,7.47539753363798,1.5613816568263998,33.40389281408199,12,BRUTE_FORCE
443,8865754.959866622,1052.9950047772797,5395.9126977902,63.1651995332608,3,NORMAL
110,9213853.728808971,702.2170471433262,5883.631188792797,32.77980250347546,0,NORMAL
53,2897803.711244036,182.33697548670867,2028.9031958909452,31.5960137601272,2,NORMAL
22,50485.667596297615,4.51297342524407,20.343549244028974,316.19665734234695,8,BRUTE_FORCE
110,365330.83946197067,3595.4597634860374,3846.2583717258426,97.54572754573611,1,NORMAL
53,6494400.171862972,1806.4348880690643,18288.14101909088,19.26462755241043,0,NORMAL
443,27285923.153169107,160.32904391288065,3894.261254065577,277.5338051910772,2,NORMAL
53,11508404.677072236,700.2259907652585,10576.857948006578,43.20822000237913,0,NORMAL
110,17097497.802627042,1316.8699218145603,2480.7085906595817,30.30295374910663,2,NORMAL
8080,471552.1873999878,64.39514283286182,466.2197902004694,1066.5206663628544,5,PORTSCAN
3389,163156.01971624297,557.8786628564393,3102.3870260123454,255.68047452544468,6,EXFILTRATION
1337,468056.94071417034,49.54570429248607,24.355446402688795,176.81935688872255,7,BRUTE_FORCE
110,2680697.9995637876,1462.8619585938109,10585.600654200714,32.46738385338294,2,NORMAL
22,442912.7097399271,43.91572088949513,81.69702172281353,343.79158391884835,10,PORTSCAN
4444,164227.19457387066,14186.590216777051,0.36075691843535773,2300.0457735573623,11,EXFILTRATION
53,8624284.764176501,2352.2845896737044,8014.300890883151,30.195449109681793,0,NORMAL
25,6372991.136049364,1489.7260663230322,12982.083614831825,139.73736002875694,1,NORMAL
1337,964.0058488239728,44.88026453543481,4.305061728137382,33.52617068833442,4,PORTSCAN
80,12017300.147987979,509.61084770414914,1353.5984093291997,12.230985220036745,0,NORMAL
110,275633.6447784561,583.3333832140809,12480.100941722032,2.0481340976333255,1,NORMAL
1337,147671.36524637524,3.2039783720654142,100.43437762844151,1918.019051165711,4,BRUTE_FORCE
80,2955899.3163479893,948.7385355109502,3379.390661826748,136.33533891919393,1,NORMAL
3389,378495.6090378411,24.3833475608435,59.09515308190358,1794.1800999823852,11,BRUTE_FORCE
443,317591.3908647841,1105.0802031139767,1185.6089548969665,31.722692638820902,0,NORMAL
1337,266830.8450685618,5.251277112868902,159.10036406490946,269.3670946313665,10,PORTSCAN
8080,180506.11994672622,169.5573926103943,6.400760450226946,88.92574225707034,11,BRUTE_FORCE
443,2927093.4617233933,681.8943416369078,780.1060613694982,38.22012664986542,1,NORMAL
8080,185795.81825250748,3886.212173567636,4.8563143880518425,267.07872479788676,8,C2_BEACON
8080,54257.178544284245,6.391457044591962,101.81145775261263,459.5604028278849,5,BRUTE_FORCE
4444,8684.308024073964,657.269928534594,14.818368097873273,1321.1636746647898,13,BRUTE_FORCE
80,3649164.035124247,2258.99391972963,384.2096839929338,117.90131359813381,0,NORMAL
25,3551253.428969825,66.55897724684158,1494.2979013128713,24.82893510700757,1,NORMAL
3389,255665.34452534193,768.3022268808771,25.768342588211755,368.9808783634151,3,PORTSCAN
3389,371579.4664327889,14.999349619949404,11.534252501929641,284.9181917053761,7,EXFILTRATION
80,3485129.272307533,1549.3958266248956,4187.545117203623,33.45229702943532,1,NORMAL
3389,39472.634230785035,42.6318943787932,22.113898370482506,155.86464518427402,10,EXFILTRATION
443,11953670.013039552,1791.850109810859,3543.745987979573,18.669944590715655,1,NORMAL
4444,281252.04755340854,47.190900202354776,4.419904886121141,535.9883442694776,16,BRUTE_FORCE
8080,335701.3200731613,99.12199909551813,4.282553264175327,797.2169462102673,10,C2_BEACON
4444,355989.8417791403,687.21152942236,6.948853519753731,879.1904565341134,8,PORTSCAN
22,43243.810497282706,469.9294469792823,336.20368955181436,74.11522241225607,8,PORTSCAN
443,204833.24931462432,524.4044801915301,804.9208417607779,37.0183244007244,1,NORMAL
4444,281218.2416240026,17.23556628450332,1.3521904331042296,305.7584644232857,9,C2_BEACON
25,5562605.221006178,680.0458003080521,4196.649259554534,2.476959569937081,1,NORMAL
25,1213307.1296641869,1772.1339859555974,8587.781196979142,93.02691605536934,2,NORMAL
80,2065227.8310305276,1420.736144982405,2563.295070686935,30.815973545062697,2,NORMAL
3389,28248.370419362273,702.5342555637573,56.676273994197466,220.39120050355382,5,EXFILTRATION
3389,240706.07628504658,45.59659050131578,233.6922659927501,318.41612242370434,11,PORTSCAN
53,5080600.021288804,991.5844587965936,7343.223882080369,104.3820864918417,0,NORMAL
22,229576.44858321323,42.42118981013231,7.325052731536041,111.98947893999527,10,C2_BEACON
1337,251841.29466300932,6.078629704227595,893.4437606693813,94.94618214270054,4,BRUTE_FORCE
3389,448803.97442413715,337.02406323019596,9.536574043581195,85.27330651098823,8,PORTSCAN
1337,293185.4018248089,59.75236066205215,10.83375047506961,256.74933149254446,6,PORTSCAN
25,1290835.624056351,1130.9430656284312,6556.203595464482,15.364256686828872,0,NORMAL
4444,18104.368271237443,640.2403192284132,14.26527247539932,358.2806319254194,8,EXFILTRATION
25,3064336.092110908,2298.761236746672,11597.168552543852,14.976283932340184,0,NORMAL
1337,35071.19098532192,12.029346727160682,98.3629564377186,1763.0369017174726,8,EXFILTRATION
22,31622.515256913408,12.260148232663324,240.14637594075958,153.56258111730241,9,EXFILTRATION
80,3216579.981195808,1215.7517949751218,312.5109920958623,17.998296530867837,2,NORMAL
4444,161317.28364059,223.8036578585809,7.547190812263093,34.51201774804089,7,EXFILTRATION
53,8679102.080046132,295.43712343842213,1347.7806257165018,37.94908538896656,2,NORMAL
8080,3505.7395139266146,263.02008776895013,25.098423044042256,467.0901975974187,12,EXFILTRATION
1337,220996.13944868045,2.0320887853222307,40.08715530166616,11.27698371560055,5,C2_BEACON
3389,54771.7288958767,1131.2345002766258,6.896332108266863,703.8574853631441,8,C2_BEACON
443,80789.98311470881,678.7691627308062,182534.15288821605,46.89092734438788,0,NORMAL
1337,261350.2170362752,404.80141471172226,7.828561272522341,30.06022710241735,6,PORTSCAN
4444,69383.42682761801,894.3011566823336,1.3856806647156887,123.09139126970396,14,BRUTE_FORCE
8080,60512.40264985419,46.44271908558848,3.2220589971036944,195.9938745703799,9,EXFILTRATION
4444,495916.0072962621,163.20504515192331,155.68735158252076,27.033087596131395,1,PORTSCAN
110,10742873.587420775,487.9751744889188,3814.237003178824,45.75330278255226,1,NORMAL
1337,34109.07619728018,310.4604609013583,2.0577826572432776,181.3630639048863,14,C2_BEACON
8080,528803.2435350738,130.18458166471706,211.9921744691893,725.0280382898478,4,C2_BEACON
3389,426336.9477021116,13.097998743019277,4.866625340146275,1000.5894159935002,7,BRUTE_FORCE
110,3651321.022712423,1453.7737209133236,4883.572658211251,55.39918003391294,2,NORMAL
110,3431010.986717417,1871.2224511362417,17510.306987500713,4.5322114120083254,0,NORMAL
8080,174637.9214211181,67.54997339625041,6.233505451143509,833.0683056325856,9,C2_BEACON
53,3561740.4515091,731.6933313671267,1606.0410302183025,22.040198645190397,3,NORMAL
22,709046.1994242666,1.390638947222801,281.55144556246506,592.7620903654931,13,C2_BEACON
8080,140031.5738510959,755.994434410958,30.429546878813905,99.16883835279162,9,EXFILTRATION
8080,92187.27212997693,39.691803552193456,2.3810190320311038,79.66751161810754,5,C2_BEACON
4444,387535.6714887894,479.7858208146903,381.7675929943694,429.6671975412098,11,EXFILTRATION
1337,130723.24499235548,2.0489292281109663,12.399107131686836,313.6799126908439,11,BRUTE_FORCE
443,2308096.864773292,2682.37759656298,798.5742607993309,11.205491422633207,1,NORMAL
80,2300069.707485566,2688.657646925776,941.4899327093144,32.3954316810302,0,NORMAL
22,27189.617014008356,209.34508667539578,4.534806745368515,1352.1225573564984,16,C2_BEACON
1337,22604.610210126983,24.36813414908628,70.30875594544635,732.6339050928785,11,BRUTE_FORCE
3389,307639.01359331334,14.362540088603224,3.74525695974394,87.56624341282787,11,EXFILTRATION
8080,62958.93349662486,16.531236674859038,6.980798314395032,103.68927919708082,11,BRUTE_FORCE
110,1908170.7950429525,2503.7805156143895,2699.6883232616806,23.866965771616496,1,NORMAL
3389,756249.8061936763,188.0474857403543,43.565741698784905,151.52491842325256,10,EXFILTRATION
443,5133591.383030401,116.52246248977113,12139.632603891601,23.55627486899311,1,NORMAL
443,5231504.31653046,3163.9153443127766,5568.901893136833,54.38300859230257,3,NORMAL
25,3117511.067579936,556.4989982724683,3402.9654436984993,31.009681418346137,0,NORMAL
110,16854161.794382893,29.931603503071322,5389.698648897041,21.31967411873806,1,NORMAL
3389,781791.0061538051,84.63260895969397,59.29006609247706,102.9784163108336,4,C2_BEACON
110,7949856.251882193,824.8523852474619,5873.701307310627,31.275046441077098,2,NORMAL
8080,127123.16417733216,49.48059714408855,16.678438647656094,547.685143048242,8,BRUTE_FORCE
3389,285296.5054247906,544.3344334182613,56.852388784042304,147.84116069591403,11,C2_BEACON
4444,118277.99676325548,331.67874841236954,3.0371321708943215,758.149887110209,6,PORTSCAN
443,2050758.001519964,627.5163570023484,4366.823748844143,3.139490647224261,1,NORMAL
3389,64296.43543493394,60.15855203198719,2.713076205185994,43.83619422560469,5,C2_BEACON
53,3499299.609455716,3537.2397547009364,4847.837608826656,24.75404791464044,0,NORMAL
53,10340542.25262955,363.5273530818683,2062.7635806734384,16.125892513935405,0,NORMAL
3389,114745.8074128754,168.80957265087397,17.782402703721857,1322.9981946073042,17,PORTSCAN
110,1228808.2367478781,24777.248929060373,5090.530522745361,1.4812685083220833,1,NORMAL
80,251986.3236322508,1088.9150313851387,844.5041578283865,37.96125278162219,1,NORMAL
4444,206415.60974532878,60.20718524328243,191.0194645148707,300.02929917768074,11,PORTSCAN
8080,139999.12388887742,33.589590061455944,13.963223155964085,391.73872188941925,8,C2_BEACON
443,2317911.1538684224,5375.049359432132,2797.0976631217095,26.555602604348564,0,NORMAL
443,2212046.0353088346,948.5801697509279,2701.1584181403314,41.23949889535326,0,NORMAL
4444,38845.38343486238,0.05523901242616703,14.179167685840625,939.7908928430775,4,BRUTE_FORCE
22,107576.59353053612,434.7296027616666,7.29311691006943,843.2175142272775,4,C2_BEACON
4444,235640.47567670429,108.31059736155521,106.31813528633595,18.141867262503034,7,EXFILTRATION
80,6799877.086726869,3780.978455387584,1542.461325119848,10.834224878206756,0,NORMAL
53,1330127.6159600697,1191.376740136947,10225.39766961374,24.724364321570402,0,NORMAL
25,2102453.310392968,210.13650064880576,10594.354214471778,26.665685135742766,0,NORMAL
80,7983115.71580673,1120.1553397020466,12523.726771694906,2.104092293194841,2,NORMAL
22,6969.862964511322,28.530148187938394,61.03962245700548,1122.320267170046,11,C2_BEACON
80,789685.8299565791,279.7470827470407,6691.026646429928,38.17948196389072,1,NORMAL
53,7403521.749864452,1909.5802034840983,3045.5182471742164,95.83652442197737,1,NORMAL
8080,64967.73743541127,1.8179146887826019,0.45335864701583045,1707.8338262221407,14,BRUTE_FORCE
80,8056302.573208063,665.0400861642096,3396.6396615223375,6.415021171062962,2,NORMAL
53,6562810.147679964,1053.7110407487326,1249.5781297840063,38.371628011835774,2,NORMAL
4444,78677.17760700012,1.0801380703908432,242.4840290639011,1205.8589458857166,12,EXFILTRATION
22,55826.742595150026,61.098023914087214,2.847202452724882,247.7015155085555,11,C2_BEACON
110,7181092.170419446,724.2116774919039,5497.883491596493,6.187975325308751,3,NORMAL
25,375542.9816629351,522.6109633634228,1835.1217497870805,1.6948428417276562,1,NORMAL
443,430906.74253086984,632.7498532718861,3628.7578625840974,32.55792998602352,1,NORMAL
4444,586358.4513422223,42.51720886966509,21.080880497097862,408.29346723482564,7,EXFILTRATION
53,75560.57675723698,8118.6767597019625,824.4994912527885,45.76970718990576,0,NORMAL
22,357060.40554937476,1.4708286135991435,7.4539619006575215,1251.0280042235197,8,BRUTE_FORCE
3389,160712.87566224678,4.065627168600046,0.5710956326726199,64.77344634226009,10,BRUTE_FORCE
22,495510.6655219534,15.243245790822229,3080.205863815826,87.06236599284736,8,BRUTE_FORCE
4444,138255.352150604,873.9642442035719,140.22948015283131,227.93684831351501,7,C2_BEACON
110,3958530.7958439076,1721.9730184489695,1535.634693271775,63.03581251207721,1,NORMAL
8080,211854.67900293396,59.881477466264954,62.20509413350998,391.36175581954706,8,C2_BEACON
443,341690.29295159545,2621.641602247603,6873.492728390868,5.260657043789477,0,NORMAL
443,7586164.44064644,700.0078943950275,778.0034388660303,59.78320591082632,3,NORMAL
110,3572573.3270672215,4620.0887837160935,2308.996147062342,72.3057345434741,0,NORMAL
22,3773.299928606103,8.312550738574368,1.165177548938086,248.3811720376605,14,C2_BEACON
80,2188061.625135057,260.772281799565,932.9393984802109,50.48065952388659,2,NORMAL
8080,313248.8983626727,72.55455781088536,79.62654468077808,1139.5181131572203,5,BRUTE_FORCE
8080,105005.21400508583,5.365154965929707,93.21284785498048,1809.690296511367,10,PORTSCAN
1337,18175.659631758943,40.853601632774556,17.708925222097886,213.11271246935183,11,C2_BEACON
22,488290.6181388124,1.1204043068973584,123.78687239946412,38.91420645496567,5,PORTSCAN
8080,35929.00937703637,33.40567528963885,0.4427619853111214,230.53400770895715,13,BRUTE_FORCE
110,1775710.2406798175,1435.5541050163538,2077.7129896120896,103.74809358433961,2,NORMAL
25,5701089.956198645,1361.9722301766524,1059.1602716580346,0.7273703254903116,3,NORMAL
110,13505449.163326036,662.2064178017882,1004.7944262439952,19.914678006821788,1,NORMAL
80,5246083.6355761485,1447.4410938057677,1193.0548241043202,232.90279237709672,0,NORMAL
53,4206063.985039436,3721.2119416562086,30846.98162792582,28.197557433320103,0,NORMAL
8080,138079.0291959979,187.52391244304926,2456.899180143401,721.9314827885338,3,BRUTE_FORCE
110,2972493.562219093,454.03827516318006,510.0689470448543,13.724051832219478,1,NORMAL
80,2803139.5544308075,3881.0303019086496,11817.814201300049,16.77845106521051,1,NORMAL
8080,74061.21888053458,0.961850207273378,152.91764022608297,348.9078119372089,9,BRUTE_FORCE
3389,484837.16121293796,39.610597266945156,1.3594859616755899,500.89854873433524,6,PORTSCAN
110,1932455.4756851974,4276.998274414179,14382.636835970316,14.72094702277286,2,NORMAL
25,6973938.290292367,629.366587783482,362.80937640912157,16.59697238534495,0,NORMAL
53,4346286.022218026,791.7622099865134,3054.3627902285366,32.79860535218808,4,NORMAL
443,15189280.43359221,978.9077753769636,663.6091107036314,30.338057784786375,0,NORMAL
110,2738954.508412922,1328.0284008067404,8920.161305284459,27.889062111218326,1,NORMAL
4444,103908.65629208184,3146.2845018111634,7.2284154550027555,698.6948422129918,9,EXFILTRATION
3389,164192.88738603095,35.64155993756105,68.9220909209314,67.26570181024513,10,PORTSCAN
8080,102032.61608297522,32.13232143991644,7.269124904057937,812.8974278132458,5,PORTSCAN
4444,133733.66934124602,4.437357591619672,45.542636306510374,117.51902439372601,6,PORTSCAN
110,10757221.879443219,2259.8143425548174,750.6837646071768,186.23682256389918,0,NORMAL
53,10155203.773885002,3182.507616259968,7632.431329497947,184.0609778092511,1,NORMAL
443,6428347.525049536,742.9259962470289,1069.8623801633703,4.033179525747839,0,NORMAL
22,23888.46871424242,28.743287939936526,8.47083087552578,3.6643956893730794,9,C2_BEACON
22,6194.535503821056,334.75191489102,208.35642101694856,125.75598999201085,9,BRUTE_FORCE
1337,105548.34032835596,9.723186183608137,4.007558451572406,1513.634543954144,11,BRUTE_FORCE
22,353770.23133522295,16.119008802821426,13.591781374531708,665.8222519636777,12,BRUTE_FORCE
4444,35353.67957261598,44.13957170122571,8.205458185378289,532.8228293203955,3,BRUTE_FORCE
8080,42229.91086900153,21.406960688348235,3.781458954167237,42.91281659220334,5,BRUTE_FORCE
443,678732.4073264737,2083.6554570161957,1136.7273283656793,45.833621244685254,0,NORMAL
1337,25998.450250881604,38.03456604425818,7.923670876456193,327.01239987381416,8,BRUTE_FORCE
443,1544089.7817890549,2690.966688109542,7289.748012892709,111.45609821081712,1,NORMAL
25,792719.8310638528,526.0145670276421,47535.204994626176,19.236944375594113,1,NORMAL
1337,197169.61608364625,62.82928586261439,145.15333048405353,379.59637312494027,15,PORTSCAN
8080,192639.01164206743,62.34474698519676,22.305421502937858,55.53115356875672,9,C2_BEACON
8080,22274.914064288412,75.92757467681568,0.08419042239966658,296.6291462111891,8,EXFILTRATION
3389,57471.324356118814,80.77827139922857,7.861965578815117,300.75495546393716,7,BRUTE_FORCE
443,2399436.6184364567,1900.986956769432,1512.2239866959346,58.60099912430875,2,NORMAL
1337,12859.882854183297,1.932559731096541,0.9088141756659415,37.2238694047146,11,PORTSCAN
25,5309990.905711034,718.7431808601029,1359.3878331815747,35.93981066886621,0,NORMAL
3389,174544.8491040012,192.35559996052626,1.2115372234814186,144.7142295532163,10,EXFILTRATION
53,2959513.840544568,2767.4366059663394,5638.098584094443,112.89736774750203,1,NORMAL
25,21407033.71231012,1287.2569749718557,1141.7398181498233,172.21560146481,1,NORMAL
80,11385515.183807155,5875.6617111133555,482.2480661824671,24.889994126856035,0,NORMAL
80,1176651.7823414586,1052.3071805021175,425.47885999765333,62.04163871220221,0,NORMAL
22,30923.038563858052,36.0085319887444,36.668966013407704,445.8500991388654,6,C2_BEACON
1337,932048.2012747746,722.2886982793384,234.82837755547493,828.3966368006019,10,C2_BEACON
8080,363303.4497388052,3.7516188362632876,4.457728523454784,1.2805646305442089,8,PORTSCAN
1337,151320.78016140178,5790.462185343834,0.615726084886953,32.86154548587259,8,C2_BEACON
8080,482650.5181030301,264.26819358745746,93.52204004682596,453.47334188840637,7,C2_BEACON
22,175839.47231350877,160.10263590698776,258.8659449582821,302.45866372963434,6,BRUTE_FORCE
22,180826.6756575156,14.598877624578773,28.402625835074456,25.357465214812475,9,BRUTE_FORCE
22,270620.30886340595,13.315775350239427,6.845531296733564,1240.6501947018803,10,C2_BEACON
3389,276425.18378977093,52.453152324915926,261.0832195538771,125.62402883791785,7,BRUTE_FORCE
22,73299.05922162718,4.697941672174986,32.82050561625719,747.492026984723,9,BRUTE_FORCE
3389,73174.86873067157,13.941877176838208,528.4792105501942,1355.5541219738093,15,C2_BEACON
4444,85348.30277444387,5.160810209555806,52.70234436412068,58.4234907125832,8,C2_BEACON
8080,425967.5685003856,233.1367469515843,167.71084823600128,73.33850476560393,10,C2_BEACON
25,1455680.1972355081,1066.3859413666507,734.8736931228672,9.344169042258308,1,NORMAL
53,3577923.359336209,232.4005935629348,901.9624642514328,53.35685965114658,1,NORMAL
25,883226.5259667211,481.9471175045227,3825.421306805697,51.41139461041232,1,NORMAL
110,2161425.017737352,6704.421267516127,5006.017040712381,81.14562811649765,0,NORMAL
8080,91486.46310974148,41.582248909673794,106.49218721694844,1589.993231775544,10,BRUTE_FORCE
4444,87307.70420388381,46.410359747456056,55.17844897131215,150.4794375311287,12,BRUTE_FORCE
4444,56492.11928652785,16.97788653789425,6.354186285061668,228.11538469931463,8,PORTSCAN
110,12085729.023171723,466.554741368748,2636.6919989464636,38.63544042531746,0,NORMAL
8080,382737.8857901922,1385.4626729088566,5.462518068626389,1585.6476124843578,13,C2_BEACON
8080,45079.399885564206,703.5978857197816,63.29045209375866,86.85404511897643,7,BRUTE_FORCE
53,3422462.908215306,575.4035033682358,11992.756418119096,1.0696323636276297,0,NORMAL
4444,229775.84358664305,964.7130517406378,205.86726551471403,767.3684462194972,9,BRUTE_FORCE
25,461356.3485121593,268.01400944897654,724.5643964824224,69.09147311479109,2,NORMAL
1337,192472.10000877272,43.44562159673262,52.610123732612,718.4924289741707,5,BRUTE_FORCE
1337,21852.564266911195,108.01573956102271,9.011610706270034,135.99985051858008,10,BRUTE_FORCE
80,6947301.46057002,1705.1694345671747,6294.514268058191,144.25231853081462,0,NORMAL
25,292816.16538810596,277.09652500620723,1921.8875972452436,122.41671577826057,0,NORMAL
110,3074857.124422771,1349.4991435996405,1949.7396359727418,55.221817868069714,0,NORMAL
22,18488.237187850955,446.6355324118657,24.83813259565202,433.96377965982293,7,EXFILTRATION
443,5162830.169926546,1962.0073081598878,1117.558971337012,78.80391324795309,1,NORMAL
3389,96210.2774453236,21.876608699430907,922.9432609640827,336.8988183385584,5,PORTSCAN
110,1087410.540154808,1940.0855147687087,1028.6493997402224,137.8396907779581,0,NORMAL
22,276416.21374082274,17.01484430334043,32.89581413763184,930.8011672193086,6,EXFILTRATION
53,1098958.1923801033,743.5923238819975,5658.2817511920775,189.40827375453054,1,NORMAL
80,6371690.202989127,1505.6078865838124,41355.71519707201,114.62731060609406,2,NORMAL
80,625306.8190203711,213.0984660692916,1416.129668695865,42.94481429143504,0,NORMAL
3389,48003.75626873273,63.56476918928236,0.38705602895429214,598.8797124924561,4,EXFILTRATION
53,4992175.026026282,939.502324876091,6089.906121956155,87.02743195592119,2,NORMAL
3389,254763.261746216,152.88765371597842,4.762152820679122,144.99757171286436,6,BRUTE_FORCE
1337,318814.0044346323,21.067705100038186,7.264696411171529,405.78039694856193,8,BRUTE_FORCE
4444,100009.47882042783,94.46770332868368,7.354907650782409,559.4963232605281,13,PORTSCAN
25,13434825.262166066,661.1036985135231,3742.7561063762046,31.450832910251812,1,NORMAL
8080,58390.41611644745,1.24766722853025,4.805030892916608,558.3488944590267,8,PORTSCAN
1337,455082.4850894801,17.323544634229943,16.731967386006968,431.71470423895863,7,C2_BEACON
22,91801.76413235029,5.3327427414182695,23.20177897649162,371.76714337277076,12,C2_BEACON
53,2331310.2276943955,2532.5732371876416,2570.937972428726,300.5377022980033,2,NORMAL
443,14228428.93010418,221.14504560420247,1097.0610307886727,49.624902587287096,1,NORMAL
3389,326391.84820555284,98.57972212597998,8.623685272910356,1089.867699305037,15,PORTSCAN
25,6383697.167758629,209.1091605440158,3406.777889033755,85.75153141871883,2,NORMAL
3389,118704.22072166066,179.44940833715035,21.343467303382138,46.56479150106299,6,EXFILTRATION
53,7278615.702397285,5426.899421110887,12301.370538712901,25.933878610077393,0,NORMAL
3389,204405.22107972446,81.52952995710403,26.683711256246475,1025.0327125835552,13,EXFILTRATION
80,434644.1277161916,2461.089826354207,1405.572174842286,73.98118286294599,1,NORMAL
3389,30035.432987323995,14.13397955073233,4.447867154055483,1038.3605141193732,14,PORTSCAN
80,13866972.226324167,2640.3185458821818,1136.1903920612708,36.01654438959351,1,NORMAL
80,16274668.279520357,3521.0986494711383,3423.0520362809602,0.46485018684732343,3,NORMAL
1337,123430.66836453878,41.936066015789464,15.114232995071243,270.00181726303674,10,BRUTE_FORCE
22,369010.18693315866,4.165656327260676,5.03820385029236,43.58587942049382,9,BRUTE_FORCE
110,11998382.485218566,2035.222780352823,1312.833104507258,10.863488726807022,2,NORMAL
4444,295420.35187226813,10.377950059910907,8.319555556435365,85.69234011348509,10,C2_BEACON
4444,13236.33954060837,32.176400505860386,76.49912926716416,702.3528205009995,8,PORTSCAN
80,4103658.958768324,3109.4171529509745,6694.039657868434,48.74900476709814,3,NORMAL
80,5445642.191347343,786.9267256529547,1293.366857459355,222.18545347147423,1,NORMAL
4444,111528.74602163312,76.26252710091316,12.758469498694561,37.22875671550974,3,PORTSCAN
3389,203538.61302085788,3370.5607964141927,47.704349186669155,4.849541852584222,7,PORTSCAN
110,1214.8197393121848,965.6885817777254,848.4225261772856,72.71907771380062,0,NORMAL
443,8067684.003548296,806.5402266206074,14444.336390690867,63.15173612131198,3,NORMAL
8080,14862.84359561228,76.66985450588191,20.74562723848112,169.57196542342618,5,EXFILTRATION
3389,108394.31912082364,35.25400291028382,129.23676626940625,225.93611200097877,16,PORTSCAN
443,4391882.162138101,602.0617442079098,1881.6389719766753,124.47682276505849,0,NORMAL
25,1725617.9991386873,2983.404860107504,13146.931844484834,18.040957598921175,0,NORMAL
8080,37404.25491786919,8.02740265261681,19.61113854211863,8.54975210125744,10,BRUTE_FORCE
443,5507106.855991765,1792.3341086695038,4268.510229584332,109.75078234336313,2,NORMAL
110,64522.781444364075,2894.270753373745,514.0661645924794,31.27855327537085,0,NORMAL
8080,187452.35329319455,62.3981052674962,26.331180151674204,188.87344888179902,9,BRUTE_FORCE
110,4260618.006565019,1631.9448736831932,2038.5839065024086,50.71642812379896,0,NORMAL
25,8590030.038114676,983.1944422295707,8400.923219487699,34.731875347494764,0,NORMAL
443,2665309.1188219367,2247.87073392757,8710.20536001044,6.28336313121975,0,NORMAL
4444,334063.7381448085,86.42825308162033,1303.460485252262,124.25359201891881,10,C2_BEACON
1337,18934.0186530948,235.89035948743305,29.946687350114008,771.9033097425249,8,C2_BEACON
3389,20339.560483805984,14.393730767585362,27.238263078219465,201.69638428335986,11,EXFILTRATION
1337,72752.86901584922,333.2661186445143,61.36333936890295,25.450152109020404,9,C2_BEACON
25,5288236.504251445,4169.579438111242,1984.8720749766985,122.26778895642938,1,NORMAL
4444,409342.6429887784,56.992310114127584,5.258723322550573,95.6229799249613,6,C2_BEACON
53,3841426.038229849,780.5636427639887,2057.99163254699,20.069653707257824,0,NORMAL
22,398518.51819468825,0.4062878541808009,520.9086241109682,92.33766906373634,6,PORTSCAN
22,362809.83639201795,7.945617738031507,7.539852297845455,501.7472841845654,3,PORTSCAN
3389,183437.540558267,342.3647623737539,18.39120906170038,204.52677791190848,8,PORTSCAN
80,5531494.222334932,766.3173848703899,5653.273499105967,13.080154648311785,0,NORMAL
443,2575225.5287813046,1647.6254075667894,2133.344093028698,1.0601601187164802,1,NORMAL
3389,4925.9311329810025,1181.4828116386782,0.3836707768221775,367.56633859698013,8,EXFILTRATION
3389,24035.140902772655,155.8348840917038,919.6346544050045,216.10361925406042,7,PORTSCAN
80,450258.7558132413,4899.459999542813,2102.272606844861,30.584546565495636,1,NORMAL
53,2509100.7693553884,2605.265207573069,263.9955646856726,33.98340599133677,3,NORMAL
25,1116681.6697864898,255.98218051938073,123.21139990864188,17.49418692126951,1,NORMAL
3389,458089.9159224707,189.42984325946946,151.91290154491776,83.94196285939637,11,BRUTE_FORCE
4444,32902.42696446351,6.776207561051828,179.88470641685052,9.606576398350388,9,BRUTE_FORCE
443,64192.71113789438,4380.293865912839,31249.4776042909,100.17737994297822,1,NORMAL
25,15999710.438932959,606.1944243178574,1206.0007802383502,26.560970780280346,1,NORMAL
22,123482.79156619626,17.621903627295097,14.446975898889725,189.64555174143294,8,EXFILTRATION
4444,102863.76532733886,121.6064287502065,30.08937652005873,1169.6384685642756,9,PORTSCAN
8080,66268.59809831722,58.35654383517461,40.69530564408977,136.90032895563886,9,EXFILTRATION
110,2435158.9568338706,732.377847579974,3027.1509192607136,42.29637078136852,2,NORMAL
4444,429821.57983284583,4.5764438953977296,24.771640811374656,318.7714182272539,9,C2_BEACON
443,2376613.6101778164,1863.744475092093,12227.843055843978,5.035875536259958,0,NORMAL
22,9682.059335553882,913.4519751609505,3.37026490315036,1636.8023255828095,5,BRUTE_FORCE
1337,174265.6463679406,24.911323136645795,10.306283119867103,1017.1806453647596,10,BRUTE_FORCE
80,9242862.882599037,2122.4854320105574,3139.2855373731413,10.798661073691466,4,NORMAL
53,3206908.7522927225,672.1149301907988,762.0165368050192,43.15672002210428,1,NORMAL
25,6460858.808065867,1244.280231720808,3791.335997325958,31.4910050981707,1,NORMAL
1337,434032.79370710166,64.59715721697152,0.8701072124939248,517.9772658194775,11,PORTSCAN
110,1620030.240877383,627.1592075496035,1720.9291655800616,29.614261778616584,2,NORMAL
80,85573.77382997189,4866.535283388227,4119.653895531389,17.907092898110324,3,NORMAL
443,10554914.751545612,1615.0938025767205,465.43046161416254,29.588949976035494,0,NORMAL
22,286430.110316574,153.7943135963618,292.5429717329043,124.97036207194944,4,PORTSCAN
22,230692.82824050315,115.8698829028054,12.501542283815619,509.5619157621429,9,EXFILTRATION
3389,162831.41134087747,1532.4687836630178,28.247788200050113,50.413715815892886,5,PORTSCAN
443,4071464.663739465,9675.192177829136,8038.374434111612,173.60539485050543,1,NORMAL
8080,74876.2904676567,528.8106511707584,13.016650274692232,161.93062056144626,7,BRUTE_FORCE
3389,277245.18991009635,10.620700789551904,1.1882663786111198,153.71068523258975,14,EXFILTRATION
53,1315589.377605886,10230.368881898503,27738.126748535215,3.3852415666694586,0,NORMAL
3389,183838.6697508308,11.613046474772123,778.5557845915865,471.9105106626532,4,EXFILTRATION
1337,55180.54926430878,528.6179769572504,17.285665251525828,274.11973457546554,5,BRUTE_FORCE
443,3857621.107536396,1516.7811609971045,1700.1836152801884,4.006569462067062,1,NORMAL
80,2583220.6677789115,576.643149685556,520.3628276298584,17.135335981472423,1,NORMAL
1337,36699.36471704118,80.53163883930671,5.614301904507683,312.63881735296064,6,PORTSCAN
80,7069134.080741264,668.0039277770353,1123.6893097124234,75.57714648821947,2,NORMAL
110,3040049.9620703286,598.1946291359552,4143.732427232364,73.67889238103383,0,NORMAL
22,26228.588423291494,25.581530869861098,8.980911383310971,2119.6655009017936,5,BRUTE_FORCE
1337,246317.89900136995,0.9577150317347272,17.324660802687955,59.67822675103811,9,PORTSCAN
25,3287936.6385265663,4406.4891848624,9715.558175204267,111.60927381623473,1,NORMAL
1337,294968.2343422964,88.26278364523304,52.30502995172498,289.99010918017126,7,PORTSCAN
1337,246624.1484067397,59.53045278874859,21.19229008636975,68.46118053363094,8,PORTSCAN
8080,298324.34563339094,94.93975979355818,1605.2880006380528,280.95681477111475,9,EXFILTRATION
443,345412.1713312278,290.94156534510324,5881.251448768105,81.63832117944492,0,NORMAL
8080,240410.33962424137,18.840263382254175,22.29706286562257,366.3621944257681,9,EXFILTRATION
53,561144.4314044407,500.6143987859049,5490.936889431737,81.73485251110986,0,NORMAL
3389,115448.83753957089,26.825009265910737,4.063602884834094,106.9046266942837,3,EXFILTRATION
1337,127761.11504042763,184.90344715496175,88.91499296569926,456.12343764625484,8,C2_BEACON
443,514081.4158570412,993.6565273291851,8481.345730902856,13.422737375355279,0,NORMAL
443,1625347.1168622177,330.974733179851,4674.554876285586,2.5498402060971572,3,NORMAL
4444,16611.466442793793,125.91989957161516,74.74193087697633,95.76994087225852,10,PORTSCAN
8080,237118.62156805038,51.80315424360125,482.6920560312215,397.91744781592917,15,PORTSCAN
8080,68295.38528644838,166.20082198151164,2.4364243749012577,94.15172309797235,6,PORTSCAN
53,12676146.354297876,1780.65160757381,4162.393362014075,4.86059963305427,0,NORMAL
1337,385117.073504841,857.6832570189943,88.0856946978517,824.4574361984875,10,BRUTE_FORCE
25,8768500.434639376,607.9451133221843,20778.668309535133,57.84301423726017,2,NORMAL
443,1810125.0518858565,2362.102432347329,9387.41904387818,19.71274977638526,2,NORMAL
80,1107172.649255106,4880.500740997511,1951.3091475131234,31.787799160249307,2,NORMAL
110,3851969.9859535154,1479.9963109640019,2550.3432376488313,70.22734137274321,1,NORMAL
8080,865281.7390234317,23.498513706981353,0.2748532591300881,1729.2162016651073,13,C2_BEACON
4444,117703.40829697326,68.30873078808388,3.8653270281762215,13.034733932586734,4,PORTSCAN
25,5163512.938618986,1881.3869305061253,1437.9516406059277,123.82109464731379,1,NORMAL
25,1205113.7591260385,2265.2011165583913,3757.941297823245,67.31837455774189,1,NORMAL
3389,289523.70190753165,121.7772434801124,0.5377954800084407,539.7570182509185,5,C2_BEACON
80,4628614.675842824,625.7488847053987,2078.949982072541,67.57584316175056,1,NORMAL
1337,221174.4239495554,610.6821572685893,12.596026500934135,688.2544214100108,4,PORTSCAN
8080,63461.48701758666,165.71020890529877,6.206856435335676,949.1045820788532,8,EXFILTRATION
4444,99205.55645584213,266.6125004816818,26.782930072447094,255.2431818711491,9,BRUTE_FORCE
25,1014129.4705686755,5295.360600331847,3346.654454222352,39.912448649781346,1,NORMAL
443,4656983.36216083,531.4969534562223,4726.745612788358,18.84390993979725,1,NORMAL
3389,109609.58823036344,520.3841446047054,11.743772401977433,1700.2196816441751,12,BRUTE_FORCE
4444,163737.35434413026,81.12245691109013,124.15631876877691,590.8181486623915,11,PORTSCAN
1337,317272.04864757764,16.046524379876047,7.608975591392502,264.3853102362374,12,BRUTE_FORCE
8080,441152.7967599028,200.51335516160714,77.69179068922567,78.9151926528454,5,EXFILTRATION
3389,276706.1005804383,79.72374595592325,69.15429744860423,700.499678769491,9,EXFILTRATION
110,424779.52491711837,5348.087905452028,1115.5879209109664,33.00846453679294,0,NORMAL
443,12423119.610431189,2391.548115213954,1671.456797221085,20.335123104282545,1,NORMAL
22,460746.1140410136,3.5687537430159475,3.2430966916565387,27.42746180636344,7,EXFILTRATION
1337,178419.4865585609,5742.686929069072,82.66787683767231,625.350606863752,10,EXFILTRATION
110,289911.1184453993,228.07492325629812,98.22567154985913,19.860040234750542,4,NORMAL
53,11329179.295211617,1645.9845895809183,1095.5470909750632,62.505555113446164,1,NORMAL
4444,108175.74016461644,114.62389065937901,216.5675158155895,362.14575768385157,6,EXFILTRATION
53,1949015.452525012,1549.0764314461949,4340.6163266478825,2.148811870931595,0,NORMAL
1337,4006.8758546909507,25.266716568237918,40.405633375155276,228.8992891566533,10,BRUTE_FORCE
4444,55645.561842149895,375.54070563195194,16.130117739444323,297.886954528216,7,BRUTE_FORCE
25,1326689.127508023,513.5435307720095,10523.28918199876,36.779173726214175,0,NORMAL
110,7102435.079965912,2285.6960015429872,1577.0378267861695,10.654822648916655,1,NORMAL
80,5139997.938168065,3293.0993906655435,3550.736647188107,10.292819011781125,3,NORMAL
22,207993.34259872691,1.6337974666212727,3714.095052633085,789.7434452535614,8,BRUTE_FORCE
8080,142037.7885533415,149.22119638534184,70.25161694103255,632.20252426921,8,EXFILTRATION
110,2964724.535213181,2061.5725760238897,12811.246881283418,18.410297979374914,0,NORMAL
4444,4177.924638809131,1.211445670161111,104.71688437675209,279.89657505770896,6,C2_BEACON
22,357345.28711933095,33.841028678661054,8.958513713960626,481.9724085239247,7,C2_BEACON
53,10591011.73847779,3240.8246665405577,3614.9113004040837,109.59923500858947,1,NORMAL
8080,27526.194414930953,170.18447180421407,42.799562485123865,74.50531018430671,11,BRUTE_FORCE
80,3814902.8867121474,159.93025075600053,1029.5168756326027,50.784035873548994,2,NORMAL
3389,48671.78584879313,158.01667270188787,1.5620424573281415,553.1909637781254,9,EXFILTRATION
53,13287057.467988452,1375.039983610611,1581.072672825405,36.246339672893164,4,NORMAL
4444,57634.283703256515,370.3681179638488,35.2489490853648,770.8358368612891,8,BRUTE_FORCE
8080,252125.85228069223,3.967821168781842,10.470358788109234,566.9700946674905,9,EXFILTRATION
8080,84539.575416153,18.322982301748322,187.585756475603,319.0135255774866,8,BRUTE_FORCE
1337,666512.8986861494,245.4461698927189,22.60407569480661,25.834185569083967,13,PORTSCAN
3389,473102.0016260468,1.0347837490287646,116.03968038071655,222.8970299196072,10,PORTSCAN
22,363926.2577825763,59.6360245831322,21.329001287731646,616.5739030829485,7,EXFILTRATION
4444,51086.98407792318,34.974204769340055,2646.579483111141,201.09615017483006,10,C2_BEACON
3389,13906.859858187609,47.41911166610507,151.17848657371013,86.2191562837185,9,PORTSCAN
22,308942.37987822137,164.9451412019583,20.352260854588252,656.9095339855744,8,EXFILTRATION
1337,22834.180789441667,31.08448347242397,106.05841357576776,430.45924675634456,10,EXFILTRATION
22,988256.8343926301,11.598234283832172,29.243001221423107,473.79261220736635,8,C2_BEACON
53,76912.73349944534,349.69363885660096,1685.895161056839,32.75013638573372,2,NORMAL
443,2465472.0810544677,1687.973231453161,3287.7990917338498,108.96542986777223,1,NORMAL
3389,334785.83372098417,34.289156895972894,9.975828463438772,557.1810581448525,7,EXFILTRATION
443,307181.2101437328,378.6625731342614,5761.493513798958,111.41094757038397,2,NORMAL
25,4766063.429317505,1324.2891204369014,2032.7086566645964,32.0373068392269,0,NORMAL
25,5263012.003987744,5128.390833996161,3752.983512763123,52.64548369663207,1,NORMAL
22,127456.86630792198,97.96657613046897,18.141207222360794,231.66767180394356,8,EXFILTRATION
110,23912128.759787828,1075.8623662641107,21201.674033615625,11.415486437790342,4,NORMAL
53,195583.67769317236,115.75819221069897,5507.503059691969,1.5760009931374885,0,NORMAL
1337,107260.74698254195,38.21624990210195,0.9091309683419727,203.17949910541364,6,PORTSCAN
110,2883924.5065733045,409.7662822317927,19687.973113703436,24.305995907445396,0,NORMAL
3389,71392.29918320378,33.485754306205884,66.03562792882991,135.60957060920103,8,C2_BEACON
1337,619467.258485813,66.44428992222072,219.61594787254802,357.8712706668604,13,BRUTE_FORCE
110,3651190.4315184564,1187.4691380452632,12779.284165316703,4.656363443220003,2,NORMAL
80,12720592.034643583,678.4682724073198,1744.671912886173,27.202061997299857,1,NORMAL
22,586806.7496785863,23.854760754476512,2.074025967220545,185.01904348690067,5,EXFILTRATION
4444,256877.02684911428,76.25761943828374,1496.582262816483,209.19563507066027,5,BRUTE_FORCE
25,5230503.040168836,243.9211287961715,1875.9683307893372,6.764468758182591,2,NORMAL
1337,420800.1601531588,71.89852338251409,57.40938770844284,324.7969898513773,4,EXFILTRATION
4444,32911.599025121584,157.0008848409884,1.2260276142527642,611.0886575124765,13,C2_BEACON
80,2763211.1121942652,6035.188433634784,7270.727489554019,61.58618920249448,1,NORMAL
3389,501206.4715055336,46.55378647588774,18.1545184674014,244.55501953346894,8,BRUTE_FORCE
8080,387878.2205751005,1460.4060197351596,1.1856513273358726,389.56373754297033,6,BRUTE_FORCE
4444,433934.2698322604,59.38449745326023,10.584995469240337,136.45970298223486,9,PORTSCAN
8080,42751.65004313636,1123.3541695468593,67.24053163166066,1133.3185936368504,5,EXFILTRATION
3389,742.3352154440414,41.88443489090491,1.3345911051286072,794.616726767844,6,PORTSCAN
443,205849.08823963648,393.3819072842736,1796.0753067311744,58.0505184295106,1,NORMAL
22,7612.302914667302,17.818459362801967,12.949944240418812,194.26059789595354,8,PORTSCAN
1337,3188.1016226103397,5.869858015217225,105.09893746706838,29.071585971588704,13,C2_BEACON
8080,18542.91652170919,3.7344203565882377,16.185759278157633,41.32818267549053,7,PORTSCAN
110,6668000.560401077,277.99142348425823,7054.461092721896,7.1983191092891055,0,NORMAL
3389,27113.780630072593,18.11873256525395,63.85181577772364,902.1089116153488,12,PORTSCAN
1337,68141.09900270797,271.5443350324462,8.864790310073293,172.52987866728162,9,C2_BEACON
1337,60319.56323642909,79.88917646818864,211.91578108738872,38.87254098895915,8,PORTSCAN
4444,291565.85157140176,1911.394436360704,1.1281852944284487,1229.6880124712832,9,C2_BEACON
22,139548.20236960094,60.79599592768636,135.03127568586592,166.82387425793286,6,BRUTE_FORCE
3389,77303.82741644808,97.59285413144624,0.0866765338498659,304.7320656150414,7,EXFILTRATION
4444,41360.487888594515,5.990235689837703,1.2266169942808502,792.6897240421584,8,EXFILTRATION
80,1882224.9106318525,1052.3193070135774,1418.2988459045405,41.418007183046335,2,NORMAL
110,2829192.6172999367,1283.2430477067012,8297.688967305507,29.91900525084282,1,NORMAL
443,3718754.1607196108,812.7719686179491,47330.38419614824,8.56619271029128,2,NORMAL
8080,142515.68570067853,774.5105297455424,36.5222340349704,274.50980891094883,10,EXFILTRATION
110,11875000.411167527,345.94979949602316,371.34044214868214,11.20358554391214,0,NORMAL
3389,65841.9950815519,871.9397639148074,42.68196257067089,271.7813729418147,7,C2_BEACON
8080,79266.13483535113,271.6421313744275,11.233221362341826,178.0940563887662,9,C2_BEACON
110,7958986.178905575,312.1346496354363,1597.8122457582026,21.594308337267574,1,NORMAL
3389,12835.745471783972,88.7923497953117,1173.089077249715,1057.613289741764,8,EXFILTRATION
110,5618007.72322153,2127.7941101287365,1998.8999217964306,92.40195485459304,0,NORMAL
25,4827046.901619814,3213.839287576904,4003.7354474213525,60.06272095597834,1,NORMAL
53,4366576.211608102,1510.487695660833,47784.32174123397,41.128387990014204,0,NORMAL
110,855151.0249253341,310.17456325619236,6796.2793489694395,19.78234885400797,0,NORMAL
80,3795718.914804157,1025.5557689881496,747.3380809023477,108.482475481268,1,NORMAL
1337,410205.8381557761,59.008367583302764,34.995610713008865,618.6766084208176,9,EXFILTRATION
443,420065.6300335847,771.1726300191261,517.1101943630651,13.409306633195653,0,NORMAL
80,7233427.746598924,1530.3175394702685,8438.739827634301,25.08690160934511,1,NORMAL
22,48702.581672108856,36.868476669337156,15.549277296815132,913.7611565169725,10,EXFILTRATION
22,855199.8107872542,39.64716160450543,31.79101339801692,759.1464493213982,16,C2_BEACON
443,3307053.4120651935,912.7478618379729,18175.58272116059,12.618897644697235,0,NORMAL
110,6226353.829263092,2206.0372197341476,19432.80959487096,31.596515880078453,2,NORMAL
25,8518324.600029811,3861.790464201817,11281.498461626505,29.463691044871837,1,NORMAL
443,2644367.0781082585,5784.466691330412,18344.720849701935,21.370940558814667,0,NORMAL
8080,279039.3583450203,183.9117672619484,1.812308751944478,0.811579757363338,11,BRUTE_FORCE
3389,255870.21456765386,18.822786389666017,3.2093180324871415,168.61108559147124,3,PORTSCAN
443,1354153.381775164,631.6433163428618,3079.161704821253,47.8746016879822,0,NORMAL
25,5048137.4775767205,9500.70375770507,7680.998668605186,55.296264911191784,2,NORMAL
110,1851476.0365294162,1771.5768763463932,4474.579797833173,24.97959452152858,0,NORMAL
4444,287710.8255510427,263.74640748113774,0.8306214242175135,367.6887250701684,9,C2_BEACON
22,107058.93511370484,26.23702771381084,65.5016484239261,229.55383634649007,13,BRUTE_FORCE
53,2631808.207174423,546.9291426058583,2975.3406961947276,49.94254598195548,1,NORMAL
1337,75075.1903219462,8.648297576675636,40.71293710697794,1133.0040898448653,9,PORTSCAN
1337,342183.7749991878,1.8285551429333997,6.241812988934261,191.74389969638895,6,C2_BEACON
1337,35918.4338984376,10.137491736781037,4.902474344823081,116.46198367182618,6,EXFILTRATION
3389,97748.45425713094,82.10662461112254,38.06548818414178,90.13610607450696,6,C2_BEACON
1337,198030.17603921457,281.34099790111856,127.96547343198763,237.1700412579263,4,PORTSCAN
3389,92702.99264230563,9.662465422458283,73.90727717250181,312.22284610322026,5,BRUTE_FORCE
4444,105985.86094306884,72.38061855223116,7.690374647762152,527.2929359473502,5,EXFILTRATION
25,2691711.532773454,310.14411083887035,1214.7746129404686,22.039966056370634,2,NORMAL
25,16062694.908427011,1552.1517708137458,1591.249493770925,42.68418809650262,2,NORMAL
53,9794287.172239417,341.99564396420175,13500.925096050021,43.347061077505955,1,NORMAL
25,644628.1472055322,483.3100664775076,8487.859764276393,30.466053666418837,0,NORMAL
1337,326903.03654562024,77.7492972216764,75.39690116393469,176.28898241843768,7,PORTSCAN
22,93345.0760988448,34.015265587370735,60.28317102857783,644.2639056089782,10,BRUTE_FORCE
4444,130039.74206747007,87.83924978239813,87.8818478577097,377.110497769982,9,BRUTE_FORCE
1337,4039.3153465160362,46.70427977913072,55.208368519043404,164.4052922247748,9,PORTSCAN
3389,110820.40007490384,650.0102322545315,37.242726166575764,1131.5407204841968,11,PORTSCAN
8080,849458.9422423347,0.6449210157239949,0.3782046389592395,302.0112209276485,6,C2_BEACON
443,2459456.3110109586,2217.1207570220718,1733.1167122555273,61.72610091333021,1,NORMAL
110,3797362.607553751,646.9999542705345,3769.7675999817584,46.500820745376906,0,NORMAL
3389,329610.89964920864,136.12808168970972,12.927737403335957,386.7213062177259,8,PORTSCAN
8080,206219.2021856215,23.244820363350765,180.0659078416473,167.4078001746316,8,PORTSCAN
4444,244293.89783173,1312.8395948274838,5.015238225796667,123.7402077360536,7,BRUTE_FORCE
22,289957.3711920046,18.977905649529507,36.79870205670087,533.7565278251897,12,PORTSCAN
1337,38918.31414898534,51.55324844558044,148.85429538944732,418.98091344241925,7,BRUTE_FORCE
1337,44510.586727189635,56.48869565580257,3.9045022034072057,151.69130631594058,8,PORTSCAN
80,7125594.856973817,392.8290449554164,433.65501372594684,43.34969653950194,1,NORMAL
80,3455425.9817645173,732.0909011626763,1609.1160931485772,39.97089920670498,0,NORMAL
4444,2422.0634545800576,920.481086406058,123.1928749890463,374.04981438095376,4,EXFILTRATION
4444,188595.09510411086,128.07396227603488,19.994241723272445,216.51126372027568,5,EXFILTRATION
53,6138445.27782701,1658.6415499934005,5548.4002216217,28.043611998372963,2,NORMAL
22,528784.9608712514,46.354759715462926,252.31675370033346,1397.8199840181646,5,PORTSCAN
1337,500067.3817444385,5.779805748090965,1.1284208789921155,195.13987797535682,7,C2_BEACON
110,2779984.5084185437,220.02544782573582,3880.462787867474,76.8354375176035,3,NORMAL
53,9283501.993670866,259.11842951321677,8468.191616361764,9.74582876184124,2,NORMAL
53,12737741.700142793,4790.940450612274,357.12426005465113,59.29428447315234,0,NORMAL
4444,23003.172003176158,48.19009075538104,10.960473824982305,440.7739778166825,8,PORTSCAN
110,3812274.173051322,13771.68110178426,824.7619080616073,39.51574190710161,1,NORMAL
110,6341654.770395612,993.5447517772462,4832.834260575519,1.0066746244072533,1,NORMAL
80,10628498.823109442,3330.08521392599,997.4573421826119,10.777120316550224,2,NORMAL
110,384809.7046190835,322.9945290045384,7840.65246455391,4.266954102408566,2,NORMAL
4444,6656.392653115548,148.47212672815795,282.6611550313941,279.2350898761703,8,BRUTE_FORCE
4444,27796.933025746068,4.616149235493299,10.212765581570542,608.1002191109783,8,PORTSCAN
80,1494055.0440639474,1475.2351454240957,7211.793378257987,46.01942278232898,0,NORMAL
22,502143.35908268765,1551.4344215251656,1.6101755148895158,334.00474525039454,4,PORTSCAN
22,63771.2408149426,76.52424508587491,18.67873215398702,392.27319724098953,7,BRUTE_FORCE
4444,116352.2807441579,101.48408190784636,18.457004632812332,177.41494491834553,8,C2_BEACON
1337,505442.7723151111,8.993453728472165,11.155296768989274,540.1407790546735,11,PORTSCAN
80,1153284.6823550449,693.5775171067324,1659.1001498115936,7.874029911443264,1,NORMAL
22,30860.369378154614,401.6413491144864,0.1484223204725159,640.3455221374041,7,EXFILTRATION
3389,1824035.2847991404,1747.5622545945037,3.617939151122306,1287.746833135692,13,EXFILTRATION
80,4149337.359383612,2137.1856965069346,1863.925696618621,36.99160283580267,2,NORMAL
4444,310378.1724050685,22.03360625757472,4.867563065740497,15.55155646614101,13,BRUTE_FORCE
443,5876062.92773439,550.5337170190767,1098.2962986543405,141.01907500953453,1,NORMAL
25,2288618.298512268,254.1410797232496,2106.139444531075,31.30314479574411,1,NORMAL
443,454766.0099679579,472.3424646675406,2725.1055601544836,64.11850131174387,2,NORMAL
22,504168.56227489724,123.95473755215441,3.894091059175332,705.1949770175663,10,EXFILTRATION
4444,3432.3312192360804,25.48876894121521,98.62506211249944,54.66041338962161,5,EXFILTRATION
80,1791778.8286239882,294.45357058271355,8246.255553762654,57.43983500893906,2,NORMAL
22,715240.0041296681,10987.182763175004,243.2738240042114,763.8795801326575,14,PORTSCAN
22,211956.88673210976,8.838588964407922,220.18336457874346,223.03044449207005,9,EXFILTRATION
8080,131865.32935683828,1996.5461359160054,5.53170952936816,200.73202495180354,10,C2_BEACON
25,515746.393341898,875.2473889848676,2243.4666071809065,52.941092581565506,1,NORMAL
110,5224271.765635617,344.9656279482924,497.96341094698363,51.70480209959717,0,NORMAL
1337,32459.314710633258,66.54262207133092,3.25753904097472,128.87822153548896,11,EXFILTRATION
22,2634.451674598345,42.21677286358505,14.363867738676703,870.976480019037,6,EXFILTRATION
8080,11985.844398615916,41.999780240179945,148.16971438879565,885.3473029211082,8,BRUTE_FORCE
443,7571731.66988026,1558.7856302832502,10731.744685959267,5.8119428314370465,0,NORMAL
3389,92409.48700217345,751.2313994070192,8.55124319312176,264.4110958752734,8,PORTSCAN
53,674162.095912738,2463.3035341986765,2034.2851846134854,136.81556331691274,1,NORMAL
25,1217597.5181309797,32137.159013781755,2286.9512184026207,3.404468520750377,0,NORMAL
80,5070925.892504658,197.31866867284444,7554.686125155446,42.58704326791787,1,NORMAL
4444,250187.91383749482,25.57337318014722,32.45207824429216,1178.9114042941785,14,C2_BEACON
25,2813635.272805919,556.139773329101,520.3295192311763,7.388392855995001,0,NORMAL
8080,36964.986538800134,3.558189933827145,0.09335214641223077,165.76084353561177,4,BRUTE_FORCE
53,1633461.295940963,585.7582578678712,35063.45501884987,77.49264148959136,3,NORMAL
4444,235994.92485309977,65.04193347164512,33.93294517031424,524.913027278094,12,BRUTE_FORCE
110,2520913.4051239314,1079.7970213640099,2953.5101348758985,23.158437111313972,1,NORMAL
53,293970.3457438875,762.6692425285711,5916.73268260837,82.07971529802397,0,NORMAL
22,393597.73237610905,149.41554862866445,11.442872631070959,254.83189040065957,13,C2_BEACON
53,8560002.989082547,167.26250356366336,616.961934208872,0.769584232357869,1,NORMAL
3389,32406.0458782284,285.107008100607,10.380702301405845,106.88831708621784,6,C2_BEACON
110,1279557.729516671,381.415156239546,3348.532440060396,251.6435415782356,0,NORMAL
25,19754124.372645635,1246.2909787427534,42178.051456370944,151.41697686792784,0,NORMAL
25,6707485.6170172915,581.9651024491995,1347.0573937794088,185.73801276619471,0,NORMAL
22,169833.91408465113,85.40132771821459,1.0753867972072362,174.2902828303825,4,BRUTE_FORCE
8080,217302.47624115692,5639.126937216913,89.17354094080275,235.9804895666392,7,PORTSCAN
3389,150624.21574325822,4.635918490390213,16.06134553163645,372.2243051892444,7,EXFILTRATION
22,12037.361950692855,271.0175769364372,13.008706962340904,209.28548553580006,8,C2_BEACON
80,15700373.348319916,688.9941470212693,8150.321583212357,17.68928126974469,0,NORMAL
3389,649374.8234736338,30.231005535077667,5.280686793681757,107.41682413672173,8,BRUTE_FORCE
110,13908279.692871958,1106.389957604995,3935.6611961804806,59.9883671759919,0,NORMAL
53,1770180.4031342939,877.8055262257406,1801.096644402099,10.852222291020542,0,NORMAL
8080,133229.81353249768,25.45812631542933,0.431309935137499,369.4936755087545,9,EXFILTRATION
4444,170773.62120206197,3.469462964380461,109.03142140375671,102.4753376993874,11,BRUTE_FORCE
1337,7684.100453397898,655.4865239356034,0.7549059714107882,466.1336143641945,8,C2_BEACON
443,1107253.5305364733,527.496743348431,2825.7235104658666,2.2152951739781277,3,NORMAL
1337,12992.746113420084,29.650367095773678,3.0245021362694913,326.89641527751144,14,BRUTE_FORCE
110,289333.7077291333,660.7431366454616,1528.804087487646,49.21540919491429,1,NORMAL
22,71114.38196934204,173.03172591317363,15.474272949253844,821.0119825448899,10,BRUTE_FORCE
110,725349.3083511123,1744.6697484567596,8599.933646633512,29.629937896984305,1,NORMAL
4444,214039.28676673566,4.641137558301411,1630.7666701103872,836.4619520854382,11,C2_BEACON
3389,38854.958322137274,20.84220306189552,53.84233723229402,175.87058353719107,10,C2_BEACON
443,2819225.393868956,667.119579417905,10938.79115657716,9.087541161597871,2,NORMAL
443,5209585.592014116,1599.6733527238625,35327.248332990035,16.400093547159702,3,NORMAL
80,2959926.7649035393,479.002702640913,3761.491412494262,35.76880614692094,1,NORMAL
80,112265.02847869675,1140.8966007292524,11734.351495777188,8.265038842800664,1,NORMAL
53,8367580.234466766,148.16018184822818,1300.3622605662997,18.124845616784828,1,NORMAL
22,182789.95147445344,8.436490620081049,279.6618037050391,447.9346277991755,5,EXFILTRATION
22,85719.6809610555,10.844421839458166,243.92835227653012,202.59788106061632,6,EXFILTRATION
22,33703.17637632106,121.74105343908268,3.926303467982336,560.3556122177663,11,PORTSCAN
22,109675.93779653954,39.080092884472876,4.635979117214893,712.9447476951049,9,BRUTE_FORCE
443,10654013.887161445,3921.667632341976,7807.181806388599,35.219952473095965,1,NORMAL
80,3121373.9138816176,503.5542474114772,6038.338398029824,128.14281079017732,2,NORMAL
110,1634692.619961044,353.17286959295296,10291.223030257752,33.914077020801756,1,NORMAL
80,7268672.2893338315,1009.1528285831733,5775.337209290033,27.394949012291814,0,NORMAL
8080,488764.35370097094,618.9835698703768,14.026730142148848,364.33447526429495,15,BRUTE_FORCE
3389,139592.51683597223,164.82323884698775,37.81719895515204,491.0747124634483,4,BRUTE_FORCE
4444,6008.822278695409,92.76396278059359,3.2078466112951185,293.98512135123104,8,BRUTE_FORCE
3389,31940.09753002725,418.2097912653637,62.68537379663233,128.16838163999893,10,PORTSCAN
110,4346997.918157326,1171.2006397889074,12493.67477994342,84.85939346612548,1,NORMAL
1337,38021.194107768,1.2604775461988849,39.758141067218396,483.4204055469317,7,C2_BEACON
3389,5752.249714352657,10.104198171757881,0.9810966095565631,117.60890208585326,4,PORTSCAN
110,42659.35867707807,818.3106900907975,27295.567831559438,8.021297817893762,3,NORMAL
443,600855.0538363867,303.4668059210504,20079.92822676717,78.47526272405152,0,NORMAL
110,1330416.822487637,7853.8356512403825,3377.7330413243026,80.03241122694045,1,NORMAL
4444,145420.11219052586,7.963084132500702,0.4437676415903079,318.8510878703835,8,BRUTE_FORCE
1337,212873.13910003816,1526.9658550188692,502.06785598147525,94.55883080411589,4,BRUTE_FORCE
1337,91636.83894306194,6.49592004646227,1043.476470844768,257.4815130861287,8,BRUTE_FORCE
80,4023913.109115993,2418.1530184392723,3723.7108402597264,76.6544683603862,1,NORMAL
25,4445032.06867631,2098.8560161619157,9151.392156926717,89.18291326333257,1,NORMAL
8080,45303.9105565762,873.5652699501121,15.78308364971984,33.00979070700172,6,PORTSCAN
22,288440.8072377375,488.7160091654075,3.357061509281098,93.24515097621568,10,EXFILTRATION
443,178961.08724618342,403.8581182202211,5563.625577196475,86.2624632142817,0,NORMAL
22,257280.71579209395,1925.5611852404718,114.44098597542279,254.06739723488565,9,BRUTE_FORCE
110,6415787.249398727,2490.262969499282,2259.645149770322,75.43970123044727,2,NORMAL
443,5176868.239395656,3033.679214002807,3629.106584789675,57.00616412760849,1,NORMAL
110,3484466.251876125,778.0637263607356,45854.41252069529,76.36911590783832,0,NORMAL
22,201714.81700120214,25.487113742083512,734.8847221552921,1530.4807585121125,9,EXFILTRATION
8080,50243.01096531707,147.00397200957823,4.196872299831561,574.658817921249,7,C2_BEACON
8080,17486.926105743027,85.59312620597026,67.10641891067368,1605.759772420248,5,BRUTE_FORCE
3389,68334.93389596257,45.52833338949014,136.15722634649393,767.077768898358,7,EXFILTRATION
443,212340.49223217103,383.6817614018728,5779.175351328535,33.63036198379997,1,NORMAL
80,2077610.4476451934,15316.242444219015,6403.134073658497,20.67526153878967,2,NORMAL
1337,815390.9736481155,124.00029112323824,2.1339819244975815,142.15775065402676,5,EXFILTRATION
110,4407132.981589317,299.36814204572227,29826.053235002197,10.638897204800518,0,NORMAL
80,4588748.941236248,2657.8061899398285,153.73095983473155,79.90114815365668,1,NORMAL
4444,238822.24288544536,103.5064073452222,0.19283434848490727,461.30932791636974,5,BRUTE_FORCE
80,6329492.431770306,1664.1925410006165,5877.49662003008,151.37234801746155,1,NORMAL
53,766812.9811598556,4883.950787964741,2703.938093225832,23.579177358584346,2,NORMAL
443,53865.59961795686,428.3686119831812,2684.9622015194573,40.31903727655851,1,NORMAL
110,1678803.0681875031,2022.8644087970515,122504.94498431213,4.903120683198071,3,NORMAL
1337,254416.94678398807,1179.7215659573185,251.9424896176983,101.70015775454897,6,PORTSCAN
80,8648092.050865037,609.044539848423,3131.5928032155084,74.28146566115224,1,NORMAL
1337,27287.161581652497,32.71681948237874,4.494180473070083,464.16258052898763,9,C2_BEACON
22,18800.457319338846,620.5339674908848,16.952418036758374,1984.6997431665425,10,C2_BEACON
80,1559855.1563164252,1474.2921279818963,13855.290510632854,66.655856034654,0,NORMAL
1337,170284.71697673682,20.45340433665916,30.598173716847167,119.54580966087771,11,C2_BEACON
80,8528660.519464122,1420.6751789322493,2309.467641737191,55.45930353825975,0,NORMAL
22,191058.56467440876,47.5992012928916,65.52433732966111,587.0350400342869,7,PORTSCAN
22,447318.92533088767,2.577167729052463,85.69933141597804,292.73916548607775,14,PORTSCAN
3389,133614.82763168038,219.50033017194872,1.2101891354579568,1935.9954665361906,4,BRUTE_FORCE
25,2959631.836093573,650.820153867369,25880.73726007478,79.83273099539326,1,NORMAL
8080,177208.3936676437,11086.20364003413,6.099339350582542,1531.775822484195,5,C2_BEACON
53,271365.9459926547,1108.2591299295116,5321.010430773766,14.061680089914491,0,NORMAL
3389,11859.891462683023,9.597996436595471,0.7755515896642012,362.20402875666645,7,BRUTE_FORCE
110,912331.8474960866,1133.1692562471094,971.1387042447716,12.743413500577242,0,NORMAL
3389,586160.6961504609,33.096665175044286,550.9877389470709,535.3952311182004,10,C2_BEACON
25,8228098.766509944,494.23609651572895,274.9120602881668,26.468756336418426,0,NORMAL
80,4416987.454458693,174.9029491533959,2462.188104587191,81.1013496373424,0,NORMAL
110,2987403.418533391,3486.248998235063,2236.2839574541927,38.1904835116097,1,NORMAL
53,13181384.631263247,1260.5704438783762,530.5360643057122,26.299257625075633,0,NORMAL
3389,107325.257620109,0.8159637935641217,168.2607459592376,253.57937642915456,7,BRUTE_FORCE
110,3182099.369955958,1392.002902014961,3120.3529732716315,95.27310872156335,1,NORMAL
53,10958448.458592435,8434.906296247613,18881.139053335526,4.422435087201974,0,NORMAL
4444,13677.845680711782,27.015075145963312,68.40699241926332,728.2957915320892,7,PORTSCAN
22,571649.528381315,2610.3940138537214,562.6258408329514,426.85392773111664,6,PORTSCAN
110,14611191.176855814,1027.1977745416748,2399.9806205800764,15.274902349082447,1,NORMAL
8080,222236.0858811552,51.79214911277554,233.96638693879518,240.04380028129012,13,EXFILTRATION
443,1629645.5393613433,1846.8374904421485,8578.104301430278,1.3849814283730226,1,NORMAL
4444,88133.40299989472,82.29323305736646,0.8335439663827888,649.9827222858926,12,BRUTE_FORCE
22,44667.234865171864,252.4398415918551,684.5555532327953,678.2356341641355,9,C2_BEACON
8080,426462.4579268289,9.543110529396257,1233.8290857231923,1117.5473946815027,6,EXFILTRATION
22,54314.11210949452,17.336344789996424,4.430070731244618,1099.3744749867851,7,BRUTE_FORCE
443,8906291.774492634,9616.088508835994,482.2492333572316,2.4817307182637074,2,NORMAL
110,3376730.4482344682,1099.9941237630178,2241.122088932629,25.142148861258377,0,NORMAL
3389,26651.396004608778,338.27782936869664,0.5756935672655036,1311.5984527718235,4,C2_BEACON
25,268759.7683929059,1326.3992538522784,4435.817965207105,11.14763216976202,1,NORMAL
4444,10060.325503830494,103.85094714675282,28.658425394852145,1150.0492526187359,5,PORTSCAN
53,9592500.55288178,3329.2417876330614,702.9861840358162,23.978475657408882,0,NORMAL
110,1349046.4798743778,10310.587472234942,1162.722606831216,55.116185283405216,1,NORMAL
22,54182.23441649146,248.37850693947104,5.2839648108881985,1208.0111743948337,10,BRUTE_FORCE
3389,10391.177057746785,375.48364474635906,26.141784803976734,1.0805872028987653,13,C2_BEACON
8080,54776.412389766796,79.149337421604,11.74580913088299,1542.113522839679,5,BRUTE_FORCE
22,171170.1876417803,252.08383227729428,1.710676778892308,598.6498367480744,13,PORTSCAN
80,24474017.579172466,3869.3798201833206,2982.097925816252,33.34168358088299,2,NORMAL
3389,158630.99201353136,2022.5487393609462,6.161754607945957,296.8424193956703,8,EXFILTRATION
110,3189758.0193027463,1936.5137822317909,1963.359941603908,21.604599841203722,3,NORMAL
3389,52427.75068061522,772.8510140046207,11.512306792901034,589.0050502516342,8,EXFILTRATION
8080,24633.452840526235,1679.9295562456207,2.6905394699786123,601.8075130921989,7,C2_BEACON
53,12775000.48594868,1822.5871671050427,3107.8594244831024,14.78161006905391,3,NORMAL
1337,39917.8118212805,0.2246962687548987,119.10543471743921,404.86186866120715,8,PORTSCAN
25,4563523.262969475,2411.982110142012,529.7226904544973,98.43199787728018,2,NORMAL
3389,70172.68417716974,63.10533691356599,71.6678424704891,585.807534795429,9,BRUTE_FORCE
22,758.5835317806468,8.650600479230155,0.5073918277179804,175.9255374006259,9,EXFILTRATION
22,101185.60604458142,72.6320403583099,5.4225710540172045,781.2193094115383,9,BRUTE_FORCE
3389,75852.63925855824,129.78923028695723,33.97768838875286,242.61560980412668,11,EXFILTRATION
4444,186774.59347336963,46.75031735610339,42.50982184595803,645.9611248259945,7,EXFILTRATION
22,249932.7479501102,8.778131884806434,5.107857041958415,579.4078176596656,4,PORTSCAN
3389,105610.8152785612,33.993212476675374,110.48527179904643,1397.0641610497835,9,PORTSCAN
22,196261.42792973295,53.31497122090775,52.68539933465981,34.72264480646437,4,BRUTE_FORCE
8080,12342.325678392637,6.697198588761353,65.40773367287045,364.7824871633393,10,EXFILTRATION
25,9197280.531987878,2399.835940832764,3123.387470286607,36.925306375541545,0,NORMAL
25,5972814.287665405,2065.7018159801573,5200.279582910645,31.978901305664724,2,NORMAL
80,3192371.8661861517,654.5964969723548,7096.32361854267,60.364396997563816,0,NORMAL
25,2150949.2969092536,580.0519166853672,7996.9120982041995,178.4619299515945,0,NORMAL
443,2108670.805737301,1330.628102411655,1914.9294913018086,110.24523904070023,0,NORMAL
4444,104374.90787420272,15.214097556986342,39.65792611503425,684.9705276672759,7,PORTSCAN
53,2112521.74269768,236.48275945186907,5129.420614201656,25.885478319965582,0,NORMAL
53,4725273.074927703,462.0038824714475,7336.10872315598,22.2209955153165,0,NORMAL
110,5647729.852201779,460.86972695753093,1137.1705734660466,26.963527250385354,3,NORMAL
110,209750.4704036516,1573.0249347731685,1117.082049365371,99.30845776652978,1,NORMAL
110,3112427.926346777,550.4429825399907,3245.543152430994,71.3483721500026,1,NORMAL
53,13546239.116586559,715.8200060574551,641.1512737493148,53.19656422356959,0,NORMAL
80,2723730.7427260843,2428.242719129406,2021.4709028794089,18.382288636219577,1,NORMAL
1337,93357.88418913506,5.707424594967988,7.922242150637914,75.81580701941994,7,EXFILTRATION
25,1772320.2427630594,4299.331331149635,9511.530706012616,67.98013915142192,1,NORMAL
4444,148873.57057158224,42.52877007808749,6.490302236318543,1213.3035872320306,7,EXFILTRATION
110,6597356.29712419,10604.053489367605,1678.3549114486073,22.797420430200194,0,NORMAL
443,1997757.65885756,1712.7214492884852,1442.860643338246,21.739444815965648,1,NORMAL
53,10238458.711502833,2790.9615087397888,7219.094472798323,59.73961050204484,2,NORMAL
80,821027.132820909,3096.45295504042,7331.4315176337195,26.742619388222966,2,NORMAL
4444,75392.02102330206,16.297839987228677,0.702915325361427,203.63949403284354,8,EXFILTRATION
443,2456107.374687065,1583.1943075941033,3280.483561238701,8.361965799598286,0,NORMAL
53,143733.52987942012,275.70951508402277,1169.751520468267,35.895413624715786,0,NORMAL
4444,138718.59154432255,1.539617877417988,73.1407686164419,175.49032425744616,7,PORTSCAN
110,663917.3187790936,257.0028235487776,1971.9632795661507,9.885387125544414,1,NORMAL
80,3966120.6239689877,165.71948613112542,1937.993337975653,38.89640666188602,1,NORMAL
53,733060.6107905774,548.4208657998412,4069.903579859363,46.14467415127189,2,NORMAL
1337,403389.2975894032,16.422053407426326,0.9268286693044274,419.64781483773214,8,EXFILTRATION
110,29409.964700378234,1376.127756378904,1037.1095383387737,8.843384137773056,2,NORMAL
25,9597413.779439295,189.51997184582862,7994.691330771883,71.504920684119,1,NORMAL
3389,333110.0933184728,10.349038157306135,3.836655583862478,643.5753076683085,12,PORTSCAN
3389,322930.02471892675,1209.2906373368692,8.792041450115256,186.5839206777565,10,EXFILTRATION
110,700434.5865100578,456.7723722065528,3796.5024991825367,1.797022190945087,0,NORMAL
443,4042667.988124749,1036.042191931799,6342.081830155583,52.93409871654272,1,NORMAL
4444,40822.298900245434,4587.274785424979,32.56143336311763,498.8869991005147,9,PORTSCAN
1337,36217.28109394995,155.17757226692697,16.149129773137282,462.20169579392876,11,C2_BEACON
3389,81812.47393871506,57.86064629424056,0.5178372576464705,355.9372970768284,3,PORTSCAN
110,659506.4133056627,1994.546829393976,226.65782016141452,17.485638090849463,1,NORMAL
53,1993609.110129775,1591.843705233187,3163.740133337629,28.824912398398116,1,NORMAL
3389,358063.5715104788,242.02955528271403,24.213739406366567,37.19020142843647,6,EXFILTRATION
22,354756.33835037384,893.0351577603737,642.9437545689669,782.6336839815026,11,PORTSCAN
22,209407.09272991453,15.875997843601478,30.02077840638605,325.0000972453372,4,BRUTE_FORCE
3389,221191.37271402933,653.3655307414606,1.6767916608669393,200.34888592376979,7,BRUTE_FORCE
4444,80803.0442715061,146.06535996933047,194.8309743544582,436.51128554432023,9,BRUTE_FORCE
8080,1029558.0656419144,19.111699681706728,6.268903697431163,279.57499595390294,8,EXFILTRATION
80,1275797.55712732,550.4141153545525,361.8001384086063,31.61958894951421,2,NORMAL
3389,419984.94672982616,60.48782978941539,23.889863762839898,87.000182312373,8,EXFILTRATION
22,207257.15045734332,9.610835148459607,634.3722242046464,300.27002307467654,8,BRUTE_FORCE
110,1079156.570302864,2944.992597224126,10925.496373621856,76.50365214715853,3,NORMAL
1337,294484.6292091666,19.014306128739992,2.7080718345133348,1256.4575418884453,10,BRUTE_FORCE
110,5940983.778317365,1630.4770818401619,5365.65376877149,17.56965926291148,0,NORMAL
25,392036.1822242118,1319.4398736005433,1758.7904180682337,85.91872609564246,1,NORMAL
22,600134.3867846775,3483.745486503469,68.30218434676954,516.3086611926959,5,PORTSCAN
1337,42826.74126602826,508.4312183343118,408.05449008706955,1328.788986087378,16,BRUTE_FORCE
443,6657523.6513366625,355.9542360837828,6196.717676611682,68.53804616776937,0,NORMAL
8080,111928.23880128162,3.0493772207730463,53.35887616183698,100.41815353689971,14,BRUTE_FORCE
80,2049721.078037022,305.70753179260976,1487.4724700292368,88.24371830494259,1,NORMAL
80,6578345.870424484,545.9121457207362,963.745529736177,46.3169181587174,0,NORMAL
22,427593.3477167335,630.9625446385844,32.81787902172265,125.56186977211264,9,PORTSCAN
25,4334782.647202849,1081.9245829011122,366.8074903700596,23.207707218654498,1,NORMAL
80,10874494.587831099,195.5738757522387,3745.2855868376487,26.522607267933353,1,NORMAL
22,15241.040047327222,17.996871942508143,20.693691577433636,270.4608667744173,11,C2_BEACON
22,72744.57235417867,22.209817233254753,28.243998013906662,98.31388093779168,8,BRUTE_FORCE
443,3924973.9427277534,294.653612163884,1519.8575843912254,18.02798542755592,1,NORMAL
8080,376000.62686168257,87.96994683704251,14.694577445412978,195.04083790402385,6,BRUTE_FORCE
8080,9876.050800919866,9.385300851461214,2.1400403513454753,1175.6383077335981,9,C2_BEACON
80,28800628.198560476,620.8708099616637,3841.648251214563,36.591682840375235,0,NORMAL
110,5789841.7114781365,1324.0540996556506,105.58755684712867,54.300266578228076,1,NORMAL
110,1201051.0454636377,1206.4796782389055,886.1995970689584,54.73344852836603,0,NORMAL
25,1867676.5761821785,1181.9106281102254,7400.521400593896,123.3013411229307,1,NORMAL
22,55693.700755192374,6.328879219439008,10560.431199532846,1486.0930959604784,7,EXFILTRATION
1337,182455.29194093673,57.90768489778139,0.6705794786134623,1139.455186638304,8,C2_BEACON
443,1290109.766511145,3489.52047418749,7037.706082393258,32.0774732977929,1,NORMAL
4444,217088.00908579087,2.93974848953641,3.0961189872606343,3094.7959917336952,8,PORTSCAN
110,1563834.4393267334,516.095773149831,6386.588018405785,60.84843314235363,1,NORMAL
1337,72893.55784643686,99.66841974823835,339.5314641328689,158.98925259264314,6,C2_BEACON
110,2180736.200608797,2116.0810488832585,6715.712337958277,112.75215194829835,2,NORMAL
110,8008675.900249564,3223.1853728861065,1911.0038752197054,79.92250154724121,0,NORMAL
1337,395294.985675903,55.90694500220096,5.039639012065004,235.1270004755469,11,EXFILTRATION
80,1485718.0746479342,523.0974352860768,10830.52856645286,1.010398857701297,0,NORMAL
443,2245269.570513162,224.26130907420946,8475.89102347994,157.70692304287653,2,NORMAL
443,5235993.5863397475,1116.3639998818314,441.24039992089644,115.84344938084354,0,NORMAL
80,3189976.861234839,469.13714653279334,1966.013592545065,22.376924988337947,0,NORMAL
25,479372.65009403304,1488.7104711947186,8350.259359383686,10.11336545541404,3,NORMAL
3389,101576.5460712957,170.01979399436397,1.0845201367710284,174.14133287377797,3,EXFILTRATION
3389,277984.4497329217,13.244379087229008,2393.022009849377,148.53377309700662,3,PORTSCAN
110,14120673.33205996,638.0261287697891,1873.3787667331676,36.285330982653704,0,NORMAL
110,52844.3945082271,775.9535959278791,877.7738941740407,6.680640622698155,0,NORMAL
443,11814297.724348774,790.7062782298384,4024.5857256149247,35.02083005330292,0,NORMAL
3389,90092.19695758716,171.54727640649992,64.94124630010427,435.6416035697654,6,C2_BEACON
8080,196259.21015422235,78.26151786570705,7.0238085264485495,279.252169887189,10,PORTSCAN
53,11307970.678633342,3851.4209588670387,17675.073723694673,2.6419193807394374,0,NORMAL
443,35033.759673622306,266.0624726144601,5655.318505522338,56.20449290021483,1,NORMAL
8080,29663.032297113466,1324.4365150799326,68.55290558252068,1080.5488968646232,14,BRUTE_FORCE
8080,82016.42777368469,87.58992847845128,101.57033287701265,151.7602263677874,7,C2_BEACON
4444,114828.39745483757,11.231583815217677,3.195519337750988,263.07751617827967,8,C2_BEACON
1337,155860.02379242584,702.4499398888834,3.135989261090031,194.6318126377663,10,EXFILTRATION
443,1876519.4369952113,1098.6032430385749,34489.69692931704,75.56863434557229,0,NORMAL
443,1170086.7439698929,604.6769220811234,2059.239552369278,113.40169289964734,0,NORMAL
443,7756674.089693121,690.3946233475962,7223.057915033488,37.31353145695182,3,NORMAL
22,126094.05699473147,3.9666570969569963,0.5241811371203483,2220.685241338627,12,C2_BEACON
110,1021844.5033475796,1763.9923951667638,16169.065516188162,20.616340637044992,2,NORMAL
8080,58181.30094766718,159.78116544131788,6.067483364722785,1620.5664609350474,5,C2_BEACON
8080,222261.7793992887,3098.716343906305,2.7858054415331437,216.50312857407604,13,C2_BEACON
443,5454323.710817296,490.9176226647857,2424.9407387914252,50.26839856833796,1,NORMAL
443,2915491.7046590196,284.86181858804883,2813.0269403113825,120.68477758122324,2,NORMAL
22,297807.03048902855,29.060181984124604,3.2676496204201326,148.00077586334658,8,BRUTE_FORCE
443,1495786.7357159795,1248.8747511596991,22543.641679180062,14.629782991748415,1,NORMAL
8080,133414.74950593975,14.68507736996401,8.708460417862069,1438.4401482443075,12,BRUTE_FORCE
25,5328450.673998246,2712.7484835651676,4253.257896010962,58.49423805484572,0,NORMAL
4444,94410.16116031482,495.756277713435,25.812937004298128,121.06664097201546,8,BRUTE_FORCE
1337,299563.94564796187,6.308689304033715,11.654063163071577,1799.2410367558025,9,PORTSCAN
443,4346661.025577769,2174.352359757357,14574.92922658514,278.021837658428,0,NORMAL
80,855339.5766753326,858.1917661178586,8858.512793593396,23.909286233712823,0,NORMAL
443,2569788.2107342817,2844.5957763217875,596.240411548666,16.60544676167099,1,NORMAL
80,9007739.350042166,804.0036938622836,1188.2349770687524,69.67845315132817,1,NORMAL
8080,491358.80892801937,90.15622685844609,14.92061290055778,389.403314776901,8,EXFILTRATION
3389,262616.9960990222,324.54992001746217,7.954519612956255,815.7813478701887,8,EXFILTRATION
25,2206268.4136883756,3119.600539771676,5093.136325267463,5.363586155904946,1,NORMAL
3389,355617.4859747067,50.65054242980022,84.90427870905481,164.6965588077501,4,C2_BEACON
110,4991013.744319404,17893.78756015757,1371.686707625432,8.789888984022344,0,NORMAL
110,499414.04435918864,280.99165448086796,1539.876893263321,40.24493929371063,1,NORMAL
8080,316854.65554863017,3.0839234084149334,132.8755008230685,226.06185364134905,7,EXFILTRATION
53,5883735.9415150555,1160.3890879030314,3185.856007746628,12.095997239340143,0,NORMAL
4444,227515.29137647597,36.433218076656516,68.19349127778189,35.02410583875238,11,C2_BEACON
22,170417.65991826236,362.16102766712373,5.140724384115312,124.36989896703348,4,C2_BEACON
3389,97446.19491706026,12.427379584816185,6.591194668915188,280.74936686862924,7,BRUTE_FORCE
1337,57828.135690507406,3.066360425974537,7.756924098336843,151.8918540142974,3,PORTSCAN
443,491689.7838327784,227.6409156124781,23266.48690811612,61.41342391413658,4,NORMAL
110,1636485.5807506018,338.93139229233833,2038.7167983725444,13.762992551347248,1,NORMAL
22,1640.9317514994998,85.7675170140438,10.537676713142032,64.3477695466289,11,EXFILTRATION
22,627361.5411516856,147.1609704409641,18.933981653195815,317.3693236388622,12,PORTSCAN
80,271942.6910483822,1359.650305631104,2871.5509464150664,8.923515656970391,1,NORMAL
443,8718701.601398675,2353.8316586338883,2750.80625581052,55.06511043097911,2,NORMAL
443,690007.3287920482,4347.407761374831,1049.2219942653605,109.66450559488825,2,NORMAL
8080,152683.44629763384,6.605678325370952,4.2714882142673085,95.3214256253498,8,EXFILTRATION
25,7023704.510181924,403.1749663954377,733.0565940788389,79.37777293773219,1,NORMAL
8080,208163.20050223055,1.7062444745916083,1.3328640657189315,754.8385307768024,6,C2_BEACON
3389,280675.0969585367,624.7930920988898,54.274345579842986,779.8580717227059,11,EXFILTRATION
25,5423100.775427591,498.8360909464125,5210.65523743909,22.314262118989745,1,NORMAL
110,834901.4240557614,2822.3122400314196,4321.114054386005,47.76380911670394,0,NORMAL
4444,268771.4249429665,20.366789901537153,5.933315415859307,1217.0802156037107,7,PORTSCAN
80,5532951.387243615,462.57573173196255,1224.751884242504,53.14022542764981,3,NORMAL
3389,54803.881677388075,115.5650608419841,5.10581297773186,106.09674445053548,15,C2_BEACON
22,73186.07041952875,178.38916735955107,34.793792342994244,103.40473568388586,7,PORTSCAN
8080,72514.66311514057,974.212336000444,42.56731670552604,740.6958122888767,7,EXFILTRATION
25,2761616.125276099,438.22757708351503,3611.225337085826,47.08918911105629,0,NORMAL
110,4815405.385879955,666.9285065855526,22459.43487858357,126.60481215427998,1,NORMAL
3389,42187.229654595234,32.78562131132921,14.481665056711071,1.4961710088813862,8,EXFILTRATION
110,4645480.844909248,675.9144772182508,711.9056759711342,19.759610901123846,0,NORMAL
3389,123542.92951012249,47.06403280239691,0.17180706007717297,120.04583623280107,8,EXFILTRATION
4444,152681.07630105276,65.12896872397945,59.93703279119426,340.2499746208655,12,C2_BEACON
110,6866758.554618742,5065.386003739208,6980.220115156922,4.782297139716203,0,NORMAL
22,192277.3994029571,37.396142310836204,439.868055302235,81.21824418513363,11,BRUTE_FORCE
53,1954338.9400724233,2126.5643647403767,1251.768053989477,64.46252762392662,2,NORMAL
53,16448179.480354013,2646.6823397638386,2336.691343862569,43.964332181564096,0,NORMAL
80,4067647.0923083453,6437.6128032639945,2515.1776012676023,55.40927460058553,0,NORMAL
3389,192615.56536049672,326.83884355152264,134.69533538341219,245.20439209932195,9,C2_BEACON
1337,94461.72975306548,39.71074546618793,57.722849798493634,272.079423401677,8,C2_BEACON
25,401646.1989930947,2461.6102966045664,9167.173762059196,19.092702484381586,1,NORMAL
22,80332.2548271633,150.69587618588133,10.041787705130998,159.80672343168425,13,BRUTE_FORCE
8080,545533.4919921124,4.139643562677806,617.1074571128296,478.9532964241242,11,BRUTE_FORCE
25,4075723.80226058,177.8515092953906,2788.5900040022266,65.24607904591218,1,NORMAL
22,634346.2377108402,5.851164901583989,30.460292207207512,270.0494696046717,11,BRUTE_FORCE
25,3331471.131446317,1504.5870892837956,5880.592898715322,37.90422427991284,1,NORMAL
443,12620583.104740754,2148.997615808125,3167.079866037777,60.209336775912526,2,NORMAL
25,1056158.2528956232,463.85014278877,2290.597778347717,16.917662659548874,0,NORMAL
443,2502059.9192145877,1894.271717468047,5304.310730263332,55.742781829876684,1,NORMAL
443,2858156.2565835076,308.28276276709204,2441.8458134331454,5.209328142203748,1,NORMAL
4444,470974.4519342256,124.87935867696469,1.8696157355709035,150.70597267786584,8,C2_BEACON
1337,9750.812748158283,205.5488129733238,54.22005631033964,73.62320709749696,9,EXFILTRATION
4444,49876.4868356003,81.64109783597483,60.82632208486637,635.8907799355853,11,BRUTE_FORCE
22,210457.39028875632,5.136538544950436,25.908600453560066,99.53878918085427,5,PORTSCAN
4444,236226.13814358285,4.56501793438904,2.5318404718257495,790.8593792100463,7,BRUTE_FORCE
4444,80981.61525665806,14.613829450416656,2.7879320965226992,261.58620605305583,8,PORTSCAN
8080,81695.87508396442,89.0870958488765,338.3334603148943,384.72329239962755,9,PORTSCAN
1337,81696.07330734533,462.01852875664974,224.38268221445279,573.1470275035089,9,C2_BEACON
25,2489693.370368215,12317.518290212001,7081.117293950454,70.23065163598363,5,NORMAL
53,5706290.553611482,1037.0169293258682,2010.8891354500815,83.80576200496031,0,NORMAL
1337,162373.37740561634,75.3224257341705,195.92166116831112,769.4547128695588,7,EXFILTRATION
25,5601819.212974186,1439.7672179876918,1811.463563120844,61.38754801563847,2,NORMAL
22,187799.22190494896,68.28415374983805,9.972802891228136,246.59524440815287,10,EXFILTRATION
110,5259469.693747764,2011.7537844677563,1265.9081432045343,10.295739115239854,1,NORMAL
1337,1274154.56817578,297.0586268816265,213.20149329105396,119.0490718678345,6,C2_BEACON
80,3204796.7073859447,904.329615356939,1467.7282492976472,52.811839062516256,2,NORMAL
8080,100149.28753497396,552.9062809403208,11.361072340746524,189.70032563655383,13,PORTSCAN
1337,316430.78542156407,78.60255111053543,6.786926551168848,146.02820893259081,9,C2_BEACON
3389,324826.97001435497,54.231332665823096,4.304060970268277,255.16371146707124,2,C2_BEACON
53,2681962.219677111,287.0083641266981,938.9833605987814,1.0587390985191838,0,NORMAL
4444,210630.90367323972,32.0079167271415,0.41597159510757215,267.1364510575312,11,PORTSCAN
80,1379855.9947031105,5048.329439979585,3777.611182454262,152.1952106002246,0,NORMAL
80,5083655.952222431,4508.724823541732,3870.0248033069893,18.484697806266112,0,NORMAL
443,5404756.723183329,2788.956957272261,23651.87335741946,26.98183176183044,0,NORMAL
53,2505066.681426538,1606.854315949406,11599.819884860686,43.96630822483566,0,NORMAL
1337,190482.85338424085,32.981395694749345,162.4430919150267,1777.3081134587298,8,BRUTE_FORCE
1337,145321.31636701946,330.6849155455566,2.4256260743588447,88.1037620954456,6,C2_BEACON
4444,118556.5923107353,346.20988611126455,8.839494692883468,563.3034479637402,8,BRUTE_FORCE
22,1637.6050061410615,393.1390365696752,95.51262553157285,122.32478070965826,5,EXFILTRATION
443,4171976.4796521524,160.2577912222076,1355.746689618459,82.65164463877679,0,NORMAL
1337,505391.6983377273,32.32506211547146,49.106664078659236,1210.7649178479426,9,EXFILTRATION
4444,101880.39604478072,10.383977602568619,2.6736298668237524,154.16513786581967,9,C2_BEACON
3389,131657.91875394646,50.26846156447454,113.37759179534821,798.3700860113298,4,BRUTE_FORCE
53,2644853.013599927,1346.7582495096112,2962.9804684371225,21.52771534438363,0,NORMAL
110,4265005.3771212455,996.9084186314044,4542.848649081114,6.900214994898063,0,NORMAL
53,2634444.138873776,2806.618008410406,8951.66425378853,64.71720679978947,0,NORMAL
25,2239838.87036828,456.01056488085663,6980.928902992613,51.7391769860878,1,NORMAL
22,446045.62578498106,25.11895410244018,2.080884328736996,1038.2953194038919,7,C2_BEACON
25,10333276.492386647,805.7585016288252,8266.819420193944,50.32381948272279,1,NORMAL
80,2128737.7759519634,693.8913821037746,10099.054320534831,31.402077153720008,0,NORMAL
25,7450560.776767799,333.9725760418839,3132.5172647655063,71.62946429450396,0,NORMAL
8080,44807.102772561244,4359.922488201668,1042.9576874134464,627.3267321364584,7,EXFILTRATION
3389,550033.7775524302,24.382470042368805,16.42481897743868,176.41649662751016,6,C2_BEACON
53,1795261.993738553,504.91678754646176,12894.700207395832,33.639711102948105,0,NORMAL
443,3429098.176408933,1690.9807190619933,5934.400632833618,12.384410512992167,1,NORMAL
22,57618.828360329266,19.757331038914817,4.296079369229667,205.24063883479963,8,C2_BEACON
110,671335.415390899,280.8881729643342,4825.721765261028,49.27032911177612,2,NORMAL
443,6493820.86984632,474.4598214123403,31915.46991308741,11.232318176326677,1,NORMAL
22,519710.728057678,68.43234155577888,21.654747384389832,906.7347440517196,13,BRUTE_FORCE
4444,196120.008462964,787.4794043437158,3.4426339917824276,53.81752546912921,4,BRUTE_FORCE
80,1519822.723564684,1493.7640748128567,6717.266391387202,7.141482607132765,2,NORMAL
3389,71143.24871703278,33.19587066635334,35.56971329528314,1046.7897441086584,12,BRUTE_FORCE
53,9715119.718486374,647.3802806698806,2919.4729750886786,11.825153334294217,0,NORMAL
3389,78778.23882001781,53.03738458326469,19.569559078663307,497.4574477050391,7,EXFILTRATION
8080,89742.47623108787,408.91171262814646,212.54097979442096,9.96727444560316,13,EXFILTRATION
22,212783.7103173166,81.54762114686275,415.8206836734023,177.4951964142451,10,EXFILTRATION
4444,91764.46049689293,110.43034158574106,3.2858415161032477,685.6587284197783,11,EXFILTRATION
3389,219746.39812286414,13.755869063142686,47.69492272535658,922.522526149494,9,PORTSCAN
80,10996504.665092448,264.5265178598733,40049.48553803531,104.75996791818669,2,NORMAL
1337,34951.56874716625,58.439813681720004,24.43305900661112,686.3902096152319,11,C2_BEACON
8080,45819.06660527592,272.8094496107628,96.5355101793751,112.88998809103775,6,C2_BEACON
80,379467.54729564756,983.8487318450245,1274.3309902700132,64.87399845875197,0,NORMAL
1337,28059.418941112657,5.653622703119163,89.90151931652427,631.8021677897556,13,C2_BEACON
110,459331.6111545745,1191.949345069298,935.9149518882011,20.761073260076934,1,NORMAL
443,10669925.791670324,436.0028024378312,12942.808590866,9.09164950618825,0,NORMAL
8080,80406.20748322441,410.14889065271046,169.64243943790441,607.3237663672144,5,C2_BEACON
443,10814782.082155323,139.5575258421259,2472.608886067818,1.175035224638543,1,NORMAL
1337,26390.37613976964,1.343683177096268,57.733088813838854,50.21388032652462,8,C2_BEACON
443,10065392.812131746,1109.7196326245999,2265.2916361183934,75.53093371148,1,NORMAL
80,2204913.603739409,584.6200440089234,102160.00584515602,5.140575450376834,1,NORMAL
22,195091.96346691003,390.33651822683197,1.0335976154203523,116.29248854090005,2,C2_BEACON
1337,22159.843118035853,17.690216660288637,2.3221730248703176,30.95917640269616,10,PORTSCAN
3389,74584.49080443244,51.16831106153925,15.9439041523318,1563.3027078898335,12,EXFILTRATION
22,13894.998593572996,139.2875512467635,28.18278719376336,540.8832868916807,9,EXFILTRATION
3389,76143.27778014506,130.3102795401891,21.402783604530015,78.997446490955,7,C2_BEACON
1337,150104.4517358107,51.29871956236517,15.657142839615027,320.95632844827844,7,EXFILTRATION
4444,432286.12412721716,0.9262011872639313,0.34859661342144144,778.0230271418701,10,PORTSCAN
80,4064888.7250415976,1401.021781285145,1815.0593341351882,97.16304371305672,1,NORMAL
53,808958.5359779549,774.6993801188413,2153.1095290381954,5.136434631021588,1,NORMAL
4444,13528.944524110879,12.20301373655484,1270.9109819849225,247.76242439250922,8,BRUTE_FORCE
110,3502790.480793469,5010.727289413086,773.1036858975392,61.65818686366984,0,NORMAL
3389,40112.46498195527,317.3181702406502,65.78308670174219,108.8619875307583,15,EXFILTRATION
53,1899727.4431331453,1019.5761810528836,1007.1156941281608,35.027428740861346,1,NORMAL
3389,47464.11605681388,55.667838991984276,11.54741642583314,118.03761608197088,11,EXFILTRATION
22,318878.73972854024,59.32559473265339,58.519143634808984,187.56801821272714,8,BRUTE_FORCE
22,17103.718465549646,17.468086659615178,15.80090160137298,98.60226428870773,8,BRUTE_FORCE
22,80005.2445731203,214.0238791731732,1.4093428119092204,87.64377849294155,2,C2_BEACON
22,44290.29807297195,31.49461439545344,13.525474257944358,32.07662580770371,12,BRUTE_FORCE
1337,136612.5483899958,13.661657677649876,556.9859551898658,942.623425828692,14,BRUTE_FORCE
25,1994973.4051841372,666.8935692620081,4325.188458426913,73.3384856972131,0,NORMAL
25,6251957.82210051,393.18357117026375,7631.667678335743,125.36384074089364,0,NORMAL
3389,164158.8486895273,54.28736506726542,4.4319714471820095,315.57370351938766,6,EXFILTRATION
4444,469993.8933303747,145.7368529232546,10.144496464103833,276.7788277683062,13,EXFILTRATION
1337,6614.122287293664,12.085320795111294,189.67058244107702,56.703056149207335,5,PORTSCAN
110,1655989.0449041124,5458.528362622974,1433.847617635938,79.01387294136723,1,NORMAL
8080,449880.652988508,1067.786571395841,3.4921426441969867,226.70615394213237,5,EXFILTRATION
25,3913624.231001564,66.68871161247644,5543.60540402629,301.02161175522986,1,NORMAL
25,4039214.0595872826,1145.6304742653047,1208.018761861339,2.0372587855838598,2,NORMAL
1337,460680.7391415361,19.59042657603923,95.2423756128357,833.824500236437,6,C2_BEACON
4444,217111.34713645026,4.630635531332348,6.070095292589829,1046.0613811795909,9,BRUTE_FORCE
25,12050635.718165955,777.6242827615713,2877.251800608111,23.382290778705897,0,NORMAL
8080,1110847.5129262856,45.539102582764194,6.383028348252912,481.30288652332393,6,BRUTE_FORCE
110,3148618.2415279252,821.7753815984079,350.0492155844292,53.81046724162366,2,NORMAL
110,6884727.482585707,7074.1284375724435,3754.20077756271,53.20774521044351,3,NORMAL
4444,77554.45243713264,0.18316441962458102,12.757452911776229,382.11433856425236,8,EXFILTRATION
3389,32851.091564453185,23.652256617033125,171.49409911133537,1904.5045690472948,6,EXFILTRATION
3389,258218.37758014214,54.29483493005071,2.4274148689793997,348.19576816353583,9,C2_BEACON
4444,217237.51596409694,1.522955852801242,31.759372293471362,576.2463861312249,4,BRUTE_FORCE
53,5097182.805889042,1940.9749834562829,3555.996957887653,3.4763467361072777,1,NORMAL
110,7526432.533147344,791.043086187015,777.355551522068,28.164549495334732,1,NORMAL
1337,146297.82610509195,27.683751524957597,26.414170141490832,828.6777579764382,13,BRUTE_FORCE
1337,288685.10349109775,17.28159547779706,9.577029625905308,442.08793464690865,7,PORTSCAN
3389,240065.94153924222,11.025299979827459,2.628826792728831,5.125861332552,8,EXFILTRATION
80,4211775.299029261,4697.689984172016,987.6220943654313,0.2310297248682084,0,NORMAL
22,76403.96075230397,4.02818066699122,431.8169434220663,298.57469977742164,12,EXFILTRATION
4444,56321.11675739715,31.818184697938317,1.7416714589269497,1275.5302973852963,5,PORTSCAN
53,560974.7492704401,784.3511858750016,8654.102682978551,55.5743597287925,1,NORMAL
443,4533963.276293004,972.1426822255851,1308.816529478772,56.52310329976444,0,NORMAL
443,857863.8237625114,1136.030435510944,3658.639292653801,239.3318798711777,2,NORMAL
3389,321674.88705275365,177.12154981966742,3.047795503616722,52.339551580990104,8,PORTSCAN
3389,560438.5727136321,24.2023878129709,7.748956049368531,1044.4841188628166,6,C2_BEACON
443,757016.5104476357,1265.7320900443042,389.32735444193196,46.3412954672261,0,NORMAL
25,9817914.060771102,355.9584100299628,2643.784174591297,71.49552072104872,1,NORMAL
80,4374613.519645215,2338.2938561310757,7778.320727036733,97.36153057053707,1,NORMAL
443,2826471.483150584,2947.193950696034,4075.6575949362855,31.227035017600645,1,NORMAL
443,5072309.117561081,1040.2796934614498,5773.163073153646,9.89686820266841,0,NORMAL
3389,256152.31947787892,42.56732560140137,1094.8556013430707,86.79795138232166,5,PORTSCAN
1337,153740.95944279103,2.1618297140527973,344.30667696009476,258.74860615439593,6,EXFILTRATION
80,3953539.4257615567,804.7165584184338,12723.971512684117,18.983675648505162,0,NORMAL
1337,271071.1279517761,545.6950387794841,1392.3439111064056,290.5029998130425,11,EXFILTRATION
22,407872.1447569075,255.03462077380186,1.5032387690903637,443.5887804226176,8,C2_BEACON
443,2598704.23808171,1651.9064823746721,1833.508666512541,52.843509261161735,1,NORMAL
4444,545649.5735165607,34.465514475605765,57.517338338934124,736.794414924127,9,C2_BEACON
443,225331.30580002526,1473.6707729446478,2537.571430380423,9.402887336660168,2,NORMAL
4444,40138.36562171199,18.838728649437105,23.276488674867313,1041.313139252658,13,PORTSCAN
22,42366.87255788402,3.040006490388957,21.330276671330758,596.0193061546748,9,EXFILTRATION
53,1095061.7157946792,626.9307982602004,518.9309583566761,33.646249521614955,1,NORMAL
25,2985540.0236684363,1533.273952663096,1671.9783105782828,165.46555561677877,0,NORMAL
443,6777875.514206576,6114.6304663150495,1048.462776739458,21.860923497442787,0,NORMAL
80,7328011.245991459,6114.168096427017,2698.7274318545524,61.64632542371462,0,NORMAL
8080,22487.917240118026,10.782845361913063,1020.1083983049564,578.1757680202229,7,C2_BEACON
110,509705.88060132664,1253.3376796754544,8087.539040144244,19.119742372185737,0,NORMAL
8080,281541.31727049034,170.62876030502758,1.815467109947131,585.6732660247405,9,C2_BEACON
443,1607198.5741875232,618.9790664653814,2338.749345025102,53.26958130335465,3,NORMAL
443,267129.17544506566,3689.2526711951677,12035.158436951335,115.19827791640232,3,NORMAL
1337,65233.76482501089,0.3726383682170167,73.75779315173331,672.9986915596561,5,BRUTE_FORCE
110,997696.07645218,525.2825700848218,777.2495253582251,12.904587266509077,1,NORMAL
3389,593866.1254077422,312.45290704468266,2.347580183973589,1554.2668738114294,6,PORTSCAN
1337,454069.5525799974,23.03254908732244,818.2728090250572,14.324060823703709,6,PORTSCAN
80,2647726.05401502,1788.5819007575853,10984.45299189953,25.71804206852298,0,NORMAL
1337,21665.159672859983,237.37958688073923,0.7751327552068706,899.3076691890794,12,C2_BEACON
53,4989890.319927591,893.9450190644,6472.384647023095,48.96056337227596,0,NORMAL
8080,8278.102137354928,180.689088935317,24.403586910667897,905.0899399259605,5,BRUTE_FORCE
1337,231950.51393915818,6328.499147461782,41.175584845393495,486.302010919137,5,EXFILTRATION
8080,314026.9330613109,1040.1949960022193,56.16032808429928,31.837637343573242,7,PORTSCAN
8080,1235200.2762036151,332.88900327845283,1.2760603566390765,2.274476602844129,10,PORTSCAN
3389,543690.9717310913,221.69804739981572,343.6062354412526,195.6324010152827,7,PORTSCAN
443,10576092.121333105,1628.3251539759171,998.841320775796,179.10373942730604,2,NORMAL
8080,2014.2658794612091,107.73775811037973,20.353715186850906,6.320809236175549,13,PORTSCAN
1337,10773.821751003958,116.78376732145145,25.74548985979402,376.89512086462196,4,PORTSCAN
3389,76603.31855416119,121.47612831967754,4.733134786733108,554.1660189891711,7,PORTSCAN
1337,313991.97987248807,15.17918886879781,4.884732714043317,663.2905707650623,8,C2_BEACON
4444,93556.31804654321,66.3573419150264,43.892712159921615,720.4586966021157,6,C2_BEACON
25,4233973.975163369,1313.3088237592744,3050.4491015105045,137.98420869009186,0,NORMAL
3389,398826.4422279235,805.375213514153,6.457552222007845,214.75473038158634,4,EXFILTRATION
53,3331601.6552365967,1384.7640472171074,7041.066968981154,6.131790516075163,1,NORMAL
53,7687257.732776739,1552.5803104761599,17541.178038788432,21.838533151027736,0,NORMAL
53,10100380.858048508,435.6885284144601,3101.4314821355633,179.38600858350833,3,NORMAL
80,2686085.6982106008,762.5651836725519,9849.203952268539,35.20450752431354,3,NORMAL
4444,131663.3826325277,31.997206843865587,38.420128906396485,68.40237728077578,9,EXFILTRATION
25,6102393.615144768,855.8404548568731,7658.3962737925285,96.39008442504971,0,NORMAL
53,1083574.3709006498,219.14571661121306,2310.107940605237,31.96341836612826,1,NORMAL
4444,32304.14289410262,43.164143279756125,20.48096859565793,56.86611881063429,9,C2_BEACON
53,204469.8102798361,516.4005217744034,1353.148896188254,2.08489196833188,0,NORMAL
1337,400279.1720812962,187.1962896944035,269.44079383985763,1675.9838311871968,6,BRUTE_FORCE
53,11257653.518803807,468.6247090445435,3990.7069314578275,126.18717080185043,0,NORMAL
110,457542.8353977252,1263.9283827363097,4664.551077059324,68.36744371910022,1,NORMAL
443,1417500.9940727593,16679.10717675159,180.70812552726593,47.663127142962665,0,NORMAL
443,375646.12293322326,616.96577376966,907.7482615564743,70.70368606873026,0,NORMAL
443,6556206.3248861395,3776.2604960383787,900.930162816909,101.67218713573727,1,NORMAL
443,2095291.0034859832,1691.6377841706742,2082.39743843269,96.0103115010695,0,NORMAL
3389,220689.11831838873,3.834131283444089,4.426333029521238,473.7431192625922,6,BRUTE_FORCE
4444,450063.16330121254,16.21868649777941,3.7880405277185236,362.05965749792284,7,EXFILTRATION
3389,85263.2162599638,272.9757628264783,3.826284857144246,458.7292265277641,8,C2_BEACON
4444,370066.1783804876,1723.1614647136719,2.677385292441828,1093.2146014251964,13,C2_BEACON
8080,28394.086987280014,156.45533636602045,6.960344720526497,440.18676472473163,3,PORTSCAN
3389,847056.140936597,4.312506835386613,8.714707109035263,311.27411119198456,11,BRUTE_FORCE
8080,27331.382217462287,147.91638900075006,3.1119959221362974,244.64290754813317,5,PORTSCAN
8080,119232.89639084069,35.45543301848413,189.58749383344235,2776.367422374739,5,C2_BEACON
3389,14814.817075138079,134.83298301188984,28.438986529566904,170.23279147009538,11,C2_BEACON
3389,86166.08111828443,1.543697025636547,202.95171837525658,289.49396146183665,7,C2_BEACON
443,8557304.213671697,1721.2608203088394,1633.5558992590993,16.15316090009041,0,NORMAL
1337,233187.30543410085,150.12596131226962,75.48847502503031,398.43228048981956,9,C2_BEACON
443,846193.1501505029,2070.875050077586,3465.0779763607666,51.8730550650507,2,NORMAL
4444,34644.83560803283,11.050272458783377,10.1220094393125,128.62446100510616,9,EXFILTRATION
4444,44153.786893731194,2.6151353441306875,18.273588315805654,849.1959959275708,9,BRUTE_FORCE
53,6502990.099882648,834.6339554068542,2897.6589307383274,0.350766771114463,1,NORMAL
8080,185332.98191078161,0.6347764336259986,2.9334200028496835,52.51247654728342,3,BRUTE_FORCE
443,792683.1725002745,1641.391446639634,14080.994072750162,33.972949463263404,0,NORMAL
443,1278750.720168829,665.6422642782909,9874.401764502785,30.38974304426954,1,NORMAL
22,225512.93534261233,5.7387666196094544,171.84269101898417,1275.3940671371536,7,C2_BEACON
22,450752.48871700175,12.075438466907324,143.87536646296368,954.6166230682263,12,PORTSCAN
4444,271093.60589348344,773.244785899406,55.0225576756767,211.68096188690726,6,BRUTE_FORCE
25,5121684.365473224,179.60002326603973,2220.818313374495,39.96798465413258,1,NORMAL
110,4954012.599250782,425.67927079549844,4246.802739156076,61.025407521460075,0,NORMAL
8080,55801.24180889655,4345.16469279083,54.24041853204889,276.1933974394865,11,EXFILTRATION
25,3324103.924119852,1393.9165868798782,5545.001994017208,85.47878663733212,3,NORMAL
8080,111102.31400684963,106.80565584459069,95.39272956286565,537.5743384728192,9,C2_BEACON
4444,220651.72899103508,150.33037804399083,7.851000960541297,387.69477550161315,5,PORTSCAN
8080,100488.87269875579,11.049998460331812,112.2800956209688,391.1864464304672,7,BRUTE_FORCE
53,7992548.522278612,654.9315503658364,15841.52429395624,148.5820159677831,1,NORMAL
3389,252084.2075367252,33.269991621088124,53.3449482966061,177.06441021116905,9,C2_BEACON
3389,218415.03675341426,39.311603739822495,86.21583732310138,71.60253248052561,5,PORTSCAN
1337,305333.482840397,485.2839040418233,0.44041001945443353,1269.77839317914,7,PORTSCAN
25,4054583.7427483145,18475.862443822887,646.8695629415656,14.22065686355751,0,NORMAL
53,15209936.497561712,1945.8369915936398,960.2733481446951,33.83878144802453,0,NORMAL
22,111064.38514742658,12.534801461383545,14.167433761131612,491.3603539233074,7,C2_BEACON
4444,51731.01687671818,30.144533151422305,16.37850663838579,153.07068379948004,3,C2_BEACON
22,355543.4873697875,6.685567179809409,139.21631256452065,160.92800053631206,10,EXFILTRATION
3389,64477.95408124058,3.351945428542876,1.1793296096903414,274.5081551600351,15,PORTSCAN
22,138087.67090469328,13.853920455545683,4.927711877429803,977.8395109372763,9,PORTSCAN
4444,442314.75636467576,142.34793718378774,9.42780671299233,205.11027339190858,15,C2_BEACON
8080,635642.3768342509,145.72175585742394,1.6347080611180855,815.3923854819002,6,C2_BEACON
443,5400960.749969443,1261.2030657883477,19996.98833016558,75.33555244354021,1,NORMAL
22,16058.976977107004,2.4540266284101317,6.971570451908744,1500.368124155832,9,PORTSCAN
1337,154125.48987395337,4.596831334571561,61.89814494186689,56.0735090890381,8,PORTSCAN
4444,112250.84874669135,11.74249254980248,3.4436281322210505,1692.7712758611192,9,PORTSCAN
1337,52093.56138736011,1812.3271669638343,2.696460742691694,92.12526598600797,6,PORTSCAN
4444,139406.5521072787,933.1867098414109,12.54542345513015,10.892202378508596,6,PORTSCAN
22,39205.047226710776,46.50858211326514,8.397298209154542,130.73110777610745,10,EXFILTRATION
1337,8371.655020729297,403.663487047892,34.97539291770065,429.5833710922572,3,EXFILTRATION
22,452560.43574897695,26.249060123447343,78.55943530962965,39.38218962367116,12,EXFILTRATION
22,326407.01567531185,40.22163729341934,835.5547597856421,608.8765924425626,7,BRUTE_FORCE
22,120719.14939511141,129.08950916106824,1076.3698175107147,799.8352767448874,4,PORTSCAN
80,3388497.3981575216,1690.6196584536071,3124.942114041306,60.88381953521829,0,NORMAL
53,1961559.8247981851,4089.4921864247103,3697.142213819337,0.16266071146187056,2,NORMAL
1337,198644.85715890463,584.8159370848697,29.043141142317193,11.589575521466418,5,C2_BEACON
3389,23083.96294794478,234.967287226155,9.796641397610705,559.4684517979583,4,PORTSCAN
22,11156.749221845856,334.10126770247405,21.00232431191583,47.71443583935087,6,BRUTE_FORCE
80,930193.2724919808,3336.902283597664,1177.5240137963526,147.6216816192595,1,NORMAL
443,496651.1431773256,6404.946643119324,692.9703550779088,128.3757885240054,2,NORMAL
110,12166576.98173916,650.3985127898345,2355.3571681414865,3.8213596435502866,1,NORMAL
110,641315.8960559025,1929.0371363243066,1324.611916399627,13.38571810824507,0,NORMAL
4444,159336.40259355895,8712.99717566046,107.2845976347483,150.0395241568549,7,EXFILTRATION
443,7259151.3002413595,521.9194273485167,4572.304051258387,65.75428472326014,0,NORMAL
443,2681633.284170006,2911.741366908164,1404.6679074432207,5.059800195329374,0,NORMAL
80,13561449.216118885,747.6276641481065,5455.414951154322,1.1733678729808026,4,NORMAL
80,13496909.824771477,704.4453159348969,2246.108051507662,140.6566089367897,1,NORMAL
4444,17626.60514251036,341.27317167483295,3.1633450333028255,548.7873886001634,15,BRUTE_FORCE
8080,280047.10248707986,22.968852366340357,14.411674040102627,501.5125748495598,7,BRUTE_FORCE
3389,3245.1276188183615,14.597259639660976,33.04315797237175,230.30564957738898,6,PORTSCAN
53,12114686.572842846,2225.1771779617857,4143.772993026882,119.16806540284084,0,NORMAL
1337,14042.083132629898,23.37910728478693,12.116569381444888,543.6715480252545,11,C2_BEACON
1337,93396.04305544429,40.55188233419036,57.00719726119533,235.42278282174263,5,BRUTE_FORCE
110,21293186.64169854,825.7679311923775,26583.094681593248,5.4912170224102335,2,NORMAL
3389,625679.6049813154,255.10747497952957,0.11375855802345589,587.8862236101915,7,BRUTE_FORCE
22,16747.704999324676,630.4154045767489,23.93232470468954,342.3195612396952,6,EXFILTRATION
110,9231037.408879371,1739.0217688376533,15125.568572630027,183.1524475847038,1,NORMAL
443,5648538.015236439,191.5673822746948,1249.0056272021031,37.96512645272865,1,NORMAL
53,320222.6218904918,441.5624946167695,7493.8124603008055,46.80607224448015,0,NORMAL
443,4454687.24977729,585.7828481202549,12357.04144564754,6.665027648425548,0,NORMAL
8080,22986.54611502818,40.944928954023595,9.321829404156523,442.0158067895592,8,C2_BEACON
3389,43090.71460896246,165.09863381141642,388.07062776680095,856.8920845383645,11,BRUTE_FORCE
110,967258.0337277714,5263.3289484046645,277.2180459438487,9.158466895349626,0,NORMAL
22,235808.89835318996,449.28075162569434,5.112513323378257,1326.0776906348146,13,C2_BEACON
80,1794722.3716893296,1064.5539985370658,985.881676041713,56.07976133141197,1,NORMAL
3389,497538.9785493119,214.45442885520654,8.949964118284303,194.22279725859173,13,PORTSCAN
443,3744049.387266215,574.483582882896,2921.939946889503,34.57540188529157,0,NORMAL
22,122192.00067290066,118.05233502360517,2.9160807708764,372.44485753904485,10,C2_BEACON
53,15029272.816458823,371.66102470986647,6743.56906663598,5.643693630316527,0,NORMAL
3389,69324.23335715877,150.96750152053372,1.5733658036738531,2428.5184498411163,8,C2_BEACON
22,236111.87927779907,11.928021123459416,34.0631835386892,249.98921864099353,9,C2_BEACON
8080,266524.29317496915,11.871064146655534,107.65480156272585,312.8388648619069,7,EXFILTRATION
1337,236422.95376939577,5.893137419027408,0.5943618700143607,404.22105421010735,8,EXFILTRATION
80,1644845.5459329532,352.77443371839945,688.4503060734743,80.85041798810023,1,NORMAL
443,2904480.325070695,1352.0116282393715,5146.595416468686,149.5741669616895,2,NORMAL
443,3725553.649703846,2517.977057587896,8419.665577015263,63.115217315252856,0,NORMAL
22,336004.8188843571,35.16264197966262,185.9564677851699,661.4678368069531,6,BRUTE_FORCE
22,69951.92405995315,3.480339450986418,11.158295374298975,246.7122348121343,5,BRUTE_FORCE
4444,379363.1569874621,20.191837045005688,1522.7902477956725,220.99346007519088,11,EXFILTRATION
443,12568893.959544752,1849.0831690391021,486.23290711738383,20.19123765356743,1,NORMAL
8080,74148.2657513423,43.73785636709268,116.77131017404199,84.05978607684295,7,EXFILTRATION
80,15409898.792397993,1083.6596719134723,1439.4311374744534,16.398328518671846,1,NORMAL
110,4095101.650792105,595.2103887140809,1341.939392952474,220.02808892861094,0,NORMAL
53,1693176.7364350636,1232.1403431201015,18871.836201267364,72.96887707487312,2,NORMAL
80,6148514.781271537,3421.3030992855565,7745.167846005418,23.10669884706288,1,NORMAL
1337,10784.592157870993,9.124767140536505,37.95051688638311,515.6273870030735,8,BRUTE_FORCE
25,130893.31370830133,2436.947079369875,3633.7858400469227,9.25515323347184,1,NORMAL
25,3673218.1185080092,2430.5280380590384,2491.1447471405318,85.0325239858755,0,NORMAL
110,9639524.859532233,1143.553640203222,13129.022588064458,39.20062759729503,1,NORMAL
8080,224783.74527921004,8.268208158924292,6.499822848322877,7.126498598345638,5,PORTSCAN
443,5851103.26960267,267.52090556013127,2711.133186884316,5.539700762488726,1,NORMAL
25,4979853.812843907,665.5067676899986,3556.076112377578,18.57104412039705,2,NORMAL
53,5607236.930497855,1585.0195234046398,1433.3005905561345,101.0168649686981,0,NORMAL
8080,162819.59027706116,193.83512203259102,48.13946877067376,1073.474806306834,2,EXFILTRATION
22,69343.84203033352,7.797863001407361,11.76056661348438,19.80350576056674,8,PORTSCAN
110,1291474.2616667566,2894.1960164338902,1124.554655370866,80.20092315716244,0,NORMAL
22,50596.146318456114,171.54085723921438,4.936719947062484,215.05239949206458,9,PORTSCAN
443,5468959.462440755,387.9547975327625,4321.970779289086,36.13085916091382,1,NORMAL
110,4358220.073750816,685.8462886348711,6005.63637921204,30.63722961401921,2,NORMAL
1337,216374.8568920208,254.05745737553906,4.348696755864795,551.6333190966418,7,EXFILTRATION
1337,148342.31821416368,12.342084940369201,271.13011900079334,1266.5370143014247,7,PORTSCAN
110,15843987.207159739,4928.225811515951,31397.452382146555,0.17372441466516217,0,NORMAL
3389,291873.7190647775,21.054196020292537,1.5933247787503617,2128.265206244904,8,PORTSCAN
4444,205219.50465664643,15482.421283230766,2.9609025319550466,30.65419109402076,11,C2_BEACON
22,73075.09360863494,128.69975231874693,80.20606141811949,202.69220283649656,5,C2_BEACON
4444,309676.01889722183,138.21949068847815,3.0700531151319277,1119.5760623021295,6,BRUTE_FORCE
25,9328932.179276431,1359.7171007577713,14484.314229398173,46.805482911434325,2,NORMAL
4444,91394.90792939336,144.79420593996898,7.663829390286146,220.2728458189166,12,PORTSCAN
8080,194952.89230363476,18.0668927532888,206.43521518717912,120.27845876854545,6,PORTSCAN
80,9918262.11533078,1534.9651423334485,527.7030452172799,9.12418291883542,2,NORMAL
4444,542201.2153428475,58.24523811029599,2.1780540312868157,163.65822648411026,7,C2_BEACON
80,2269253.7234359956,1564.5260217332395,12118.243859905808,134.26381613649784,0,NORMAL
3389,274671.7803225719,32.06640516185147,39.59937597235295,921.9940613219597,7,BRUTE_FORCE
22,520516.77762206056,7.094462856731117,75.00853073824754,2067.272514800811,7,PORTSCAN
443,4405273.574731803,882.8655727541401,3348.404487478963,32.729178029777586,1,NORMAL
4444,168833.6968427188,2.4502951849163823,25.64088287666488,147.68715661788644,9,EXFILTRATION
1337,74294.15268926302,80.43776672957276,7.263337404942351,1244.5345511123744,11,EXFILTRATION
22,97516.33682921137,11.728359109125181,20.91166403635251,62.42824236073732,9,C2_BEACON
22,310810.696002746,29.111120355261274,293.15911255902444,19.704783638678723,10,C2_BEACON
8080,956119.5257198306,391.71963303658265,188.0053667847024,295.6318468214646,6,PORTSCAN
80,386719.03147481557,1810.0142719947776,1186.9983646291294,31.775963006893697,1,NORMAL
80,101634.60502122277,882.9496794754389,616.7750852625757,99.71313745800995,0,NORMAL
443,2067987.6018768097,924.1003135560601,4331.494559230169,35.33826004423263,1,NORMAL
25,793191.8373443041,4020.452834019985,3609.3097834680234,30.80087452999154,0,NORMAL
4444,548054.4489425706,11.470361374907073,8.848959810741013,464.43156005663735,6,PORTSCAN
110,50488.96295247788,470.8068022896021,3711.180744932867,66.76131531746842,4,NORMAL
80,2706153.613864073,344.81344937459284,163.60736467670125,63.14570952258898,3,NORMAL
22,334357.10863637895,19048.3887406873,7.002579482638725,801.2178265833128,7,PORTSCAN
22,100269.11433081902,47.64846997507659,53.45030766289394,450.42595552004383,4,EXFILTRATION
22,134971.49855261942,675.7052232715168,1313.3007850055228,916.4879487023709,5,C2_BEACON
80,2616222.698075969,6864.610395946456,10281.349211138997,120.1509635807842,1,NORMAL
25,1901731.7661905873,127.28286421736526,1621.265648604942,51.52305299141175,0,NORMAL
25,2778402.7780636833,2826.0021056137184,1046.1652012216339,2.026995120009921,0,NORMAL
3389,422217.84306220885,73.86490071577795,3.896708517397422,426.27176269654314,8,PORTSCAN
1337,833513.1560917711,4122.274534471475,14.660042303561642,620.8229439598642,7,PORTSCAN
22,191404.07864727738,202.03412364249118,0.7757051789666617,46.35761329432354,6,BRUTE_FORCE
3389,324142.00583938084,87.70540442335023,21.373282884648273,152.39321902196448,6,C2_BEACON
4444,208881.83847878588,175.23091837432318,8.37634788654527,150.75401632057296,6,BRUTE_FORCE
80,5156108.794468862,1189.5036818644166,1156.2116100269336,43.040104464336885,1,NORMAL
1337,21757.44996073031,108.54358205304285,117.80853253447285,104.45509865210212,2,EXFILTRATION
443,5534412.931281769,531.4644812621908,1807.987479449889,133.3153992568134,3,NORMAL
22,24555.429807328488,47.33333768561335,22.890013493126048,634.4787125404284,9,EXFILTRATION
53,284755.91330182046,2284.6096982946933,14462.571889197076,256.40458394662045,0,NORMAL
22,249416.07021960538,1315.1172956151893,84.89793386358903,106.7776779142117,7,PORTSCAN
53,2194770.611492123,830.3772666347678,2295.7476770250246,0.16432618589057701,2,NORMAL
3389,400538.5993344858,5.0689030542156,30.657183622331697,391.4569080673801,4,BRUTE_FORCE
110,3494574.108006709,1538.7999867697458,8312.80829719608,9.505800212926593,5,NORMAL
53,3543922.4238810306,3387.298659500201,9608.494998719687,51.67956597335196,0,NORMAL
4444,91627.82769530646,5.070387773530247,66.8844938083549,46.96213798391534,7,PORTSCAN
3389,118470.92649440849,16.8238744850958,9.72286836185193,1488.835403952659,8,BRUTE_FORCE
22,74657.44149130814,2062.107608495627,2.6691715049651874,648.5477571341826,6,EXFILTRATION
110,7248585.953335794,745.8367623895773,6906.731653989937,283.52862665465744,0,NORMAL
22,159120.72396400187,50.518749546902,49.92568739891716,192.20373845079249,7,C2_BEACON
4444,78476.71342980849,4.677151872779585,2.8449678579605906,168.1173247532214,3,EXFILTRATION
8080,439237.89679404115,15.480488549771875,5.175338321279694,2151.5857794643653,10,EXFILTRATION
53,4981683.304268637,230.57224043772914,3084.9135564064286,66.51917574397328,1,NORMAL
110,2717903.6506796726,5661.41210005345,3045.9371451124657,38.37188860721773,1,NORMAL
4444,206856.18409033556,1072.808568978847,81.97410647327419,232.36901025273983,17,BRUTE_FORCE
110,1686321.7861131674,478.15239748607274,1193.7471451293213,3.18975961129713,2,NORMAL
1337,74266.76596192195,23.575819359633442,2346.965088844229,526.9563421627265,9,BRUTE_FORCE
8080,225688.4880290316,4.651219192356019,13.328205115474665,596.9088772922001,10,BRUTE_FORCE
53,3154238.2827290376,1075.423278529526,88.18838132484507,47.99309000658009,1,NORMAL
110,1806426.2313775977,1061.5613838604067,8872.616334726108,58.34816756471663,0,NORMAL
3389,73939.5073548735,21.33950798439028,23.494152659940777,781.8418547210897,8,BRUTE_FORCE
1337,396059.58984278596,56.88037285883736,57.86473203918386,404.0424927284947,6,C2_BEACON
4444,383195.2414944697,462.47292920928055,0.6831688716470348,333.3806615903141,3,PORTSCAN
8080,27404.521066886613,21.028877580967425,235.57247631467143,538.1279908090041,13,BRUTE_FORCE
110,185711.83634875683,1094.6295134913576,2115.302895069147,29.803677426316185,1,NORMAL
8080,122624.47029870312,19.06732893599065,1.439712402754341,724.8945478723906,4,EXFILTRATION
22,80547.8233671769,526.7642708793896,3.235367424057594,714.2083979905099,8,C2_BEACON
25,1153233.3715965666,763.1854054536243,1542.923037548885,132.91416783176146,1,NORMAL
25,645736.2922081377,1164.3401073754221,11215.030739214331,18.467671263823192,1,NORMAL
110,9732634.503980557,856.3370392624138,2567.4078349256547,23.65641820073243,1,NORMAL
25,2296308.5135505064,3440.589517837951,1204.5372193923863,18.11814563107111,2,NORMAL
80,1383806.3272071474,2683.641880257842,10448.869800049742,44.842251549321574,1,NORMAL
443,1167960.9309297986,1576.5659082544098,793.6704711938296,13.092118156697435,1,NORMAL
110,5493694.31433828,2206.6094670973093,6069.461782756024,44.239861220669766,0,NORMAL
4444,20389.95712691426,57.737987680352354,95.95833506257378,794.6043132648296,8,C2_BEACON
22,134682.09915143772,0.9825510364011634,154.47938263926886,1388.2761178965975,21,EXFILTRATION
8080,80312.50191165533,7.9631581920615675,91.89394254280023,222.66055280411757,8,C2_BEACON
25,2008.1233286492477,14367.908026451802,1827.6884507279617,34.89815991967249,1,NORMAL
1337,97087.82255082215,52.184206553573006,119.97160322553121,594.9646451928935,10,EXFILTRATION
25,3751891.484813996,2787.485893684092,5018.83130518194,163.58542046727925,1,NORMAL
1337,93529.67941833,14.14081801525764,105.63842868743205,501.5179835375824,11,PORTSCAN
22,10585.447602486862,6.557850522992153,5.734220977829403,70.0854649802857,7,BRUTE_FORCE
8080,209687.4915674423,1159.0118922651834,23.94589052122379,276.0443373544806,8,EXFILTRATION
25,3240710.306721102,2156.748511235286,1477.2302996705696,62.537168361188286,1,NORMAL
53,4729314.494967476,1613.508852502316,7736.687057081076,85.89564447986122,2,NORMAL
53,3489510.536359083,2769.044215505303,388.3314850994079,15.384199192594597,1,NORMAL
110,9205487.213201629,1449.88583991346,13586.884135779159,43.93791163512405,0,NORMAL
22,164824.7328270575,10.530445344972444,21.051607398488432,73.18379115373136,7,BRUTE_FORCE
22,118504.88854914301,113.8029630437117,653.5570726612167,1437.5964412071778,6,BRUTE_FORCE
4444,106021.64786988015,398.20803073891307,20.378174227238706,449.2225903861891,4,BRUTE_FORCE
443,5815190.945533799,1683.8046431344767,10740.67528571528,20.70584701043918,1,NORMAL
443,4819338.243201274,3355.439827011801,14179.570951993224,14.995837543004756,1,NORMAL
3389,145271.13617873262,108.70302871980302,41.497194903132275,111.43246498532572,11,C2_BEACON
110,1655210.0581501073,1203.0648097307148,5603.4234301395545,237.80280244420027,2,NORMAL
1337,190493.38123007244,30.553862610202813,40.24385478651092,321.15944169722627,11,BRUTE_FORCE
4444,61153.35172568079,232.6404640911375,33.720206863736735,28.05800516440823,8,C2_BEACON
4444,312356.1038522143,34.31224435686947,3.7363056483333197,193.3035321817912,9,PORTSCAN
22,205927.3454111774,4.700637197848169,3.0748726879770625,458.9242149334402,12,PORTSCAN
80,36695002.83437666,126.91970253540264,745.7837369594314,41.2139603909413,1,NORMAL
4444,78963.53439647797,5.9587670750285495,2114.828294344775,151.75765627645615,9,PORTSCAN
3389,106988.27145120382,78.8410094034186,48.88065380986894,229.6267830605806,8,C2_BEACON
22,350820.0931146966,445.68943828503166,167.60880918638338,572.6633990847491,6,C2_BEACON
4444,86432.78844979644,32.08650841572525,8.036037867414453,199.33154597625946,9,EXFILTRATION
8080,78127.20806383881,0.46286488801203823,271.45998990811546,165.76899125227916,6,PORTSCAN
443,6184840.812922564,853.1045994523452,5940.0573134794695,34.94573681489361,0,NORMAL
4444,297149.38228201534,67.77707081106558,18.240834558853756,798.2547389858345,7,EXFILTRATION
443,899927.9181827366,4955.784448416289,5012.327486302179,67.0704948225636,1,NORMAL
1337,236116.73536050218,7.0642845233216205,14.895551498039264,511.5458537844496,6,PORTSCAN
53,908718.616517926,5577.136405157178,2375.548406489794,93.50821786010192,0,NORMAL
3389,13135.242577963347,8.597272423477975,7.378548554090169,338.2347244547549,6,EXFILTRATION
110,1416773.3835297045,1626.1825808914407,1037.3995508950231,10.696660059300761,0,NORMAL
80,1783853.9062651906,725.2752924662491,16640.353065879146,83.40467853808367,4,NORMAL
3389,226477.5504155077,951.6852981395677,40.37324060019353,445.9610906945163,8,EXFILTRATION
4444,78287.84402128914,455.85861482911673,5.326867962380419,281.594487211928,6,EXFILTRATION
1337,676124.5171454072,6.015894374195859,28.80730165772463,395.7535544415602,5,PORTSCAN
22,157052.08237995792,38.38425076653999,1.3596696457985744,706.7049081156343,4,C2_BEACON
1337,61601.90145303822,410.5768823141311,8.279408917272457,186.5544646843329,9,BRUTE_FORCE
22,96421.99203425445,603.8705912004315,52.008090683483154,23.544031420295884,7,PORTSCAN
4444,14708.412875752161,494.0593359664933,26.227688809925702,169.03732714170687,8,BRUTE_FORCE
110,5600552.078255975,2414.0840080399535,18649.561045625967,41.49897443448122,2,NORMAL
1337,202386.1386360083,0.56879183899667,0.44103353109852206,632.3778993883085,9,C2_BEACON
110,5566271.923601471,480.5362654934949,1926.4969183768067,66.76143683464164,1,NORMAL
80,1586959.071621656,894.1470357127876,9244.942869331942,2.3012093822316118,1,NORMAL
3389,259881.39620619116,645.7480433908738,910.6860051236121,110.0430492109368,10,PORTSCAN
4444,251701.80353784253,33.9948925680011,370.4304131250574,340.24455743663475,9,BRUTE_FORCE
4444,55707.981163989396,13.734177466597552,872.0586961186449,258.89984422064595,8,PORTSCAN
4444,13020.55800733735,524.4403989749221,344.931900603066,77.09529634544725,8,C2_BEACON
53,1462752.6833512273,271.91011772213074,3280.752851454503,13.627886140722412,2,NORMAL
80,1759236.522802299,1408.989742805647,2943.4342125525486,114.29722577549751,2,NORMAL
22,180415.99443793134,8.23450199405195,153.1203354582431,1811.429426816462,11,C2_BEACON
8080,76754.01441968883,43.30719407547768,54.95620014436122,1108.6401680099484,8,C2_BEACON
1337,326672.97179887805,807.0227459400733,6.899191305957415,91.04935463609446,12,C2_BEACON
22,42833.143230182926,56.45004495312098,13.34584313122349,266.7839601743635,10,PORTSCAN
80,472628.78882011457,1535.0572708438356,4326.763718423998,62.18434870175113,0,NORMAL
1337,77545.27231749106,17.58287956515391,10.672245102006698,143.00644384135845,8,PORTSCAN
53,8184876.275486991,3609.2695193167765,2050.7295544453286,20.13801529665397,2,NORMAL
110,4704303.01530254,2363.5917369752483,491.338461844077,102.53528639636693,1,NORMAL
80,698340.231666427,1434.8453558267402,5696.377521302649,4.112309804058822,1,NORMAL
25,7600057.938611066,184.54344647626593,23345.0876468543,29.08079127160443,0,NORMAL
22,379174.90596697025,383.7413923861104,886.2442957480148,373.46319508887115,7,BRUTE_FORCE
22,96533.21566010658,39.74747282276275,27.02875272711788,24.79588419326125,8,BRUTE_FORCE
443,197931.22838214468,359.08141475194105,5585.12902565226,7.515256106454673,0,NORMAL
3389,141007.71183102168,27.96147032919584,0.28796219154816277,568.9397882317395,10,C2_BEACON
4444,86836.63408807202,6.3459340959380315,420.84668111498416,300.89587664928706,5,BRUTE_FORCE
8080,121731.82888539569,71.82923060570333,1190.4157340564673,525.6001962886536,10,PORTSCAN
110,4673857.4801940145,668.4993666415411,13814.193060307478,75.95650096243472,1,NORMAL
1337,307986.91885121365,2.5866012018117264,103.8776922548355,111.84289828392761,5,EXFILTRATION
80,1807463.2395452103,389.70967561068386,1632.5372629654564,61.204655875180144,3,NORMAL
8080,183677.5031259624,732.558450652068,60.92520692513291,80.96895757175517,8,PORTSCAN
4444,263285.4705825356,40.90161997628224,21.378655395943856,151.96856853849968,5,EXFILTRATION
8080,268658.6909067629,79.67638884168142,17.962839907059315,1159.3789322537416,6,EXFILTRATION
80,1263218.4207681967,578.1616465624638,8645.297019934864,12.265059803812882,0,NORMAL
53,896013.656543395,620.5763086777021,5034.760823946904,14.850948141324348,1,NORMAL
25,2635392.1845581685,712.3321856150104,6931.710629648597,11.276203713093164,0,NORMAL
8080,102029.24248613621,0.48096426947851284,198.4986964952376,2.625398986685079,6,PORTSCAN
25,18961556.528390348,1529.0047816414133,1123.5528009758837,44.9354772090698,2,NORMAL
53,5174245.021676578,2573.482163521107,2070.1242003377547,112.87659994909774,2,NORMAL
22,23731.78599954608,72.5670130586529,48.40078627955129,186.54077753546457,6,PORTSCAN
53,8303096.688645431,1016.7117531827874,7363.725980634538,30.29927886987631,0,NORMAL
25,18527151.877392393,646.18356573068,1619.8386503228403,12.552114754688537,2,NORMAL
1337,6012.262999169915,11.174917220752183,0.6542645722116267,537.1714843090856,12,EXFILTRATION
443,22648775.501955226,359.5246607008278,7107.387825828334,43.37798112920352,0,NORMAL
53,8076563.257237441,161.92749068201334,2321.880620241237,50.73199682895775,2,NORMAL
110,9780816.410573525,804.0031573665113,6170.188282249745,72.7883154815622,1,NORMAL
25,6008425.800823276,283.806443255324,2179.38022036795,20.55035775806883,0,NORMAL
3389,202567.47727180112,163.31840329977544,0.5912920154001448,1080.5762500284318,6,EXFILTRATION
25,4504309.749440003,370.27733881440116,825.3519024324712,49.04860622358389,0,NORMAL
443,14600862.742053213,622.1533975555084,17128.89686617158,6.356652649659498,1,NORMAL
110,11819322.94204978,1017.8087621122093,933.3798878157085,34.679842175713574,1,NORMAL
4444,164959.90584775354,5.361991660899699,1.891746864695757,65.20469424260716,6,BRUTE_FORCE
3389,159208.39815643383,55.500324368659925,56.92530285376695,122.25344795696665,4,C2_BEACON
3389,98354.10836336024,4.859417353433778,111.6482742362809,43.01826024618562,6,C2_BEACON
3389,948865.2719846297,440.6133518453024,16.82476682142808,170.49974455599667,9,PORTSCAN
4444,244935.21291681653,13.591337242252624,120.7342393101465,1054.6115344873128,11,EXFILTRATION
8080,223586.28717535932,119.34479855482157,0.29122616522925987,140.50559632456134,9,C2_BEACON
25,3675514.058943361,1164.0864328725224,9275.475497768579,43.17384432743497,1,NORMAL
8080,257899.39806353234,51.22191154637972,42.71985288927848,233.5772548346904,9,BRUTE_FORCE
4444,612570.2697483125,2.3037261780811216,24.27803160043395,2268.6111920863327,7,PORTSCAN
80,275325.9933485091,623.0645017260676,3499.637273223864,3.1338782675487904,1,NORMAL
3389,11269.870812995545,31.19712186306383,15.154474333730116,392.0997793927101,6,PORTSCAN
3389,38139.93092502023,1289.35331606041,1.6060461253011484,777.3010567138015,9,PORTSCAN
8080,250880.3616261801,49.93433874719545,3.43529936849332,369.56310730462127,10,PORTSCAN
80,14354960.692324368,256.9537258264285,13715.775752420737,42.951411890386545,0,NORMAL
110,1109985.4988796685,322.8699857404054,4547.868357492045,181.87312172562557,0,NORMAL
110,658806.8904692833,1134.9380972596766,905.7915311139291,3.9680472691504503,3,NORMAL
4444,72441.78180367324,6.689610345928702,7349.541401372669,107.04545283385345,9,BRUTE_FORCE
22,47510.18549650622,38.468304036059784,58.64270694792311,54.65786688948301,7,BRUTE_FORCE
1337,166927.73642531477,7.897770914494598,1762.4323462985308,1124.7921317497298,9,EXFILTRATION
1337,237453.57658874165,1.8700289734360673,115.41997285930022,578.373162818658,7,BRUTE_FORCE
3389,107949.54499271567,9.785970482067928,5.388528614347414,64.67518716555716,9,C2_BEACON
4444,48214.95994553891,637.9508069071246,7.513435348107271,132.56608443439566,7,BRUTE_FORCE
25,13917736.546059394,798.9676477862837,1781.0907770999336,77.43821015097673,0,NORMAL
1337,236408.70319129442,13.631868967699852,0.0772456506679749,33.421107063180436,11,BRUTE_FORCE
8080,297967.77743539447,15.221645097467526,0.7740929031230791,393.5307453497269,8,C2_BEACON
22,81233.99626242803,5.8649762065398985,31.837715414882375,92.01561643884509,10,EXFILTRATION
3389,534861.246379626,70.01111514691226,8.9544777800851,421.7382861191555,4,PORTSCAN
4444,130706.23546169003,101.87370213400331,19.222994178270785,312.18330221670664,7,PORTSCAN
25,16375367.405244643,3554.646803270679,478.1254906530671,50.12551977335848,0,NORMAL
110,3165349.990034905,658.1227741027217,3935.720649969441,286.12096450454135,3,NORMAL
443,8328327.133928746,354.73303256451516,1081.7280735235684,2.1683305171907814,0,NORMAL
8080,90806.80251479801,127.40296337348295,43.92420670537606,575.7192259982265,6,PORTSCAN
1337,54522.90845035119,42.36814813399761,1.8660770261767985,153.39315682112425,9,EXFILTRATION
8080,369.20395294738086,247.18757554837146,11.509629943264596,96.93326176925973,9,C2_BEACON
1337,380282.5680668817,582.9910745056649,17.892684719317657,1614.8253512512078,9,EXFILTRATION
110,2846237.7228696467,643.8032991369571,1131.3240285316704,63.91424155860964,3,NORMAL
22,613262.66936987,91.29517826939188,81.49627359210692,218.32430045187297,10,PORTSCAN
8080,308632.7323155267,207.9979703806623,15.444491765879018,1214.8973407452281,8,PORTSCAN
3389,161487.32973880303,9677.95828220024,66.47304029699191,643.209275290423,13,C2_BEACON
3389,610807.9030252841,52.91273680465404,3.1596928580683468,220.39414658034315,8,BRUTE_FORCE
1337,502250.02360298915,84.09435308252652,5.73720689363009,15.30114428848641,9,BRUTE_FORCE
8080,228523.03031247683,48.25771476105981,13.80522334327093,24.93683126918253,8,BRUTE_FORCE
8080,115654.80468504177,166.3571415796981,0.741314960852445,865.8814884335429,7,C2_BEACON
80,4554128.628821411,291.7942456707919,1106.6327060177616,94.00360238939294,0,NORMAL
53,1084209.5482182885,1043.2433727620462,1184.9783765044463,50.4966112111404,0,NORMAL
110,3077531.4302571383,489.5518452027744,8024.617658141781,79.97822049008552,0,NORMAL
25,362111.1573684224,639.8755598114045,2868.0190927621506,45.88939038061029,1,NORMAL
110,301181.5432946526,16290.360572405325,8862.425010501964,26.21329635912556,2,NORMAL
1337,165122.46411843953,12.248723793491122,6.28464316061214,121.94960802659634,8,PORTSCAN
4444,426164.359579346,80.3967453939243,0.8701668427476558,13.617053208945237,6,PORTSCAN
110,1997748.6950220764,204.10266116885884,2289.379034933782,22.95518113528116,1,NORMAL
443,2035651.4221109112,584.0295428681029,3103.4856985745632,39.33324450792801,1,NORMAL
1337,186664.83675798928,94.36418881034224,10.83403628657264,992.4211416449972,7,PORTSCAN
110,15457464.948642112,629.3701158309497,1650.0124381509852,24.087377189291416,0,NORMAL
25,1031553.8839664776,372.26005057201263,4181.137629138144,56.16006294540738,1,NORMAL
53,895156.450596143,409.547902667612,11459.45096953366,17.610521311048867,1,NORMAL
443,11149884.873066315,5475.655355591736,994.674469811104,16.85924159464627,0,NORMAL
4444,22848.45197905021,453.89398719766535,1.401654261888909,469.19708471858485,9,EXFILTRATION
53,17850205.11355982,1036.092188722364,1593.4445273608112,5.5333874671106225,2,NORMAL
25,2363447.688789533,360.21647345498195,5467.882190147116,115.17768382754335,1,NORMAL
3389,204968.4717618189,159.56163006488703,117.08860116821607,52.19705826543431,8,PORTSCAN
53,5332963.66042089,2653.425659858894,34954.80977389096,0.189267028687748,1,NORMAL
443,1270482.0564755194,567.7137225437568,462.132958945775,55.4036007419773,2,NORMAL
110,13861437.629948003,88.09318710243107,265.53156260410583,20.663299458604534,2,NORMAL
443,3760073.8745406885,880.5860740430617,3076.6897653456667,14.87265385316803,0,NORMAL
3389,647576.9049189896,0.6646646775977416,31.955309407523924,159.1783886556064,11,BRUTE_FORCE
4444,275935.98865486204,36.56816433433614,346.1153791761105,268.67739733253177,7,PORTSCAN
1337,45826.636159631606,65.10639411735221,1791.5637252044019,1585.1085656662558,2,C2_BEACON
110,1521877.0485545774,1141.7388648692724,1246.0486457950358,172.75343037510143,0,NORMAL
53,7572548.658250667,512.5505475807531,4867.918513395132,4.268031805059065,2,NORMAL
3389,27538.90572646362,3.0965060130205626,358.5131337863054,682.9684379946775,10,PORTSCAN
8080,29893.923268653787,216.3693254746448,5.282140048954445,1576.708766716212,13,PORTSCAN
110,11383890.749635236,129.56726294357264,6513.271492559395,91.6841966318821,2,NORMAL
3389,161680.55352869627,85.54050136385199,44.859812298160385,597.7006115701388,2,EXFILTRATION
22,54511.6237994683,40.74233186975763,113.96910180135377,526.936936467402,8,C2_BEACON
1337,32931.06282797035,13.133145048593404,2.5830328880652127,537.9830046303942,9,PORTSCAN
8080,38120.55805860607,298.419487605561,0.7198332152521311,281.0218442253576,4,C2_BEACON
3389,7768.852185426725,23.65242508520783,2.512266832936845,20.068049303343443,7,BRUTE_FORCE
22,12829.03920888811,4.984802022797401,30.820900600262956,569.9650796830042,9,EXFILTRATION
8080,77742.05972248939,21.401299676814876,1061.2018440884551,115.4017411843277,9,C2_BEACON
25,2559999.6218896066,1244.462786587807,2006.1881498143457,7.264895973881577,0,NORMAL
25,9784283.46581652,289.1229388268918,8457.74214154023,105.36938638015974,1,NORMAL
53,2832019.0815661945,990.2363077783147,36699.495448155336,12.086606570195691,1,NORMAL
25,4679442.202316699,744.3480131624175,1031.9568377627886,228.7306726915832,1,NORMAL
4444,615486.0052463422,16.170404700882116,895.274985423841,183.12536135068405,6,C2_BEACON
3389,422176.92319685785,3630.7610585220978,52.19959227284726,1613.0667662811766,9,BRUTE_FORCE
3389,52473.11176788063,208.01322735421505,184.61478385412414,242.88792124455935,13,BRUTE_FORCE
1337,49518.63110085127,15.167453369352467,0.13249736637109494,192.3760161014922,7,BRUTE_FORCE
22,20481.376289719923,36.75727693078103,0.7284781347138846,745.3476580135286,6,BRUTE_FORCE
25,8334344.861052255,1589.5508379809446,2334.002390898714,151.44090698059378,0,NORMAL
443,11817606.351034766,237.51981343771007,2274.6517427208537,72.79372708201399,1,NORMAL
4444,54720.299227248484,99.03730614896378,12.628026097597662,239.18871274471863,6,PORTSCAN
80,1456883.5123388642,3250.2270125194905,188.81557868251488,18.487682695460556,0,NORMAL
25,612539.5346642849,242.12495833110057,43858.970277414024,98.2684638804741,0,NORMAL
22,127955.32521228607,303.9214849536065,1.3011242127539049,367.33214434799874,7,BRUTE_FORCE
22,27030.75756471539,130.17367099798003,3.616622201156544,407.1688724958978,10,C2_BEACON
53,1805321.107804936,4554.877179939454,5285.67288816349,21.123053442614292,1,NORMAL
80,5554647.178258048,823.2651347041085,2400.2775390888337,54.48844828775891,2,NORMAL
443,835588.0520494449,197.15037288309546,3919.9130317218032,73.15471628753488,2,NORMAL
3389,735139.79911038,2.955590063809249,228.2990206133657,1073.1267816586387,9,C2_BEACON
53,7477807.030455019,6325.168218940845,11974.15434497522,19.319139748897932,3,NORMAL
443,17276018.686488483,631.0007468995499,1045.956142588082,4.098858117047532,2,NORMAL
53,4663526.398865226,391.4719812164036,1963.08243100982,22.614732769591626,1,NORMAL
80,1285910.63938457,441.558366425977,8515.876688215887,13.966631068709567,2,NORMAL
4444,63097.80626102932,146.8402896428169,285.15090106207157,357.44291186226343,7,EXFILTRATION
3389,165252.16621362054,105.41436885112144,2.7392853037936074,156.1692507457199,5,BRUTE_FORCE
25,2615887.3418563344,579.7010648109238,7740.960845377151,50.494280842308505,0,NORMAL
3389,68161.45400478855,229.39470864840413,224.30107608582526,2293.1044124900727,6,PORTSCAN
53,2507191.9960039346,436.9626701907196,287.70791800535534,30.889946522304967,2,NORMAL
1337,71622.92175833306,5.628814233224269,23.75145003279247,51.21114215638649,8,BRUTE_FORCE
53,10706376.436355257,1240.8218258376073,1834.7165033959407,22.912921067927,0,NORMAL
110,114114.92965000414,27.42992878144512,22083.139936749267,9.687802135804958,1,NORMAL
80,252051.7328459823,163.40644003618726,2043.8683229267845,135.91630962190953,2,NORMAL
110,1242731.524689672,2091.419035580811,1366.3353306318224,20.09470419575864,0,NORMAL
443,5224848.54407759,1277.328265491421,1953.817466156026,25.18841305567741,2,NORMAL
4444,362475.3105100376,151.986749018213,7.152079156202627,106.49390045802402,4,BRUTE_FORCE
3389,358991.68722444517,7.2669159147328966,122.5715020285335,726.2196474678232,12,PORTSCAN
53,60716.84228425104,1382.4990850817558,1641.620547017381,1.7093506662937323,0,NORMAL
443,4157382.682724594,344.2598452541855,1139.717345639835,27.47862340620558,2,NORMAL
22,56652.32082242071,85.24206205743717,11.46660811497394,244.8831405776128,6,EXFILTRATION
80,14150438.588425271,269.4657703074957,1400.732995147902,12.149681503992236,1,NORMAL
22,99386.6168808942,989.3446181927641,37.89159504319822,55.240259980950654,7,EXFILTRATION
443,5174762.234954642,325.8824194739642,30846.083697157985,6.062288148454217,1,NORMAL
25,2027074.4958722075,1949.9556853350593,1654.5512610991398,13.637288282930921,1,NORMAL
3389,3159.876804657986,533.7420082353182,0.5126969799187192,232.87916131919445,14,PORTSCAN
80,6527060.647052452,2182.4542088785206,809.1922867780239,31.788391046935217,0,NORMAL
1337,544439.8603392903,363.167912667617,127.58354380158909,231.7081736859585,5,PORTSCAN
80,8587554.531024689,698.5494585360786,1173.5228439996192,12.6337114938348,0,NORMAL
22,43656.241437613244,332.8477324933474,142.56174286576115,440.6000608484851,4,C2_BEACON
1337,217332.91845172286,1773.842972402013,17.586698001034943,76.76236195379994,14,PORTSCAN
53,2689876.5722505315,603.4232990693313,3220.055435245775,26.604137797104222,1,NORMAL
53,1706772.742425321,1861.801663074593,1807.958197242673,147.22138319683046,0,NORMAL
443,6319764.045182416,1997.0985601851564,2127.1642746678563,126.22529814183494,2,NORMAL
4444,16420.810171357865,47.10287794414544,0.8787580347056612,284.89742626995604,10,BRUTE_FORCE
25,6998173.381372962,427.78405072079585,9187.393212732595,212.6117316300304,1,NORMAL
1337,46636.82052568964,936.4012640150569,100.33669519083968,77.52859736380489,6,EXFILTRATION
80,774326.5081481421,1701.3037258720492,1547.107046733524,79.77837063261255,1,NORMAL
25,772061.7102234843,1649.9253742531703,244.94498344406784,24.573457968913512,2,NORMAL
25,1598729.2240250066,2506.99130711998,2124.958457484533,7.348974701622263,0,NORMAL
53,5489172.526523908,3456.7733197590583,29210.858290425516,39.077074652656464,2,NORMAL
8080,2653.542891906136,9.508050987256574,23.015648082467568,300.77802772115734,8,BRUTE_FORCE
110,1003294.101183558,353.87062140182974,7979.987898809055,151.0676848260792,0,NORMAL
25,11572156.071090115,904.0139350488555,8405.090498334248,13.013345429493539,4,NORMAL
53,356158.5205662998,1966.2491504061977,282.58224136102757,82.29474277201805,1,NORMAL
25,1505850.0707565688,3440.4636738902855,484.95913856688924,35.778863348237934,0,NORMAL
8080,91634.562115191,0.9081997490739976,0.1862679761540872,1.8298069387698979,15,EXFILTRATION
53,4394454.631891216,828.7255114208085,487.94219635901055,39.81247339954124,0,NORMAL
4444,120137.9272924572,30.73446379905091,12.13016506981293,2698.9528506949623,11,BRUTE_FORCE
53,48738.549272308985,1184.8408375969625,3725.861802186951,4.105425174861863,0,NORMAL
8080,6110.602526915149,6.969881883157821,33.486321519084726,574.6969563479267,4,EXFILTRATION
25,3428268.8510986776,227.46826699532713,3053.416986658286,21.604405609304138,0,NORMAL
80,581900.116485289,408.3538548650396,7655.814848342526,43.54254323360953,2,NORMAL
110,2487166.5370648694,814.1982150371275,11324.807357939315,227.13332008646066,1,NORMAL
53,5856671.22938266,662.4011414998579,2735.179612258819,11.441984524355405,0,NORMAL
53,1674157.6163774035,1079.698280445897,1429.2983195158865,131.1817397037941,1,NORMAL
443,2033775.0546744757,2018.0360141080712,1063.2386626321688,8.416772212607285,0,NORMAL
80,22271080.214613583,2919.7688882984135,960.5955745770832,45.0226782705616,0,NORMAL
3389,149613.56688479538,0.4799538295051498,32.89606336622119,4.888809636792263,10,PORTSCAN
80,467281.42097098776,1203.203745066869,897.697628054778,96.70055981688441,0,NORMAL
53,1249668.6886476628,718.6910569153428,1935.8348899313232,39.51748621331907,1,NORMAL
1337,1110642.9330356217,83.67863293747182,14.341684319065841,294.1344406967126,5,C2_BEACON
443,1203958.582359604,6988.631558973028,3067.860398290846,8.791343158560752,0,NORMAL
110,3331965.297469868,565.2728395877016,5718.3550504919185,20.173954925360572,1,NORMAL
1337,143552.52660422993,33.152676545517274,2.769395569448248,1864.919616503258,4,PORTSCAN
25,559109.6187404582,595.2603518109696,168.95319645819308,98.07669582843495,0,NORMAL
110,439857.4315197053,2921.943441798911,602.7177926772272,22.827846487711017,1,NORMAL
80,14504298.636628972,536.9660559651646,2601.1313347618143,15.111747080532394,1,NORMAL
1337,37127.10603595255,70.36876470876666,58.63260479349595,29.58057409855357,10,PORTSCAN
22,52193.880876817224,238.09118601813427,15.497671383244501,466.9745438123196,12,PORTSCAN
4444,158242.76705623404,120.05291161790427,1.6625364703906538,179.71761409980655,8,BRUTE_FORCE
110,3130592.567736234,9151.117732168395,1788.0670961116914,42.05920342436506,2,NORMAL
443,1672389.1575178849,219.721028512251,6349.488863440061,18.116826070550193,0,NORMAL
110,1728314.4046938887,717.7339288001157,5058.919011292218,41.228409979624736,3,NORMAL
53,1282677.220495336,856.8608835882003,4651.859314550651,26.724157100007567,1,NORMAL
1337,199651.72539748557,19.68124258647403,9.987437034814837,417.7016523251417,2,EXFILTRATION
110,6208750.959472737,2177.407997584943,8995.460979662972,73.71133674607788,2,NORMAL
80,1152064.4010807304,8758.479407098057,680.4986265769312,19.82231824330842,0,NORMAL
22,133414.27551323894,2.2970114288437324,4.599228334976513,453.93878427733455,4,C2_BEACON
1337,346677.70818788884,4.148151578982422,14.080878507116585,419.15357212639816,12,C2_BEACON
110,1651448.8822423737,863.0254157065291,5443.744657675436,37.546380044776825,0,NORMAL
22,184911.4752934875,429.9348426340114,57.33708371070141,13.264800135506535,6,PORTSCAN
110,1185742.9694568054,571.4125296091222,2780.9854128835027,24.999783890444778,1,NORMAL
8080,225379.69724408802,9.091298819503127,13.273058233422276,512.5827212827422,12,PORTSCAN
8080,432380.4970893756,16.753633415735436,256.2560145168093,226.24998392769655,6,C2_BEACON
443,518736.0409862849,10999.849142487956,248.55688842090106,47.73772414345188,0,NORMAL
8080,32905.280881340885,93.79203509577951,2.356125194863607,201.39266826230045,8,BRUTE_FORCE
25,1403499.7192831999,1490.7029407499865,13085.68299617355,2.6890495277257407,1,NORMAL
3389,25411.560311929043,0.5514874440981317,5.848265228682174,1571.077522328956,4,C2_BEACON
80,685907.7908195384,749.0177733890937,10120.81438106092,97.44126693166693,0,NORMAL
443,16549468.924924888,721.2865947418084,13692.932036939586,3.9149622732984475,1,NORMAL
53,6127208.040387446,8554.338338512684,21331.668214761467,79.55581328381372,1,NORMAL
443,2731370.552845641,1617.516530381695,3391.827441666451,32.27117017068183,1,NORMAL
22,214030.78381535131,825.4056171408383,7.396881682628981,198.01018850711907,4,C2_BEACON
443,1330845.385342647,1169.5888110007666,2190.9405314955834,35.2975965925678,1,NORMAL
8080,357283.22777057387,13.708476639666479,21.682817520317627,174.88923480144092,8,BRUTE_FORCE
22,168774.06771269214,5.023498185038304,7.966591239979711,158.60218760536796,10,PORTSCAN
22,53542.893779912025,7.90718188692985,4.269890241451926,611.7906175758488,8,PORTSCAN
4444,65731.47218369707,67.07957590902706,3.3477190461109654,335.97469072373445,13,PORTSCAN
22,530562.6987653071,1045.3144401338936,14.48992485172037,18.38856631419798,9,EXFILTRATION
53,2430329.478827,847.4869478878437,10469.848551742973,21.352197475540756,0,NORMAL
53,11379642.5756108,4018.6177973859117,695.7383553948097,80.55707004581413,0,NORMAL
80,7094922.978741559,2083.6868399809696,1390.7988266107632,6.812527596788111,1,NORMAL
22,29696.097150593243,19.41798821286879,3.11129440240194,1540.9591447589435,11,BRUTE_FORCE
3389,50269.08288577617,6.721872390565051,1.3762866036379828,20.551071045332673,8,C2_BEACON
443,16805470.429497533,6473.620730226397,1077.0128790422991,37.03754756607262,0,NORMAL
22,219347.62069933486,18.758023566782473,35.57287583529664,332.2669348385769,8,PORTSCAN
3389,153168.59625107874,33.051852452983624,22.57269617996056,436.04851508318575,12,BRUTE_FORCE
1337,487278.35701108474,31.726572457298854,31.59459043760437,137.86178594078598,8,EXFILTRATION
1337,78309.19698080583,210.14033487031327,117.71834456284002,228.75454098827913,10,EXFILTRATION
110,7586557.253056694,522.4356143320665,1914.746039699612,37.18215560622122,0,NORMAL
110,2923201.417484717,767.0752850989609,8019.267396591243,4.582349822673663,0,NORMAL
53,797640.0774015362,1112.8661634186678,3251.431431233316,15.61531840166791,1,NORMAL
110,3684210.463478995,753.3971809769247,254.35657231254532,110.42862568086005,0,NORMAL
3389,304526.92512207944,92.45007585310232,11.128076377147595,948.4747868700027,12,C2_BEACON
25,1908199.7803880996,199.4129981720859,2304.4490887426628,231.1300889544395,1,NORMAL
25,8136527.37495526,1823.5406779582129,4617.100383622748,2.922825466583364,0,NORMAL
22,186060.2372840774,482.6080988203564,5.774546747347856,828.0279445388142,5,BRUTE_FORCE
4444,176243.60533401195,48.01447498467225,4.724747475531061,777.4429434887321,7,C2_BEACON
80,9322929.970591487,913.0172341293767,1664.5196554157494,21.293765810991864,1,NORMAL
3389,40184.33944285746,144.1638341772501,1.234316178791571,240.39800893934643,6,C2_BEACON
80,5865969.236814393,240.22699796155183,1108.6885094714019,91.11475077393439,1,NORMAL
25,7181880.019041757,1452.7186600970144,5041.922393265248,67.15629023157831,1,NORMAL
25,5607157.623877809,551.9157832998129,6035.428576905672,41.33057031814501,0,NORMAL
443,5147325.847658848,1649.2832169996432,1755.0085955276206,52.729673849868675,0,NORMAL
22,99370.08780723464,18.540617125245337,8.572853005097857,164.02371435170207,8,EXFILTRATION
8080,425043.5821974029,18.50760988486471,77.8520248420372,0.13507942317145524,6,C2_BEACON
8080,46382.68471635685,395.76608719157923,1.5927995237463168,849.8635264192525,8,PORTSCAN
8080,120414.58424344176,189.85112200951826,21.25118901559856,219.53760948242245,12,EXFILTRATION
25,5736572.032898788,1270.3869618921274,7822.690241802029,53.27253819719212,0,NORMAL
25,5513394.518437611,3192.467981136986,2223.2385037712456,3.612659888255005,4,NORMAL
4444,114115.4260801732,14.536321787897624,28.067574523870118,442.4146456438815,7,C2_BEACON
1337,31550.36619853789,407.9505070317985,1.5659377719444891,41.15297660796047,7,BRUTE_FORCE
3389,303152.39696067723,94.12937196338923,139.16300332768208,723.2129910130702,7,BRUTE_FORCE
110,1035885.1762558428,444.97021643054234,3251.3132179851405,5.800664159602267,0,NORMAL
53,6537811.889147676,3034.970709161378,4303.362743071485,10.08125890186499,1,NORMAL
25,7834544.022810766,1637.0344771688242,1048.2653990157935,23.25513934343229,0,NORMAL
53,3689282.5145004783,477.00328529551825,1182.903892594525,30.615404317684703,1,NORMAL
53,10638755.849505417,4208.468278673116,618.2578426201638,1.3496367465865255,1,NORMAL
3389,212299.3294386952,77.57789583502561,131.4723755749365,223.2506443698296,3,PORTSCAN
4444,344387.4219498071,351.08568643085727,9.021372041887988,199.29816656350448,7,BRUTE_FORCE
53,5114472.238721316,1028.3001237926112,3127.1834851283147,64.95369310330797,0,NORMAL
25,1083284.442896811,617.8816014613342,8339.73424958884,27.117103343005283,1,NORMAL
1337,227860.11745333835,473.7469396383851,359.8340487605034,197.59529816739112,8,BRUTE_FORCE
443,1106618.908425252,1779.0612651194522,1533.2527515548431,12.441415417132305,1,NORMAL
53,4719.302819514585,2828.528550435772,4181.064523737019,25.242687358980238,1,NORMAL
80,1158852.5047167866,398.3433957324713,791.8705826184588,30.415679111162298,3,NORMAL
80,543196.8968627478,944.2245944982443,31144.453774171816,28.48311209311917,0,NORMAL
8080,353926.7182336319,1.9794874323481575,96.42937369382278,227.61671513283346,6,C2_BEACON
110,3310030.661636592,897.3346050778576,6365.079210610049,240.05056669584448,2,NORMAL
25,6364105.920002366,911.5288490997585,3614.9939518978226,17.359397497898623,3,NORMAL
110,1652789.9188770251,509.98883992034183,241.45303157410007,124.50526813526083,0,NORMAL
22,315696.64840377506,344.65096798615554,42.90577077508526,148.96150254401903,9,PORTSCAN
25,4299645.561570668,42.88345875059524,4001.1308740657983,18.206118539575467,2,NORMAL
443,11722958.761403834,476.09927228380354,5614.3535943994,34.100145737954456,4,NORMAL
53,14252574.412672836,422.23472243580875,3652.8134721200486,31.93079099767501,0,NORMAL
80,6696117.845359462,709.2515580022521,9270.538667830873,5.450367058715247,0,NORMAL
8080,4269.551876413743,1.8842794672623,131.62566068715617,111.20576760344456,10,C2_BEACON
3389,403769.67537949333,76.85541349657461,9.530783066376966,72.60216609279082,11,C2_BEACON
80,3034395.8533809567,5522.145020798851,3364.2644997135094,24.601261601274068,2,NORMAL
1337,127209.3473024074,314.8349949539866,102.58962727189798,300.2054992152676,6,PORTSCAN
8080,118748.23690120537,135.82936748603422,17.267887994145486,43.3389500863575,4,PORTSCAN
8080,428226.3331041557,567.8944271261886,6.644689214383152,407.8730879708728,9,EXFILTRATION
25,7176044.555729652,100.3758293467561,1154.3021145082275,74.62972528991291,0,NORMAL
22,442641.85030437313,69.87846542694568,25.736669720490813,594.7921021549453,5,EXFILTRATION
22,334029.31352618797,0.933066807161142,246.0576231792333,724.597739302814,12,C2_BEACON
110,1493811.8838630836,829.9319140166824,974.1941823748685,53.26398630300542,1,NORMAL
1337,324358.8923495629,130.0506455743703,133.638650663442,227.83056081602345,5,C2_BEACON
110,241733.99626215964,2194.7500659583493,2225.890257366741,110.5137547082925,1,NORMAL
80,5515823.103498092,785.7352820303854,1469.3559301486623,51.701491890092974,1,NORMAL
1337,27665.468668060843,60.40739330535709,148.91667979798683,324.77538164215616,8,EXFILTRATION
53,8701067.523119545,265.1041680500434,38506.24643468954,65.87659080341376,0,NORMAL
3389,355600.5882154311,15.534603740636118,2.9334501393221135,37.89203952266188,4,C2_BEACON
80,8807492.66148816,811.9705043592808,11995.630748729527,9.88894011587015,1,NORMAL
22,163774.55081973906,742.0600421437053,299.60617465206514,372.61787363773686,9,C2_BEACON
80,4222027.753416456,9561.706097518958,566.7051920596182,20.92221504989662,3,NORMAL
8080,270922.495983494,2.8960110420691274,5.076102567977077,165.17084139304586,10,EXFILTRATION
53,1803236.4611878844,1666.872805320627,985.685035972168,73.74557585121711,2,NORMAL
1337,36126.95156143229,54.726864272948454,18.437444861945487,3.3002765032218964,9,PORTSCAN
25,3275019.2844142206,1504.277310853583,1483.6614976417566,190.5904658983668,0,NORMAL
8080,86796.56193828175,399.4923753993277,30.195565210026633,654.0857302278596,6,PORTSCAN
1337,57718.621428497216,3.688242528598102,30.116631708223583,103.25941653129507,14,C2_BEACON
53,317075.9755536955,7658.174214474212,3563.5512900416593,24.884616632149164,2,NORMAL
1337,56163.09713647174,6046.3524270010885,2.223853347058722,332.4221531883681,5,BRUTE_FORCE
25,13707235.304485774,1875.8318047401197,26554.54003781938,15.41396245286035,1,NORMAL
443,1692920.7902268365,1777.1924522450768,4715.171674594219,26.878508800995444,2,NORMAL
110,4296540.020920419,3977.598890993553,1639.5378710406055,42.70748893157884,1,NORMAL
8080,87328.52192805789,49.47903207078865,3.4748949105469653,202.66880566380152,12,BRUTE_FORCE
22,93747.76403331061,187.5824463682665,7.97323176833188,616.9494295569181,9,C2_BEACON
80,1986315.4680455148,651.3397847140145,30671.605846209746,14.722543287968696,2,NORMAL
110,7740511.2093568705,176.80054858213924,532.4864267267736,53.24842154324221,1,NORMAL
4444,89226.45095548398,104.72411769438523,113.23381463066731,1388.798614739584,3,EXFILTRATION
80,9426060.119679296,855.8077781357294,769.1177523997176,55.87352011824751,1,NORMAL
443,3952775.611979838,879.4276015409088,2579.6234821948133,94.66024558956919,0,NORMAL
22,384254.31899358635,15.66646988972096,0.22921606275498688,126.13652300406883,17,C2_BEACON
25,4018898.2631469215,1744.5488074248292,3669.5971669507558,49.71865736235375,1,NORMAL
443,5911070.480371037,4004.632410604765,1311.7858912543302,168.6693209483661,0,NORMAL
80,7855653.906273038,2667.7421293140223,2316.0227753514896,27.014043000720417,1,NORMAL
25,760665.9384152908,1590.9418505370709,567.7292644624049,57.355934505349325,1,NORMAL
22,666197.4069280196,56.090139993700156,12.700439486604195,1294.1130397639727,10,BRUTE_FORCE
25,11679345.671958499,1813.8961584696415,7269.799321637097,11.989331787355372,4,NORMAL
4444,61813.4902240923,3.317024912473497,8.535628091248922,1159.7272075035473,18,C2_BEACON
1337,106254.55849531891,21.874215182837894,92.00377734663026,949.9325168472,5,BRUTE_FORCE
53,515950.6860086345,3835.087211621379,1301.9185353915561,91.56162982438065,0,NORMAL
53,69795.56282118813,4608.100413044658,5742.665429092468,52.60511349135244,2,NORMAL
1337,220881.6906011355,37.618923222163914,10.407388080957597,142.55945485630753,9,C2_BEACON
80,3190987.832529752,808.1040673731227,1031.4736032770106,4.355533216531112,3,NORMAL
80,2133100.075050619,1178.8425510408179,3528.4384448023716,36.57701010544131,2,NORMAL
80,13566236.372587614,407.1831487930099,2528.5520533266335,0.27927879647741255,1,NORMAL
110,3564051.290008453,301.96886077404383,663.7876816391315,151.85300851936748,0,NORMAL
25,6911492.125683641,166.8368774517023,1703.8917196212353,24.1113831217865,2,NORMAL
25,2673381.245644393,184.81851195227054,1069.8734430905358,11.066023383819502,2,NORMAL
1337,345892.4404084549,1.4768947523250748,4.905355496013346,200.75351553629673,5,C2_BEACON
80,7028965.323619331,2057.73395285587,173.2849851258357,42.82150582629559,0,NORMAL
25,1675089.645121938,908.1460111025184,9012.104719960924,20.00317059076689,1,NORMAL
25,2752668.515354463,1996.3667556238174,4522.571758850216,121.7915324490298,0,NORMAL
110,12163900.0748287,314.32739063828956,957.0349268590145,30.03097203305997,1,NORMAL
3389,321728.3603474578,178.7789394433786,8.573037219700659,1180.7997387629864,10,EXFILTRATION
53,1499010.413752651,100.63182278576932,3021.1765222502513,44.848943112779864,2,NORMAL
443,7175110.418121384,474.6697078722559,4591.764988769414,16.215937712842862,0,NORMAL
80,5218306.260084528,959.4615774243671,672.1226728256651,4.428647611122068,1,NORMAL
22,108962.28207762293,1.0254477951014174,7.326068786212027,136.4613498272847,6,BRUTE_FORCE
80,2249385.5857565976,3617.7651604102575,2870.928044096429,16.404028205114134,1,NORMAL
1337,74151.7350522676,13.873794199775496,597.102047294188,100.19519963370401,8,C2_BEACON
53,258166.40790778314,812.654869021629,6809.83945414063,78.64294323514251,2,NORMAL
443,4073770.71540406,1237.2355329963705,1277.9789117985301,82.54051973090934,0,NORMAL
443,4972519.996224426,4296.3730221400165,1633.6751281260874,37.62306058293364,1,NORMAL
22,49156.738644999714,85.65991337602891,5.6995781831216625,207.05475414151482,9,BRUTE_FORCE
1337,63040.92196189103,32.33953836684651,350.50333829017984,209.98750699897133,13,PORTSCAN
25,8749750.234202318,3271.3535597715677,1430.537347154619,5.067930725309458,0,NORMAL
443,1441631.0443139372,133.9409870874692,8962.818124793228,37.89013096966688,0,NORMAL
8080,124389.90036246435,38.19181411309585,93.23390285946641,68.77199122307239,8,EXFILTRATION
1337,307226.331475207,746.9881579565274,139.0967087055001,85.76554788058029,12,C2_BEACON
443,690445.4324767774,2506.0249984839725,4698.264009010791,8.519959252937118,3,NORMAL
4444,515427.86963786604,3.625026193293928,40.899359898060055,267.0689234484118,8,BRUTE_FORCE
80,5320200.82560621,3334.084343097428,13779.347399371001,4.104700127353162,0,NORMAL
25,3294706.987231407,1186.837875823428,1905.1758610338131,27.87284012825409,0,NORMAL
4444,81727.62724411229,432.72629174469216,3.289404627649343,192.96120586750826,4,PORTSCAN
80,7897821.368013675,232.05275131086873,27870.153374058224,94.82648632018095,0,NORMAL
4444,122771.51025286934,9.189816158334747,2.419234104863534,952.8580409293938,9,EXFILTRATION
22,27630.545358906373,457.2861258581427,9.951740992950715,111.10170503718217,8,BRUTE_FORCE
22,333714.9294847033,452.1993979394957,672.4267858491937,334.8032227333712,7,EXFILTRATION
3389,33049.86687722322,77.63608940171316,102.21390756808461,86.72475541055503,9,C2_BEACON
110,7066201.815154282,1447.3880393869501,1730.1715767380194,22.689494332221585,2,NORMAL
443,22166210.58871158,1407.555031786496,3869.6792322728656,37.03784498663797,1,NORMAL
80,2426730.1307151667,1734.3517821159069,6881.687279349183,65.66453353561495,1,NORMAL
53,5221051.1896609515,412.83758568587126,2761.419378200597,29.443438006139537,2,NORMAL
25,4091748.1589187765,6175.402740891256,4452.2281446043935,16.458377660020957,0,NORMAL
443,8070712.848531731,1187.8678587647069,11798.955068143328,16.28632930533103,1,NORMAL
4444,17524.111439387725,6.234867881206383,0.014078906032175978,143.52293199887737,2,C2_BEACON
80,2706417.4287696336,476.68623046207415,274.83404138610587,59.286384730700384,2,NORMAL
1337,309875.0187868715,0.7643550619794806,6.009582211913462,1021.9617299900557,6,PORTSCAN
8080,306304.8107631911,114.83402428555664,42.00324926800891,123.09074210122033,10,PORTSCAN
8080,203296.5878362869,92.15073547552927,6.140677265246259,39.83318194619959,11,BRUTE_FORCE
80,4778133.153733329,585.4963782359314,5879.746634528985,45.30270752745476,3,NORMAL
8080,328034.4271459122,3191.9198594988316,10.70861337231593,443.55787303269676,5,PORTSCAN
53,2356592.2182409703,1213.9442567233955,6260.073241669152,3.738166843911092,0,NORMAL
53,2057610.1591409552,368.9486086123025,3987.642830717448,28.94557626927241,1,NORMAL
25,4532322.288144665,5649.12823045913,1870.3979801480239,64.58980058988152,1,NORMAL
22,114833.15656806678,12.065211534385881,142.0613370792713,285.57870222535075,12,C2_BEACON
3389,21667.04167838534,3.8532135371961576,9.122139724043956,63.18015846833846,8,EXFILTRATION
53,1571020.179665576,1932.4443575943733,4281.8922989224875,183.0704921280281,3,NORMAL
443,3040913.6831154525,663.2091165033005,3289.3192756888548,79.78085953025328,1,NORMAL
8080,106663.411048793,28.33338384264857,82.36390691093852,57.65252451058683,12,C2_BEACON
80,3127782.2441201364,9145.283545304856,1979.1734408376037,181.34710740090162,1,NORMAL
443,3991171.1253632978,2321.0306889633184,333.4141694349023,85.81617226970343,2,NORMAL
80,7336276.672151887,1194.6334775169723,2759.5625778285284,47.252047725408524,0,NORMAL
4444,91896.82726481739,886.0573674804532,1.5742383996508331,118.64526894999729,9,EXFILTRATION
25,1360944.703258735,5102.833838668093,262.7707730645281,30.807299003294613,0,NORMAL
110,4979223.071264422,7813.066735392276,1009.3908762774097,31.755213584109704,1,NORMAL
1337,505657.0855665588,1.106032421551741,47.650658345425164,1441.1396385666644,6,EXFILTRATION
22,129371.84199996668,331.5471846885307,38.11124158103588,613.5650951144214,6,C2_BEACON
8080,224250.87690542528,30.788086948285322,0.8595287655232888,83.45929541776333,8,C2_BEACON
8080,446321.17697897257,6.102520619566242,3.081147892905853,2477.59937747154,14,C2_BEACON
110,100875.43940300478,1390.8114827234263,1399.8726048297608,51.54335675205799,1,NORMAL
8080,124440.5991323327,13.146372772343899,249.1493167879572,146.19817182905385,9,EXFILTRATION
1337,605834.4340629727,96.24961898004824,414.565905813839,63.24808362012523,6,PORTSCAN
53,897349.1936835555,1967.5099782918148,3445.845421330277,21.35892848441698,2,NORMAL
110,2583787.7546587302,772.8729310150528,2858.9943676844746,66.55464042172234,2,NORMAL
3389,17818.357763963733,278.45236679657575,17.290770172622622,898.3386096340276,9,C2_BEACON
8080,52932.1650648788,21787.084002160365,8.016041810296858,518.6213141860577,8,C2_BEACON
3389,182063.62525437196,2446.2510608992343,5.664231500891088,388.21966986625654,15,EXFILTRATION
110,6375311.134681122,640.7487476184543,540.6866127336878,50.241262033708125,0,NORMAL
53,3318649.7974570356,1727.9731247161883,1417.2590288624592,73.55692188126682,0,NORMAL
8080,219061.68025170456,302.86493565852106,15.183859238290927,1240.3166610019068,7,BRUTE_FORCE
3389,134107.96440363734,38.535646934335404,11.495942312069992,83.1231219545007,5,EXFILTRATION
4444,532978.228524406,86.15715882001999,9.921078997811756,559.238409285494,3,PORTSCAN
53,4284228.362270056,3971.691232500587,25376.091452861936,25.429663538355722,1,NORMAL
25,81884.07087170258,1042.3147201266013,2668.844875848438,113.2079273672388,1,NORMAL
3389,47877.76022608746,116.49578957513076,345.58943992315244,586.532094784803,7,BRUTE_FORCE
25,522569.1760738074,2726.9646064800163,4737.332736322608,12.669983595053228,2,NORMAL
8080,329415.67535290844,17.314929326080275,98.84062762761312,334.83490516459625,10,C2_BEACON
443,1790281.7713168634,735.222567069194,2434.443999966577,52.69578346676372,3,NORMAL
25,4501782.474214857,1399.8193107198751,15231.938343618838,13.461181145987558,1,NORMAL
53,861557.4299096749,478.5112040869498,1336.594664496596,8.008057587395607,0,NORMAL
80,1850017.677862956,2404.5705123768234,5858.067314068097,5.003066783394177,2,NORMAL
80,1092237.2370056547,997.123987136132,2007.5506468712529,6.408068618547934,1,NORMAL
1337,162243.2594554092,145.9890417848596,0.4868540513559161,1189.5440209983142,9,PORTSCAN
4444,135828.58872258477,23.37656919207346,3.8349188691997664,38.63624538784229,7,EXFILTRATION
22,14019.194975896156,2.56310262217341,110.73040315714933,121.45660507882883,8,PORTSCAN
110,252645.05675110943,1681.389889384806,7044.998259378197,189.53558696931418,1,NORMAL
80,13758174.116340876,148.1551199308599,1323.972996748285,44.08024566038786,0,NORMAL
443,8945622.56549711,2528.3784196081997,14082.95144934687,145.517710145469,1,NORMAL
80,10739612.782062924,3564.8096490141716,2352.3587181242738,27.283674180092472,2,NORMAL
1337,18.7196476901611,3.5174390374031206,4.696397341935637,16.19844103911018,6,PORTSCAN
80,9695046.841351824,1112.4134484679896,139.76583990340396,18.042544563477,1,NORMAL
8080,480031.48800810386,3.7602521763636347,33.80345263309965,2418.053814378898,4,BRUTE_FORCE
53,192769.38775843152,1064.4315908443155,6441.581160620557,37.23875905070477,0,NORMAL
25,14148190.680315362,1010.4245042884527,691.5951966692102,3.6585412388148124,1,NORMAL
110,4433558.065018187,1793.6240963144235,1991.3249814836597,2.460135407182444,0,NORMAL
443,2920510.971274205,832.5703183891181,5139.561615941209,148.03703172384138,1,NORMAL
3389,66134.10491802632,228.7732020938308,21.407732797144405,347.17175891002825,5,EXFILTRATION
1337,49813.75550863816,40.8911652272827,4.595235458262193,91.94033349435742,10,C2_BEACON
8080,231717.60008359974,43.10669260455984,0.5757411623214076,829.5130212248567,12,C2_BEACON
53,10791502.946636451,922.9961308322474,431.2968838187274,97.362678274768,1,NORMAL
4444,102001.5509080902,14.54019880440906,114.08387581883477,209.7428809930922,5,BRUTE_FORCE
3389,422856.01631750166,24.086998911261773,3.542627438651178,662.122856175231,3,EXFILTRATION
4444,65060.66386951701,0.08870515972170982,36.11040596199268,56.47193683979825,11,PORTSCAN
22,99876.96724665606,27.19806495209626,32.88012453127683,1636.6225632553303,3,PORTSCAN
22,433148.1072785893,2722.7306398969513,2.7279101657943463,2915.2674981460286,10,BRUTE_FORCE
110,4727244.300740865,4144.486782957526,943.749473322525,223.752039121552,0,NORMAL
80,2666570.1816883874,1040.5723152893017,6506.699178525608,5.771842296134237,0,NORMAL
53,1736123.1347784894,301.5867734329211,222.87375179888747,26.967238071086136,1,NORMAL
4444,53608.844061878204,480.0637993895168,780.3578046461946,664.5993454911309,5,PORTSCAN
25,1932487.5733705952,3471.5228521563995,850.7258773872442,13.070110311836547,2,NORMAL
8080,132087.9545686585,48.29928497470626,1.702223768032158,130.3835299167749,8,BRUTE_FORCE
25,3557710.5245876955,306.78975469941264,921.783964983543,24.178857367854167,1,NORMAL
1337,12297.177279110201,323.63492411185047,22.46767575946198,95.2125186863142,9,BRUTE_FORCE
22,256534.4642241204,131.01700363973487,19.926800786034715,1542.5738571757581,5,C2_BEACON
80,6957115.94296932,3076.825844430608,16447.321320571384,42.85367838741778,1,NORMAL
8080,8461.25801621084,25.52053428813587,48.71492309637323,10.053668284984617,17,EXFILTRATION
110,2283888.432115991,709.7570713245868,37310.408435581194,57.22337614954505,2,NORMAL
53,3606456.0185835883,534.1508625460789,40005.47504930083,86.37232128553886,0,NORMAL
25,4406769.355330026,829.1385581698054,2778.5139379385864,24.024565839354665,0,NORMAL
25,14124902.591279566,4116.272171410519,3042.6453296333675,226.72042168063888,0,NORMAL
3389,32126.438045017603,81.75257223377739,1.2478589806425149,163.4906823958604,9,BRUTE_FORCE
110,1164857.447497231,2865.8298337665806,11955.017398126138,34.930233173757294,1,NORMAL
8080,53854.96540731263,62.82759936168458,9.397562111547122,75.78286286541652,7,C2_BEACON
25,850159.7712233925,217.20181480575158,84.60199803065984,7.882748234920562,1,NORMAL
110,13137819.47976804,1667.4499039894606,15021.1382181263,10.32793538749611,0,NORMAL
3389,16689.739133642688,49.188688906521634,0.10032176898046824,59.38160662839407,8,C2_BEACON
25,513590.9402728504,940.5824437889082,3674.752657579669,202.61529626729663,2,NORMAL
4444,363482.0204175552,29.50545120131251,0.9323305735111824,218.67158215158256,6,PORTSCAN
53,4241160.480378877,562.0786777036307,2711.9113070404264,27.948440979586735,0,NORMAL
80,320247.42744328524,318.4679090457406,4362.650916299304,1.7215175473895932,2,NORMAL
3389,189859.0817862394,210.3974331760955,6.634836022107166,467.4202033920747,10,EXFILTRATION
22,42123.43029823539,25.17187460100412,6.903233467426489,261.0531713693698,10,EXFILTRATION
8080,58484.47402738273,330.6006534760894,1.7166626686575663,319.3095496076702,6,BRUTE_FORCE
4444,343123.1586692742,73.4086936450477,72.03686520629361,176.19912340211627,9,EXFILTRATION
80,736509.6323626634,915.2457010006962,2041.252295741887,51.87205713064213,2,NORMAL
4444,65037.23191149815,5.812041494072634,239.3105620035002,1887.3556531286233,6,PORTSCAN
22,127981.05244998104,1256.9751831486467,25.98339753785803,352.7254406919349,8,C2_BEACON
8080,130728.17395423702,204.93934082197532,23.050252394392533,354.5984719673213,9,PORTSCAN
3389,495505.20577931334,6.005949445121539,14.096810345077989,1129.612507081381,8,BRUTE_FORCE
80,1240529.8693948253,1332.7072864306651,7623.258837728448,38.0395453117884,1,NORMAL
4444,626150.0968894929,128.40546096405322,32.49773919394935,405.86124719946235,7,PORTSCAN
1337,596230.6749995286,88.61741749062304,648.9837295631313,55.990794347613054,7,PORTSCAN
3389,186878.32395789278,1012.0949441295102,19.48316477606709,104.78906606307214,7,PORTSCAN
22,81941.3313849617,15.246484557293854,17.91700934312497,160.74352433916235,9,C2_BEACON
443,2171105.445905906,393.5661852084572,7056.288278190266,168.4256951388553,1,NORMAL
8080,122962.77260953926,161.45068165649639,4.323985035422447,1309.864584770174,6,BRUTE_FORCE
80,11080839.177282747,674.0630665733125,3065.794863119698,81.57641210344806,0,NORMAL
22,192257.26586505712,2.3664745677822316,2.844167793713319,47.50797801188174,11,BRUTE_FORCE
4444,61302.78945416478,35.47328665501777,44.93975934403268,37.74626484424652,23,PORTSCAN
110,450346.45129652106,714.5705566661901,947.8128831212524,110.75846186557831,0,NORMAL
8080,98386.1511608585,8.006031716560484,54.569904898934226,46.7578597532954,9,C2_BEACON
80,1902329.523883904,460.0027443424032,2138.0491646073506,13.807550060239477,1,NORMAL
8080,154797.44551627492,202.7577077601191,215.7897674466122,151.53155003318622,7,C2_BEACON
22,287114.9575045653,11.451415010934912,1.8864461934085524,1121.9732369301935,7,PORTSCAN
53,3353064.2415727344,1125.7279242635886,845.8914664193343,56.804613954952146,2,NORMAL
443,3631279.36279084,1208.8612869142985,1256.1606282361408,43.988578068766415,1,NORMAL
8080,125578.9912095874,523.1543299319228,79.9267994263114,449.3841424390768,12,BRUTE_FORCE
443,13190831.269770116,416.34587830373727,205.3075935799196,24.260582148378408,2,NORMAL
22,84809.52999726674,26.38942523112633,62.45100149782519,837.2153753693179,12,BRUTE_FORCE
25,1882800.6315827547,335.01827714716626,1349.4645436121625,81.83301349923961,0,NORMAL
110,5554345.367167047,2045.762375635058,1325.1988010454547,7.839054481832862,1,NORMAL
22,22184.372229959346,85.70513608112681,7.911928481609717,330.7164283645447,15,PORTSCAN
3389,84750.99996877064,4.82588722757147,15.912163355155034,179.82276546315663,5,PORTSCAN
53,13754180.891445288,411.4188307428114,13549.614727028793,75.38317580165142,0,NORMAL
80,2501752.450181978,1218.980805829352,1582.6931319925543,45.62813052820733,1,NORMAL
1337,90030.34003817385,18.53141688136874,14.8304152385927,195.7020093804894,8,BRUTE_FORCE
25,1161441.9569062113,528.774968583211,761.18753059638,49.267292170080715,3,NORMAL
8080,388277.23092640116,24.2040286447022,15.191813625459643,503.2728122895165,5,BRUTE_FORCE
4444,16149.19324274342,337.441237312199,5.176921568535645,664.9329351458861,10,C2_BEACON
1337,402158.02799225465,6.268403682243382,4.748184840728959,973.9200955786185,9,BRUTE_FORCE
53,478994.33093989274,1328.7636959120932,1340.0791205213557,43.32021837731517,0,NORMAL
443,13623416.747176256,1134.8682163143828,4632.409485621213,22.059640041095683,1,NORMAL
80,5464232.78610986,6685.062278650178,15449.293864129322,24.42710040102479,1,NORMAL
3389,16146.372898261701,415.9633700601426,1479.83636601897,146.2338533129919,10,PORTSCAN
1337,190930.3722232501,702.1073643499071,142.08360154927206,1000.8202706013763,7,BRUTE_FORCE
53,3553562.6012635217,1122.265114944881,32976.03949740041,3.0051929619704207,0,NORMAL
80,18751575.01714209,671.4152284830661,605.4535521759944,28.203663070393638,1,NORMAL
53,561443.5658230681,264.71401503120353,6900.437599058957,81.450504486067,2,NORMAL
4444,64716.91665492248,8.658948722947876,40.45651059245176,195.29155526270262,5,BRUTE_FORCE
80,8904641.684810152,3969.4472688388787,1537.502426362299,130.50390873942425,3,NORMAL
25,23857762.743172564,2624.8720066607375,2697.0318117459888,10.22833972890639,0,NORMAL
3389,121283.86003543466,44.17390307854389,116.99357656909704,122.33561078415282,13,BRUTE_FORCE
8080,929003.5421141805,0.4932057275419367,26.855974527634388,1198.5426777981115,9,EXFILTRATION
3389,125396.98761107634,70.61595705877798,98.97019426199185,175.63062266754474,14,EXFILTRATION
80,566006.6186709765,1694.6161403373333,25296.69250752633,104.96790823975005,2,NORMAL
4444,144874.37321233173,0.5560747467130889,0.5910456788344605,247.6205086797861,13,C2_BEACON
22,59210.37613444225,10.503368512574452,10.07025789230858,37.28320839440871,5,EXFILTRATION
1337,360338.9374160266,1409.6424569697913,158.22723358638018,285.91734710526134,5,BRUTE_FORCE
8080,305556.19209281803,10.987480071682086,162.12220952989352,1021.703733821507,5,PORTSCAN
53,10449170.73197543,1423.9422569849426,796.303209292158,103.06744674087305,2,NORMAL
80,6840263.564285861,421.5187654289222,482.6517443093497,81.70162357968303,2,NORMAL
1337,65129.25866358288,58.54857825734371,2.1162730158468173,123.35502876994187,8,PORTSCAN
110,640706.657854306,1329.5810180821545,9889.779564786533,30.346060978575238,2,NORMAL
80,33597820.80761886,1473.1245663813315,9621.902058815413,92.23859538565368,1,NORMAL
8080,119064.4145151465,258.35970298100773,9.50136937299097,303.09639885097675,5,C2_BEACON
1337,335277.36380382965,12.73000988369727,34.26451602722278,1076.4008157461792,4,PORTSCAN
3389,26225.022174315298,31.350511673853035,7.454334201457928,1934.017980694754,7,BRUTE_FORCE
4444,103929.21799811881,8.98009250857607,40.104028433972694,195.05343319864835,14,EXFILTRATION
110,4200343.697052891,341.73166174804663,1835.5816021971139,75.7132297345974,1,NORMAL
8080,57368.07195631319,336.36361764925937,1.4938943358730234,1061.6276087160159,8,C2_BEACON
80,2623249.698592202,1719.957174902699,16228.360675961743,25.247820794944843,3,NORMAL
1337,105103.81775939945,223.98998090321743,6.017740692948837,629.4904596774394,8,C2_BEACON
25,7411250.34656497,5858.426281419586,926.3383409443211,84.7329592411212,1,NORMAL
53,4943752.521816599,899.5785445848844,7368.01022760935,20.049856114988835,0,NORMAL
80,4295877.81246959,327.3864035051207,6423.285385245499,28.40585529767547,1,NORMAL
1337,215000.2704447509,4.614791866064035,95.06988409417211,191.90144744153326,9,EXFILTRATION
443,1418220.596292309,740.1101276823535,1825.4707631302883,30.87407233532304,0,NORMAL
1337,256458.76675352213,60.6659716613507,1.0881154033338487,547.1187099245444,3,BRUTE_FORCE
80,2881566.5912206327,9099.839516782204,5717.7440441065655,136.7813789614949,1,NORMAL
4444,254832.1417465754,115.1123572778358,5.360842633449345,421.55947523138224,5,PORTSCAN
4444,121853.70171724657,393.880469557749,3.65280290002135,27.278673635318665,11,EXFILTRATION
53,2203426.111326139,546.5025153248951,26421.52887492097,178.1572906343839,1,NORMAL
443,15615562.696167357,2073.244723718339,9078.70107540582,66.93759681816441,0,NORMAL
22,95514.22551608467,9.730419415702984,97.19928846242762,407.2989483373053,9,BRUTE_FORCE
22,110368.53021672182,11.784881169164677,24.87146087240184,215.737476589984,8,PORTSCAN
22,4846.134508050183,23.736915983546705,7.53757443470181,473.2997802223807,9,BRUTE_FORCE
443,4874120.286768172,694.5754914689727,7409.419915274489,17.76869790395825,2,NORMAL
443,15223221.227574538,217.92555835410027,2065.7353304918056,5.658433308618953,0,NORMAL
4444,522608.34584892297,117.39454862845436,95.54554821485212,20.125455166133527,7,PORTSCAN
25,1361256.7743746915,1499.4028933918005,30582.64463357832,13.335047451836218,0,NORMAL
25,708852.8236200343,3069.2252161120105,8410.782535780176,13.300654038459653,1,NORMAL
8080,21516.05154158944,139.24896773349155,0.9760869992610166,98.36845027708581,9,EXFILTRATION
443,8609099.000916677,6274.88925189043,5574.256322833716,67.35474752679956,2,NORMAL
22,192549.20281775238,6875.8129036304,2.5801658537130145,213.22203420885833,5,PORTSCAN
1337,449165.69730526226,961.4984342099755,8.377586662169762,53.05514150985021,9,C2_BEACON
1337,231779.15697764585,31.5666115934773,1145.5338023440086,613.3967975724777,7,C2_BEACON
22,125144.23847009342,7.906294579460043,5.213548619311291,330.46099191676126,8,BRUTE_FORCE
4444,68049.65870161896,6.960907999319877,117.54135299472377,151.90468636112024,9,C2_BEACON
4444,535440.2809341617,7.263505668817873,77.54194109078101,73.69658581355309,5,BRUTE_FORCE
110,10033275.014712986,3525.374411124771,3385.6022664577717,65.35937254381219,3,NORMAL
1337,122404.6663450275,25.686718879547488,6.849015560101797,166.00137421663845,8,BRUTE_FORCE
8080,224643.03830183044,45.23754329276902,4.793003743978101,1131.4341686029734,9,EXFILTRATION
443,679731.4785977164,1442.1799281257877,876.5883846834514,15.439821382586244,3,NORMAL
53,11595159.490631033,2675.4627487883363,1129.4059414067788,163.30545352469755,1,NORMAL
443,1018551.7562767199,3800.4036465832987,9082.151700687578,37.39704826410387,2,NORMAL
8080,53467.6893941241,2.038362008462812,25.227378839424432,466.84386401712857,5,BRUTE_FORCE
1337,75660.43979683344,6.641706595317203,35.83482694734921,390.5492545754672,11,BRUTE_FORCE
53,7446856.389096142,5597.8057236560835,2394.0406018777994,8.67665853339439,1,NORMAL
22,35843.832512623056,104.86515876536211,47.81638095074624,669.7533138329799,2,C2_BEACON
3389,761890.1631418824,22.311526558691938,33.661311640279315,342.51939336874597,6,PORTSCAN
443,7815482.4707867885,274.64572120230787,5954.326306212026,26.574595605823927,1,NORMAL
80,4301160.513477376,4043.891252843013,37590.520856109084,3.2083656159414655,2,NORMAL
110,23949156.622993834,945.5597792913812,9882.01664816035,42.07808305200796,2,NORMAL
80,35700321.92630376,578.7128806570032,337.13390641377106,35.17123277398361,2,NORMAL
80,24671134.657470547,535.0503541585132,2254.945118343998,66.1342114562227,0,NORMAL
443,4080079.5468166657,633.184182026113,2641.9915151351966,46.77540109491869,1,NORMAL
22,245476.26095558054,138.1511580452254,5.583792279360403,262.67807829083216,7,BRUTE_FORCE
53,268476.16402905347,1003.0460531466775,285.4014150896234,20.99177650569508,1,NORMAL
110,698138.1884970999,465.24193958120344,5023.446622132071,146.7652135529328,0,NORMAL
80,2093279.3851026203,622.698759102852,5130.69161759976,60.94278716800725,1,NORMAL
22,200730.5752587268,169.2254904761433,102.50120610492866,215.208963943796,9,BRUTE_FORCE
1337,397666.7666671295,0.29360317274036074,31.50231645526142,5.827269877853787,7,BRUTE_FORCE
3389,38860.03752489555,43.497766187821924,585.2273999868514,1214.6947832279698,11,PORTSCAN
443,1818520.2687856585,1417.992539203776,668.0691242872542,85.70574193020073,0,NORMAL
443,1769580.9153208516,3535.6825011156366,4641.07195577612,32.66621269065359,0,NORMAL
110,391314.51086697093,352.2580822799474,502.4182669962273,6.281500249025686,0,NORMAL
1337,228201.13022430296,1.8456966861813535,61.87493095065282,54.61749729640096,5,C2_BEACON
25,347252.7343961386,1350.0812669804484,4913.9248192108935,63.97251058897938,2,NORMAL
3389,454983.8738301878,29.796299279950443,1.5540845213001009,467.3817644523938,7,EXFILTRATION
53,2644102.8345262296,594.8485755594206,10972.002652487561,28.367926316078044,1,NORMAL
80,3823801.8184348247,3303.3488835422254,1947.2611433214347,67.6274866546507,2,NORMAL
1337,212350.81169585025,423.65129274598667,3.022649621846185,780.1999210868905,8,C2_BEACON
1337,245448.82518785537,101.42029613202116,33.267191483981534,430.62750844524464,8,BRUTE_FORCE
8080,12418.588018013323,18.60256802594402,1.1748711389403055,1452.801084102786,14,BRUTE_FORCE
53,5784470.051316598,378.6988557827689,2967.579034343317,18.77517521537417,1,NORMAL
25,2796157.563870309,1629.3137957474228,4662.714136211575,11.253391138607375,2,NORMAL
443,720520.731939603,216.3776018168438,1954.6978510597066,25.650803363813996,0,NORMAL
110,7307016.166744828,806.3671017023624,2554.824365372574,22.251839202254185,0,NORMAL
443,7971453.662318263,1736.5181393839196,1968.8711005510354,9.62866620126283,1,NORMAL
25,728752.2306612642,3441.167371320594,445.3261373184729,42.788854804227974,1,NORMAL
110,245729.23237860823,771.5024258795361,3056.313800813386,34.769295966436346,0,NORMAL
8080,16736.58809514334,8.783633642822435,31.557045098915374,380.33324837577936,7,EXFILTRATION
53,2942606.568900544,956.2414293277385,10658.806388067414,96.44195739658204,1,NORMAL
443,66585.46538187223,3336.3554421278554,422.4601584152187,141.63387950319887,1,NORMAL
4444,79413.45958575098,96.07975211463493,52.74806931019678,232.84981438355948,8,EXFILTRATION
22,345094.5625247643,581.7297422780977,123.30858266761437,186.32569745314547,11,C2_BEACON
3389,81010.57561625814,40.14358530089919,4.463067893572644,83.83424400410107,12,C2_BEACON
22,106433.01334957004,7.258195966371925,4.718907317333608,59.54137525467035,10,PORTSCAN
53,10926814.2646013,6679.903926364559,3237.8006527700654,12.68351511793674,0,NORMAL
25,2273540.7512681303,1575.6920972958362,26762.84188261117,22.220525816339855,0,NORMAL
1337,117348.37219531376,663.5095434198325,2.2735914152555172,840.9493781447976,13,C2_BEACON
3389,5089.693712937983,16.094775808695275,9.481227732583385,119.82731439133852,14,C2_BEACON
1337,684230.5757158537,10.71555655195508,21.353783340011105,768.2481874778399,9,EXFILTRATION
25,13489120.868695864,332.4948035180649,1564.1727130003742,62.596705496612174,2,NORMAL
110,1624682.2950847468,970.985285598276,9741.144949188763,27.31387766694498,2,NORMAL
1337,75165.48772984682,17.788212063388404,6.872392496617047,1194.9773528907128,6,PORTSCAN
4444,211774.81987644362,0.7924470856685351,155.288263632512,510.1627931368168,4,EXFILTRATION
22,54237.978476355755,87.55899668383124,2.7245395930020226,233.5957593209543,2,C2_BEACON
80,6407393.106517775,436.23292994265023,346.0792163679874,117.63747781541052,0,NORMAL
443,690775.5212705288,3260.4794135154784,8205.78382710675,3.9442489688734894,0,NORMAL
3389,63853.688089435745,13.562556957256371,146.54677912535192,773.5436515793,2,BRUTE_FORCE
22,177955.80774917407,961.9072699504385,65.35302695882386,637.8249539204655,6,PORTSCAN
3389,79338.373534746,11.930214617371547,44.017474474416446,1989.0023810586056,4,BRUTE_FORCE
443,2366476.6527883927,782.2092004506873,2133.8824190503465,30.433250053979133,1,NORMAL
110,1559010.3943143422,839.3963284159385,1163.7349696922017,2.466142250713942,2,NORMAL
3389,204293.3671465782,63.581179023589435,9.852874085902453,181.44675613437335,6,BRUTE_FORCE
53,2648262.681024505,571.0471078028164,2831.5300629135418,45.33328360275683,0,NORMAL
110,390580.4869431593,2478.959623767464,507.3822703205067,57.00955418024899,1,NORMAL
8080,269121.2268176179,495.1601588968286,2.1257779151005933,607.5766413380037,10,C2_BEACON
110,1875898.3655938078,1350.8536035958214,1906.3110447433496,8.581405484931205,0,NORMAL
53,4780675.3540885635,671.1891904883236,5936.633723673758,5.260127766267806,1,NORMAL
8080,263206.2013796589,450.40405309089033,35.71990608835121,578.5591044990698,8,BRUTE_FORCE
80,1077049.7270611855,1362.9487808269191,2018.3278829674111,8.486359845437324,3,NORMAL
3389,8736.030594438645,38.34573954080792,9.959266545558156,44.98726763426876,8,BRUTE_FORCE
80,3608563.5461837314,758.9544161785489,1373.215284490006,53.77849654431722,1,NORMAL
22,35784.58786573472,279.13012338155426,0.6315394750164408,564.2553570454919,6,EXFILTRATION
22,50506.773746411534,9.026749445669891,145.35920792083851,379.061890688493,11,EXFILTRATION
8080,164148.75729137668,3.2741620627445656,96.21475993889024,331.57710002947744,5,PORTSCAN
1337,28550.371028768524,1.8156904664886344,0.6166823538111068,214.47759974702575,7,EXFILTRATION
22,107479.82974047994,25.58598928854482,1.8377000296261479,231.0473583326357,11,EXFILTRATION
110,3087727.910066859,8122.7777950750515,12418.663459547099,56.619302705216725,0,NORMAL
25,3396050.871559142,678.6000010186762,52660.17486676427,13.52066068872388,2,NORMAL
4444,114374.49206970842,250.5291058920742,4.63538353021341,412.64709128031825,7,EXFILTRATION
3389,99260.10408965881,84.84460706306479,38.94276569479032,476.0862282942959,7,PORTSCAN
4444,55275.04579234927,19.426299695333586,1.2314481474130368,2952.0539042023784,11,EXFILTRATION
80,1923291.9843458221,490.6045951837349,854.736930579272,157.4445466401031,1,NORMAL
443,3938206.00902027,335.93392362644784,1938.8776870636643,100.62333797577871,2,NORMAL
25,1364592.366140808,990.2859302596789,2048.5901206993594,38.094968583651166,1,NORMAL
22,48768.002285712806,25.33229544687272,58.55917242064873,315.78525538709437,5,EXFILTRATION
53,2843106.4794156468,2405.097213196052,13140.390025598395,36.14041689946961,1,NORMAL
4444,38459.40810272185,5.954431582371248,0.36966808270792983,29.26788189817039,7,PORTSCAN
443,5213804.079762831,1754.6306558536046,751.2211043736284,28.048324499864307,1,NORMAL
443,5802629.078183482,2252.0574455713468,3367.5112950971593,14.52905390322106,0,NORMAL
25,2156010.178548887,7064.723243099978,5645.078378207332,84.69292227146752,1,NORMAL
8080,185816.16550357797,77.84403825962812,3983.739078656797,1986.092707539562,14,C2_BEACON
4444,77979.44877223029,1054.286170564498,2.5226937509719365,440.4512940292074,8,C2_BEACON
4444,102955.46530015935,38.73307600524678,57.143536520559856,25.48724259138286,7,EXFILTRATION
25,10647578.880549405,2459.564439126207,1118.6909451773067,26.727505735307787,0,NORMAL
110,4463189.677891616,2734.235681734608,7526.764769372117,20.813065384908708,0,NORMAL
80,5684103.637505,2674.0351471355248,14150.82538183816,187.05034962552892,1,NORMAL
25,2474568.184908619,1293.9975272619117,4581.957157601778,45.89121747705406,2,NORMAL
80,4700936.179221285,355.1034121162566,2206.261804937639,56.63708398316183,0,NORMAL
80,2207916.1462632143,300.930021074588,2821.8475089187555,21.938132822877364,3,NORMAL
8080,508408.9596667094,9.30104386060394,0.9422232319036445,58.360473873341434,6,PORTSCAN
443,1803182.528702926,3808.691642487596,3704.6154740675834,77.29271169094335,1,NORMAL
110,548178.1274956039,1217.4503040267496,1118.525075722155,352.75920932756384,2,NORMAL
1337,460633.36778135103,0.6361743880253224,39.82846055152796,1236.058193410496,7,BRUTE_FORCE
4444,210028.16673630304,123.69896654588337,2.353076047813926,2038.6602672009176,13,C2_BEACON
8080,308054.76473930356,7.803901609692397,21.21246299355778,771.9987015527342,7,BRUTE_FORCE
25,601734.0089733548,468.4524537940761,2611.1347690044067,31.912170835120595,2,NORMAL
1337,54303.757802020846,687.4288433914926,6.799845697297865,31.307007162316566,4,C2_BEACON
110,5180301.743803973,221.93405114650807,953.1663529118792,97.90637559169075,0,NORMAL
110,7997389.274953653,393.9579005890696,4056.4480589584837,46.11987395666688,1,NORMAL
80,3664659.553260207,566.7125069168318,1582.361687390333,41.97188318338117,1,NORMAL
1337,265639.66447581875,52.93262909290131,68.71064259526442,897.9176575717488,13,BRUTE_FORCE
25,1066066.6662369876,916.3236457045201,6754.692865796709,85.84930568854932,1,NORMAL
8080,270753.06548000965,103.03325916582762,130.07827697599046,1896.009801487656,2,PORTSCAN
8080,10210.372248493632,316.4990504006494,341.1583092891898,17.92078761807424,11,PORTSCAN
1337,63326.634992826104,110.12524424636709,27.563109153169375,1.406443923196469,14,EXFILTRATION
3389,163935.31735071912,2162.357659065841,63.89228962869251,313.54108739963914,4,EXFILTRATION
8080,54534.878533485884,224.3791138500047,246.81218563573643,281.9118263928494,8,BRUTE_FORCE
1337,17236.475824590503,23.122683575822187,59.6334213557688,236.98429115620885,9,BRUTE_FORCE
80,9126767.516434537,1651.0073946075947,4547.592672888752,155.8380322648004,0,NORMAL
53,6928671.215841588,295.01655400975665,4819.579426646077,43.70529693252698,1,NORMAL
3389,623700.3532767573,1473.3410212753895,3.5320352517485785,21.947725978753954,8,BRUTE_FORCE
3389,324883.2065532296,477.84185265344263,0.66041352145943,523.0292823450887,6,BRUTE_FORCE
25,13819076.916568158,186.52727006010332,525.1796738185521,13.340686665940812,0,NORMAL
4444,345826.90825449175,1563.9378067289304,2.766849128909512,482.9030044699921,12,C2_BEACON
443,9496201.427597035,757.465153361803,508.88647078295196,70.48171164844109,1,NORMAL
22,864781.9075594448,78.80913539147309,22.317752771800098,77.40292084966723,9,C2_BEACON
4444,116431.45674438916,50.23211329137704,7.059886551996272,568.575387544646,5,BRUTE_FORCE
443,8273707.45868454,2496.5933624411914,4021.9050857676452,143.33008678013576,0,NORMAL
3389,32620.668926231123,6.553069795034067,523.3020674623656,95.03886277404641,10,BRUTE_FORCE
8080,79936.13023013568,118.15032988157934,55.831657583038634,1079.8797258608183,6,PORTSCAN
80,1292418.239561669,2625.603534050193,575.7606827083939,29.742084290673777,0,NORMAL
25,2972583.930425745,1389.5248331489145,1875.2841874254534,49.87641368549668,0,NORMAL
80,10338919.355516333,408.08316610889045,858.5187856457173,20.97582274802628,1,NORMAL
4444,50341.72815826839,45.896869272913264,70.40538999843004,198.30745128943488,11,C2_BEACON
80,15822726.396433057,1413.9290764082502,5451.832687161969,24.919315790827486,1,NORMAL
443,4000217.093010911,560.4233098554348,2030.0112017724766,16.97265426234601,1,NORMAL
80,293457.6411015976,2715.6517883569386,4760.969635684226,111.20647020372685,3,NORMAL
80,17645385.781562082,1255.7538798799521,2472.7684445093496,26.317136102709664,0,NORMAL
443,9058388.953333057,989.6500804413527,56.290177737486616,56.328176150374475,0,NORMAL
8080,117368.48835636608,281.59171858720623,16.683748306846557,182.34667473440524,10,PORTSCAN
80,4532241.582208916,1742.8927472968153,3481.908949428137,65.89334548545366,0,NORMAL
53,12899501.098208295,452.29373094372255,8776.170198168093,2.4485619313024736,1,NORMAL
110,1097663.1354238165,1729.6025307588857,27052.384609022745,21.655945574992593,0,NORMAL
4444,209820.8757257467,523.135418806915,84.65943538523162,16.795356629464536,11,C2_BEACON
22,205328.5510235722,103.24874168966521,215.6440622046845,544.423121963991,11,BRUTE_FORCE
22,17076.646811060327,158.94075786758003,70.97598527931814,145.9500468747814,5,PORTSCAN
1337,174011.2717381501,8.075782733662011,247.88156179366473,595.9108542397515,5,C2_BEACON
4444,23630.37298009778,6.658082069528525,4.825827254758553,1256.6815046655909,3,C2_BEACON
8080,530411.9681911853,92.31029925038062,1.0125951772949275,210.74328451919783,5,PORTSCAN
110,12460748.078922747,307.85778941704694,14157.522506797888,59.06346771636171,0,NORMAL
8080,47844.6210998878,43.229750963789776,10.151704214835602,473.1932437060795,7,PORTSCAN
443,1076602.7222649704,1555.598022439768,8903.291441904725,6.048847307660475,0,NORMAL
443,1158633.3469116997,228.04088992068696,36133.94611796946,22.124394462800954,1,NORMAL
8080,250204.02581972236,29.2123456488433,1.6084459342451254,344.73915778230366,14,C2_BEACON
53,3524168.2363083637,555.4883486032928,4981.097028683056,178.75986045997894,1,NORMAL
25,8563582.69329892,2399.8460963931975,3136.03856202244,60.278020081517795,0,NORMAL
3389,187000.33921318056,1103.1369517547096,7.059792495596682,30.763864116848108,5,EXFILTRATION
53,1452917.236831758,3513.6537889198903,53004.87358314544,68.88305891278306,1,NORMAL
4444,315382.59395689494,387.92265996661774,1087.8870923712134,40.719941449995794,10,BRUTE_FORCE
53,3620014.0458107055,483.28820310520564,14793.394966066853,44.918945500121474,0,NORMAL
22,6213.760680290131,62.86057516841191,118.68111879486948,362.50183456724704,8,C2_BEACON
443,280552.8589407427,340.04402896855805,3301.2452746894573,11.793565726628383,1,NORMAL
443,8608839.81039034,4148.210620169025,2833.5295429860175,69.17350000215168,2,NORMAL
22,206039.22043090823,405.86146636540974,188.88912267262523,965.2775964867325,6,EXFILTRATION
4444,456086.89510644204,52.64992079352684,55.145679527312794,30.79830872732212,5,EXFILTRATION
53,3396518.478077383,91.1533489279422,3364.0987899834104,74.46753410801674,0,NORMAL
443,1722045.7637370562,769.5405215612349,613.1688198619225,107.03233020291916,1,NORMAL
4444,42606.21407680697,10.103900341622083,2.7869119267180396,715.8203507285624,8,C2_BEACON
53,11198519.631611565,2376.9126203445126,5815.822263401835,70.1082913088235,0,NORMAL
80,1234069.2840005446,3594.203467124537,274.5758996887119,8.782249552275635,1,NORMAL
80,3531668.710893937,354.3668020570891,472.94677095253854,32.89641775632281,1,NORMAL
110,939324.9302272168,633.2552117504067,7226.585328310801,4.978594074949482,1,NORMAL
25,1152649.5090944534,2005.7663166805396,2101.913660129498,33.8768815378669,1,NORMAL
110,3134228.36262,1380.1180878801845,7810.881362081979,7.072645044772057,0,NORMAL
8080,38748.16746676238,44.65720949369074,3.985932516676318,11.023124354819242,8,C2_BEACON
110,13879339.695344692,1210.7732081253234,2901.0471698165443,9.319484596399894,0,NORMAL
1337,44531.723668363054,5.038885397044972,2.0602280976779723,649.9881889167004,9,C2_BEACON
4444,439765.46571230283,568.3201038055288,3.42717896047971,152.37576869008248,9,EXFILTRATION
22,309442.76377245324,8795.401134624311,64.2699787089229,127.96439514645863,7,EXFILTRATION
8080,72331.07709988224,74.84585322741053,30.906098251175663,340.7374038425064,11,PORTSCAN
1337,89444.08046360273,10.47698399321618,2.572202329193394,1305.5687933032646,8,PORTSCAN
53,7185017.314214949,1319.2610307384714,6865.05425389635,122.8821960626087,1,NORMAL
80,9874767.213708052,663.0407696325037,4001.768590968358,19.22343248881966,0,NORMAL
25,2062439.4085006614,277.2486527352995,4634.962939303149,191.83238323938963,0,NORMAL
110,958820.9103286864,1574.8483654663428,2336.5668857980604,18.41760049992091,3,NORMAL
22,300036.1369119907,26.173388228124917,144.47892499948634,1444.827353130043,9,BRUTE_FORCE
25,15053692.855948012,1221.4085921682308,9554.431976523709,10.843134367151647,3,NORMAL
25,2091604.7719541602,4497.859346259375,3639.5183816413364,207.73400716507376,0,NORMAL
443,17545214.35600952,638.8205982286196,1432.3687382077617,75.94118807164514,1,NORMAL
110,5887098.451314484,1683.0331883814515,6075.4049204385865,14.773820143821984,1,NORMAL
25,4045392.4455349436,1238.7331264672487,878.7150453497263,25.363100568867686,1,NORMAL
110,3823852.0329517913,3935.74966599564,2495.3536953510347,211.6674758619204,1,NORMAL
1337,106664.91434278493,54.07006872508198,54.87086988928115,1631.8820577299914,7,C2_BEACON
3389,352605.76315351104,654.142412347389,1.3701180212679247,379.48383502706514,7,C2_BEACON
8080,5290.177436176594,17.401734921053706,14.982512566038672,806.5324834659388,7,C2_BEACON
3389,115532.83681452133,3.970828926705075,8.866984876033419,1147.1246780660124,6,EXFILTRATION
4444,40850.65402220585,493.1875109679112,121.98813030092973,195.6731002259844,10,C2_BEACON
22,16828.73231441695,15.040903470824095,103.54677842073492,1147.6306632961794,11,BRUTE_FORCE
3389,776886.3520876006,166.1419656532297,87.11518631339995,192.65077602987841,5,PORTSCAN
53,7247583.134383784,401.78630474545565,1847.443113021296,76.89797811758369,0,NORMAL
4444,148616.3888632778,44.758633678243406,8.976516929695155,970.2457624574286,9,C2_BEACON
22,4586.455613521985,7.164472055324952,149.86178686424827,667.1544854933297,6,EXFILTRATION
80,2557100.892725221,1021.5686708221868,1126.8832703958687,190.6089905053634,2,NORMAL
443,5912848.094443427,1589.0121176558202,2023.7480404850648,6.653978713744533,0,NORMAL
80,16718013.149189325,8155.180412270138,2334.349591599776,27.16741579854497,2,NORMAL
80,13460900.297228664,203.6224273088068,6652.562368876711,183.4536124449079,1,NORMAL
110,2642443.6887307055,1788.6417727976166,18695.85143572903,21.45531050871022,0,NORMAL
110,195788.13781308683,884.3064597096384,1103.1402163689897,3.204450257626349,3,NORMAL
110,618367.7185453798,571.6674551123857,18209.512842602206,6.274374154722384,1,NORMAL
110,2381766.0043866597,607.3964159235251,6639.7284220848505,65.63250629702041,1,NORMAL
25,4500812.664333628,403.02171969418333,567.0109578225083,58.735295518280765,0,NORMAL
80,2843365.8117371323,434.3110087197565,1421.2023488857865,12.21083959794437,1,NORMAL
4444,516110.528748356,50.02406091379912,36.9070271691194,452.42827870011877,12,BRUTE_FORCE
1337,84956.72002436,58.98541977858945,0.0507515759095393,517.7116253035684,13,BRUTE_FORCE
8080,310693.0489216026,334.2898092154073,17.093643397932702,405.7124064343694,3,EXFILTRATION
1337,504653.2125879495,11.268008945435687,0.0037321083335496996,1246.478385887691,10,BRUTE_FORCE
8080,242640.01672973693,52.63955859700138,225.3232148140579,33.54384128184407,7,BRUTE_FORCE
25,3563955.0702620754,445.7863369630019,7478.198141826223,18.199005314344504,2,NORMAL
25,5369219.460689436,5794.368762967237,8786.13472215622,116.58256962944161,1,NORMAL
53,4279043.230004657,884.3794386874138,6802.604710692453,28.324262907986835,0,NORMAL
110,1879781.7379522524,353.8993715318424,580.5145719270018,48.49621565380779,0,NORMAL
22,142973.4164837487,157.69649026660016,56.02835100098321,207.51015435057678,4,EXFILTRATION
25,19352379.593401782,732.8449356502217,3657.6700189694743,38.71699511394001,2,NORMAL
1337,101877.46608575317,136.41310454578127,10.56081480997624,683.8535401104039,10,C2_BEACON
25,809062.8860210618,702.1904659012861,711.2397774549397,36.655693541011445,0,NORMAL
80,1134945.8870736044,113.40015147459874,2957.4281678329944,2.2081944734681236,0,NORMAL
22,170001.39558918745,0.5842192189160099,85.47811967181792,233.09361305024404,8,EXFILTRATION
8080,29189.946424535377,4.872350259665625,1.7238442016002722,318.093111715741,10,PORTSCAN
4444,374606.8617396684,25.60488190973117,115.16057005258116,116.48879654106001,9,C2_BEACON
1337,151973.70269579644,93.7248382119448,9.75919119498454,647.1330861743709,16,C2_BEACON
22,147154.90950783005,3.029030217608833,13.59997073354544,640.0556118176273,10,C2_BEACON
22,109094.47671209331,81.01357679453265,32.5308960619784,381.5325936541209,6,EXFILTRATION
110,960566.9942093419,422.7760030810274,14582.361632955328,115.56797001297991,2,NORMAL
8080,306709.81955817767,430.0955905592819,65.69697999515154,733.4907691049116,8,BRUTE_FORCE
110,2033113.7802694857,1428.6449476495677,275.7474329235932,62.95860438272327,3,NORMAL
22,171032.98231877762,16.894272755925115,123.7793603089138,99.90298393337352,10,C2_BEACON
53,941767.7338678562,377.73666093803706,2110.661182976616,30.414515983025396,1,NORMAL
3389,136304.29379737785,13.064575465389987,5.907924636253052,14.947751557530951,14,C2_BEACON
25,2305280.074685146,4372.69869041309,13112.85563959675,61.3687204054993,2,NORMAL
1337,147922.7251119739,3.1788169494080245,25.923950859111024,831.3293401399959,7,EXFILTRATION
25,15210348.76607742,5437.497992298394,632.8625909147017,30.911558230983218,2,NORMAL
443,6550774.171064459,3802.5542011052275,4919.373388394547,0.0024062526151750097,2,NORMAL
110,2231903.518878148,357.4037114455572,8857.667622790392,8.699191370952878,0,NORMAL
8080,115601.22910199668,3651.023240684052,0.9927923133093163,10.878898824257462,4,EXFILTRATION
25,2100101.5121764955,327.50974020955397,4441.802963078228,34.12867881460376,0,NORMAL
443,771948.2661154764,783.8471667837714,1771.8612284025105,130.76116179807153,0,NORMAL
25,3242268.6584919305,2072.587709773675,5497.671466270498,1.2218470913659316,1,NORMAL
1337,36600.36131876121,75.03832274609228,30.934858333013054,822.7722182772073,8,EXFILTRATION
53,454916.38323689625,2025.27377042024,10195.773603412797,44.04101404605864,2,NORMAL
22,21274.057871744983,32.28582992604496,61.170868500337974,478.6622902019109,8,C2_BEACON
443,3074487.5189969,609.2703116215624,499.3430291357219,27.081665933554937,3,NORMAL
3389,40604.31369509497,19.008137751955015,33.30267785715457,120.57534652698442,12,BRUTE_FORCE
110,3602775.5154531165,1406.5483017318693,7455.702363115256,10.97101702960401,1,NORMAL
4444,40965.26085998367,341.36929466748757,10.661786584546821,1150.7180853760099,8,BRUTE_FORCE
110,262914.2928765788,2557.6392536389358,1202.1459851290924,84.97535774930247,1,NORMAL
22,92513.59138011663,26.748942549335265,3.307451447770126,253.33259937305357,8,C2_BEACON
443,2372783.604085671,2569.8197670902264,1243.8975043385583,13.901939433321544,0,NORMAL
3389,42990.026357152936,0.9658422410412453,16.175780189815548,55.428020482599244,8,EXFILTRATION
4444,49079.80551277025,3743.0668789416254,42.655488577326025,201.87392281881228,8,BRUTE_FORCE
443,458244.54862899584,755.9200938809636,763.2765851462581,14.602640221167567,2,NORMAL
80,710529.710953729,5076.515513027671,11692.381253631052,153.70711748380478,2,NORMAL
22,79565.67977542887,18.342927739689507,188.99965044966214,270.49313708290407,12,EXFILTRATION
25,2153110.5193279264,2715.6436244220945,4814.83092417915,66.28269417589917,1,NORMAL
53,7525051.018873462,2443.487898053696,3389.963372300761,167.6206601279875,1,NORMAL
80,13208744.226866016,455.0268027909113,1062.812713247092,0.23055804028289723,2,NORMAL
4444,33641.228202674734,187.0702410273889,167.6336994925403,344.0803657239117,7,C2_BEACON
1337,45933.44361084078,37.878671490559604,108.2218906158657,125.29067608228331,6,C2_BEACON
4444,264359.50560733303,7.765719150745571,2.5870994534175917,644.6811447213643,5,C2_BEACON
53,4304277.126144055,2288.507514411184,1307.3320262177547,321.4173013341351,3,NORMAL
80,5077436.720791941,3046.154376326529,6757.3897249489655,72.8383507798103,1,NORMAL
1337,431013.8040870011,43.41815718677984,242.56305771435024,298.5236119821052,4,PORTSCAN
3389,307752.35586767114,0.6104847972253085,148.74053158517475,395.7103483210396,8,BRUTE_FORCE
3389,193888.46447027943,20.08536300747391,25.085746049865094,51.6886405325577,9,BRUTE_FORCE
25,2368959.392421717,1500.7543833444067,505.52206351786594,1.034552608780203,0,NORMAL
80,134014.5643556021,182.00192526791403,3589.6878863679135,70.83877142268679,2,NORMAL
8080,29823.474865198303,26.326784156665333,14.056604406870086,354.7710160904643,9,EXFILTRATION
110,8172928.261113909,548.9101688945415,1574.7773226912377,20.029162224650417,1,NORMAL
53,258660.49851739887,249.8358198788353,3043.9605030416824,54.100115161212884,0,NORMAL
8080,285103.8833274107,2439.3817516115264,5.320959321582896,222.03505460619888,8,EXFILTRATION
1337,318048.716261258,34.080401887022944,41.501554012071075,603.6841060741905,12,BRUTE_FORCE
8080,843708.918858262,15.489895600286689,53.81659391940664,900.9090450231057,3,PORTSCAN
1337,1494.2860610373557,15.68344157085483,9.034204953156681,327.9396612127965,5,C2_BEACON
3389,289224.301794353,2954.4591328093024,126.31713840111071,560.7113789892829,9,BRUTE_FORCE
443,2917940.7671138495,166.31295691279922,5567.018971090296,11.58184208508068,0,NORMAL
1337,153911.3728872394,14.076503704665265,0.9369137809193581,50.38628021062274,3,BRUTE_FORCE
8080,40749.86293102031,91.03269541184761,110.14903024136525,458.18136717973795,8,C2_BEACON
25,2518793.515606484,507.4418128575126,620.2335455556747,31.114630734628278,1,NORMAL
80,443971.8636719816,1069.3554004864695,4998.473879761616,22.24958079183568,2,NORMAL
443,10673036.65996556,392.58305207999365,5402.51480607307,179.98630037793956,2,NORMAL
1337,393180.0867994429,415.29683958279173,3.0795128799565337,474.62064979683385,11,PORTSCAN
110,752490.1019642395,1342.2123059327873,406.63591230224733,13.263227535168188,1,NORMAL
53,1979619.6036348662,1570.0269639399505,487.13342216066593,74.5176457938515,3,NORMAL
22,1537.421581210203,281.49248400596133,53.11607786745065,184.9066096086489,5,EXFILTRATION
8080,37291.527024069546,56.261308691607944,539.9638509408478,1434.8214798651313,6,BRUTE_FORCE
1337,97525.35455595572,17.37967681952841,382.56361498840994,1649.1961838337886,7,BRUTE_FORCE
80,3249168.0700900257,4359.614604045159,11029.106916565488,132.17624336974058,0,NORMAL
110,762164.8459481406,1171.1455601885664,853.8330484228677,93.41198491052421,1,NORMAL
1337,602341.7553192019,62.573427737965666,63.94830588976298,540.0935494295893,7,C2_BEACON
443,21470050.56125383,783.6271266828725,1169.0517279308397,11.579916222202122,1,NORMAL
3389,296966.64832613384,10.604123567013762,18.49773478325811,796.9556004017913,6,EXFILTRATION
80,8011215.241543879,822.9459261175595,3046.4802083627833,50.94628006951363,1,NORMAL
1337,89861.73123941697,11.703493600805409,4.09763585554782,683.5507864508636,6,PORTSCAN
25,8232108.529276958,1627.6320215140126,11971.43400612229,17.686853096387605,1,NORMAL
25,14859150.861010037,713.0648009442324,1620.9516204341264,29.518460612768294,1,NORMAL
1337,485414.3568370276,324.7246808079104,36.94992150269943,228.94935878457915,6,C2_BEACON
4444,336115.35694122117,3.7036609085096193,28.703461894625754,427.7941314145056,10,EXFILTRATION
1337,99274.34314209495,0.44305684824346464,184.62739251708697,1195.38717882841,12,BRUTE_FORCE
53,5655222.246420455,500.03699202562757,4156.352631293834,44.96029532138374,0,NORMAL
22,453469.1450919313,21.15550664944545,28.83843553479354,190.19782667821747,8,BRUTE_FORCE
25,11410741.444139767,358.5515315978843,1872.7100886663518,73.82631038231322,1,NORMAL
8080,64971.37990532216,54.58103394194439,9.34761551442105,118.20600979995274,9,C2_BEACON
1337,43387.99533223662,5.135248626517822,152.42806962502027,171.90496380227438,12,EXFILTRATION
8080,12036.800624867534,1713.3176103944718,499.10055436682757,1.0945953315575618,8,C2_BEACON
110,2701686.572364474,645.6336864282827,1236.3141839119567,47.82099122663898,0,NORMAL
22,42624.85443469109,4.005083375761589,3.4189058331492648,1206.6385195373764,9,EXFILTRATION
80,3491277.09432908,1969.4735112813457,1037.963771693899,116.64114878965013,1,NORMAL
25,2084844.4032609998,4863.917243643226,6034.413117001326,184.42490687861059,2,NORMAL
1337,132183.21100953073,88.47669063140438,1.0195778098618946,80.66932603998079,6,BRUTE_FORCE
8080,286286.26762979,19.073586501295924,10.99420675905375,1264.6920583920798,9,C2_BEACON
80,20586505.25056161,2464.2863469764875,15617.509185197221,17.598352007056693,2,NORMAL
110,11916874.429382611,249.07861669283824,39354.789113684674,2.570213790707633,4,NORMAL
4444,132073.57068278547,157.36725303570333,80.16382789421185,127.55988966488054,8,EXFILTRATION
4444,148344.7679488345,1473.8669808798659,10.338850859355325,572.9701294022713,11,BRUTE_FORCE
8080,36961.75082867106,1.0534331711503404,21.41597242005075,418.0368053561929,11,PORTSCAN
4444,261091.8550416124,63.791674824107986,307.0492135291782,279.2535885294919,6,C2_BEACON
110,4266288.299186438,391.0728839997588,7046.282429647945,110.24370918237562,1,NORMAL
1337,101192.81030542015,11.391761194835162,3.2007832262541287,160.20392780013984,5,BRUTE_FORCE
1337,134264.64980535072,11.848857942348562,0.8792924957468057,1659.399758312922,7,C2_BEACON
22,213885.99317831555,411.40440730121065,6.6322456621776755,1090.8574419962001,7,C2_BEACON
22,251897.4762498001,242.4804015594259,21.957360404898186,163.0293488935331,7,C2_BEACON
443,1333242.6819546542,663.818016130236,2924.445963766376,4.518623306890469,3,NORMAL
8080,173027.4562802891,24.948596445001627,20.68449692607009,293.2096702125844,6,C2_BEACON
8080,154022.85652421054,14.229653300517473,0.6217053948878856,205.3365908657944,11,EXFILTRATION
1337,197372.7264427721,92.98347719302335,28.871167712560553,1130.4243411634818,13,EXFILTRATION
4444,129111.83557281192,482.4521105758543,42.83641140471147,1309.8191859274903,7,PORTSCAN
25,8176173.452442142,6079.704739971157,1683.3834535113322,81.33119408874016,1,NORMAL
110,6765576.782451039,1061.0080611547335,3023.2377649348446,58.60106047348707,1,NORMAL
443,4431214.243490142,1657.6355126162593,4181.3968781381745,0.5719268674008431,0,NORMAL
3389,101961.79641262568,22909.484742220277,69.33216782901341,87.97265317687196,7,PORTSCAN
3389,882735.9415659456,20.539246590428966,13.966451669779222,1437.8564357132316,8,BRUTE_FORCE
80,12096476.645359792,5165.81729561731,6135.801880566882,26.32004189382445,1,NORMAL
8080,20239.58908033993,52.7794987567225,4.359256824960682,83.83605289193432,9,BRUTE_FORCE
25,3894765.4208016465,2383.2693600535185,1152.3927489783464,102.3302544817039,1,NORMAL
443,6060003.392941046,173.65370131317894,2559.621369904771,44.200833367317514,0,NORMAL
8080,206106.63719305347,4.932436815497503,5.7940071460041604,65.96509783922558,10,BRUTE_FORCE
22,14409.85222354175,264.0845421737051,35.333258723820556,289.39877573598665,7,EXFILTRATION
80,2788594.414279805,595.1555785853864,3258.8460139020012,191.19345407075187,1,NORMAL
25,5188409.768183779,923.304092033992,582.8743899043582,16.564464426417043,2,NORMAL
80,4171832.3653730177,854.9357712066917,1855.5189858453289,42.58672350044721,2,NORMAL
1337,20792.374073209325,418.2796788952776,78.86241589746238,581.2346222589246,6,BRUTE_FORCE
80,1718630.3907754372,623.7253624958548,488.33483119794477,14.542519414826968,1,NORMAL
25,1294254.0293406008,1053.5943548788239,3021.772485837116,71.17308118789998,1,NORMAL
25,5503339.445594969,709.7745609057049,15446.771748177995,39.21496571797538,2,NORMAL
80,2338875.846812092,68.90126772880612,11081.143985253557,72.68331397945676,1,NORMAL
443,4314604.186966546,375.9039256342973,6340.5889132064585,40.6743645460099,0,NORMAL
3389,5435.282732297813,381.2818775972117,2.508490585017567,658.8341740885379,9,EXFILTRATION
22,439266.2542556199,19.052225607459757,8264.49900180072,1887.0495608345714,9,PORTSCAN
8080,206566.37067049713,193.67646244308136,23.531618057523346,1299.0796915305868,8,C2_BEACON
1337,710831.8126711893,96.43187715113805,4453.5548251009,261.7134566857102,9,BRUTE_FORCE
22,253334.91419023814,29.424907869487825,19.333966715057507,268.96640412264003,10,BRUTE_FORCE
443,453015.0642920264,4839.863814798607,28825.29283206061,0.054606859386218,0,NORMAL
110,1416169.5467034185,1131.864977599763,5378.567110294736,46.7963269836035,1,NORMAL
53,4913246.705322382,527.81478236379,4620.310771459538,112.44208688713448,0,NORMAL
22,613571.6860853363,20.538906485980714,13.313943959141517,263.7478307652449,10,EXFILTRATION
3389,365029.6769244223,393.263281064277,4.11788375191431,31.137856908285045,7,PORTSCAN
8080,112814.55876029533,142.15490999913914,0.3599562779133462,97.00298665346307,8,BRUTE_FORCE
25,815510.1919082238,730.6765206407706,12694.332322119035,14.907436092179063,1,NORMAL
3389,475919.1917317448,15.351011659311599,14.478644551571866,572.5143208552731,5,PORTSCAN
4444,29815.01945103009,15757.620402896719,12.23708756778777,3.1880454049383595,7,PORTSCAN
8080,109747.58064834357,101.42770879920039,570.9111035607451,595.8976107566161,8,BRUTE_FORCE
4444,21035.56416435825,2.0537457839580875,8.658310492497273,395.639360546071,8,PORTSCAN
3389,400472.196176917,8.656883945413286,242.2017739645604,358.2936077056918,11,C2_BEACON
22,1159301.050875603,1.3685454072245569,102.37108907300147,101.28101990341027,6,PORTSCAN
80,4635658.697094391,531.2001689416658,3882.191236907499,28.994627368861853,1,NORMAL
443,205804.21649504534,7116.267879999193,2757.911296902297,1.9863203124971043,3,NORMAL
110,9052943.941290196,2275.1911782901975,3551.81042636106,3.1684546217159797,3,NORMAL
25,259138.08467938364,2395.0882009540405,452.2399830597398,3.374436078462711,0,NORMAL
53,5532238.906868932,4880.254371293734,886.5089986371639,5.022815466831252,0,NORMAL
3389,603125.0470416078,771.104346539531,16.80003549454221,303.0307974652345,3,EXFILTRATION
4444,86289.68158613105,158.0355495373819,7.381976231307462,80.40353854329916,10,EXFILTRATION
22,24983.13276721889,6.425497165909244,0.8904590628998477,161.39079470247725,4,PORTSCAN
4444,313739.7911601168,2820.8313494525064,48.16109443989258,1085.3229674584868,5,EXFILTRATION
8080,104778.00265984163,83.83662031710348,4.500466416343486,381.5817827638482,8,PORTSCAN
4444,67530.81156346323,108.67607527004567,13.237687755082211,1999.2013781126027,4,BRUTE_FORCE
3389,170584.47789473753,61.31443872153893,204.1162783329112,710.1690815774434,12,PORTSCAN
3389,31420.52599815069,44.16948262053606,282.5663906339651,370.9087301023708,6,BRUTE_FORCE
53,2087013.7687341685,2117.8210574032373,4179.304341136087,41.30231006945019,1,NORMAL
3389,324541.7146985481,178.48225922066862,60.08605125594498,167.5461969535208,8,C2_BEACON
443,12316243.420641001,5036.754378548835,968.3480926728345,11.475993845218861,0,NORMAL
110,1484975.182355447,434.1919620667656,5835.843624573917,6.49032088937975,1,NORMAL
4444,106939.89695965753,6.613228490298505,8.695734365359115,116.52545179598809,9,EXFILTRATION
53,17440214.427191265,262.5064772511245,1017.2555021285473,26.23660357334207,3,NORMAL
22,58365.202525098655,21.154308454000553,210.72285261624185,466.6177314775299,6,PORTSCAN
8080,139326.5125736804,10.050057572457296,387.6289515386834,1010.8679774085512,7,EXFILTRATION
53,7925504.405060589,1358.9440828074096,19472.404807700204,65.2109652256067,0,NORMAL
8080,82541.49267813905,80.96842660512476,479.73272191024074,2914.3714585206917,5,PORTSCAN
53,192131.5740539597,1401.4123771603226,1352.407346284115,26.21606399373403,1,NORMAL
110,18493545.08865844,2109.8837582183232,10367.938427801757,5.155324582597517,3,NORMAL
4444,463116.31166107,30.798334721141924,151.98990938000014,180.08802567616306,8,BRUTE_FORCE
443,12256267.957167901,3009.6707545546847,8982.408966638393,76.86852322121388,0,NORMAL
4444,238933.58878261174,34.17171209182543,0.36870608414521755,3234.9603496449213,4,BRUTE_FORCE
443,14586883.621545695,192.6345456117661,3472.425787928141,55.10219427920888,0,NORMAL
1337,224858.6944539578,335.36433654222805,2.1716982576593375,601.1051295482554,7,PORTSCAN
25,173866.15242656687,564.9073167205801,617.6583547142692,166.7043693800766,1,NORMAL
110,271361.7627255768,2020.4406397782109,5168.410868149265,84.50521681944662,6,NORMAL
4444,479549.06495527015,48.887523020299874,14.863854420429755,109.56300250815377,5,PORTSCAN
25,3064783.7860465143,1061.1680504910817,474.7967610438207,0.4250224137280754,1,NORMAL
25,96135.35210298751,2420.5384006390345,1759.7705007240102,30.449299510731354,0,NORMAL
443,9914657.371587748,6273.584648067322,6519.816185653301,119.2234385964326,0,NORMAL
8080,1068715.395051397,139.38468808355145,148.80845461231726,1056.0724188952297,6,EXFILTRATION
22,129696.32232543548,149.87685596242522,9.065853743300321,245.41119115133583,3,EXFILTRATION
443,19199899.57060303,1130.189572957884,9496.591944603982,84.80656282409197,1,NORMAL
110,1635638.2008261608,1423.3475666360675,9831.013436443513,11.305118736018777,0,NORMAL
3389,176733.04819719668,296.03891991334916,4.235293295996524,178.08930428093353,10,C2_BEACON
22,136761.66910471368,47.96918499653929,2.2428031482180986,201.96415375528773,10,EXFILTRATION
4444,289829.64972325886,89.6054662151373,4.516249869922438,234.3288883663877,7,C2_BEACON
22,165791.48276375965,186.44619857398192,16.85609687614954,553.3748429236089,6,PORTSCAN
8080,173959.64964783072,959.1670390774012,6.080754087012397,761.1810151319789,12,PORTSCAN
22,26825.304113463895,7.1525167411769175,136.49462702791658,346.99956219754586,7,C2_BEACON
443,3010352.2698814687,1767.9727312066684,1894.209074100417,16.437292908087915,2,NORMAL
53,3445539.772016837,3772.268319459962,886.0341057556958,19.851026256010336,0,NORMAL
22,6360.644602333017,9.749327487244765,56.177780579355705,94.88076342388744,12,BRUTE_FORCE
443,3485227.8985845386,3075.9852187844413,9936.558132764467,44.54684683052489,1,NORMAL
443,3270930.0019349917,644.2381730800815,2825.5176121038144,41.43714093919765,1,NORMAL
25,2839193.1730258213,703.8537420221303,7089.042087766259,146.90694178586438,0,NORMAL
80,6429181.823897217,1134.7230522811053,3032.97685063722,33.33818353126482,1,NORMAL
4444,51048.96106337242,6.079397652642973,10.299204574564001,31.879726251512032,6,BRUTE_FORCE
25,2890432.5156278103,2935.3820521935363,2367.226707275996,34.75547156906302,0,NORMAL
22,163553.5719868201,86.60922481871461,10.099777610527992,361.5582528034875,7,EXFILTRATION
8080,735260.4399735545,727.1555859557493,158.54730268885035,83.51637973751403,4,EXFILTRATION
1337,98516.70222083859,4.026052292616604,7.424128402886026,1063.5979906201899,7,C2_BEACON
110,2049801.4385587538,511.8638961479121,11881.059616500805,154.4977835063178,0,NORMAL
110,3974802.604911397,1984.3646181779309,377.1839585389619,28.931183930214754,0,NORMAL
110,3300806.9738118765,1572.1918964583667,1166.0586376862882,57.02677448842445,0,NORMAL
4444,446947.5465371441,60.498419414441244,6.445425739518034,558.1941000053353,5,BRUTE_FORCE
53,2012489.2145078501,2263.1005128072634,3539.3625681990593,211.61744198181248,0,NORMAL
3389,129165.1235645534,120.05707879859762,0.17621950050326893,71.36568699921101,5,BRUTE_FORCE
443,4545540.693024558,4163.028885833173,11038.83548838879,5.171741095024308,1,NORMAL
25,4481391.667454769,1083.2526061702679,2750.286411731252,244.41034509349734,3,NORMAL
80,3897180.086328164,523.8792792641356,527.1778439880898,12.704140550635298,4,NORMAL
22,111558.09055177103,6.146471210008032,0.907228732835929,506.04377587379855,7,EXFILTRATION
22,708722.297635891,58.958011775957665,20.437104231515104,47.175715105798325,8,C2_BEACON
443,7687073.011258612,1266.876903137559,198.72657275433102,47.003020714537584,1,NORMAL
4444,49018.54232873767,2197.642529382578,27.740662231186146,301.32760253879815,7,PORTSCAN
53,677963.5734592119,3716.5481652820167,6852.970905170208,18.502005779164822,1,NORMAL
22,59594.19372674463,44.84213457151125,51.63335643039298,1090.3981594340219,11,C2_BEACON
4444,34116.41040588749,9.259562594584722,712.7334111474839,292.8274052325265,9,PORTSCAN
4444,109542.48650889569,38.679349833948464,19.707331101364606,75.25821970164775,7,BRUTE_FORCE
443,2865406.3598325565,630.6550229120194,20276.340567756182,6.6518641789461475,0,NORMAL
53,3237241.865812795,8359.540271114945,6053.758814390495,16.655096548340296,2,NORMAL
22,29683.235893646193,24.77448980638741,4.7068541165993985,634.4969723057688,12,PORTSCAN
4444,148112.03355085643,2.002386178071434,1.0281837547923287,460.2582466456139,9,BRUTE_FORCE
4444,289445.7399351218,114.91072992495157,1.3668471758247533,45.66754515912186,6,EXFILTRATION
443,1710536.30411802,553.438757147588,1376.5746937896906,73.98096049115796,3,NORMAL
1337,105579.37138189652,6.795696675858349,20.429706339734068,572.1803150773889,6,PORTSCAN
25,66850.93697652343,951.7832860064564,4508.5459155678245,29.364529676845773,1,NORMAL
1337,25736.86812382847,11.374741418858239,14.7366460064131,88.70193534814385,8,BRUTE_FORCE
25,14591161.503671441,3747.5461703231285,4237.7539130933965,130.99148999274593,1,NORMAL
110,3584202.7956804335,793.9000972495212,2104.7742974222238,99.03626728100309,0,NORMAL
8080,131143.1016508896,17.718824788417564,36.49389686263777,325.27823636207484,7,BRUTE_FORCE
8080,294821.07027394266,761.312931273198,17.4475335684617,238.56187647434888,8,BRUTE_FORCE
443,7136308.951975792,1932.5625520392787,207.6830449053256,75.736816160785,1,NORMAL
22,311377.9217801509,65.2075088833495,16.17436405929117,744.8866195838114,12,BRUTE_FORCE
80,14756931.661774194,1025.9753221725277,56307.035279945325,101.08884110168397,2,NORMAL
8080,34113.854481375485,597.4638478755087,191.90893867536823,1320.004108611101,6,C2_BEACON
3389,549688.1300994641,67.77998091288535,16.174387864264034,162.33552518868044,8,PORTSCAN
25,1403862.4799288637,524.8427257797235,7830.212534516497,201.0971981930973,0,NORMAL
80,1935195.3623353222,883.7456054341961,33212.82258950706,43.31571140157153,2,NORMAL
4444,67085.93076986143,9.84594749133273,4.240631832603571,23.978058193866104,11,PORTSCAN
3389,571476.9521961139,1882.6780181971906,1.0367266678997828,84.84739209117224,9,PORTSCAN
25,17552308.60641273,169.57569633809052,5506.576069636082,3.166851750611409,1,NORMAL
80,461313.51079664135,3507.201370874254,1319.4017265013517,87.57425623458259,0,NORMAL
8080,345875.47145508067,67.54042650345362,4.298441961406487,396.7229919238877,9,BRUTE_FORCE
8080,101832.29471552664,212.13661788391065,20.620413144883035,761.3354008123969,5,EXFILTRATION
1337,186731.16482261172,99.60225727432838,247.56949895477464,573.7974604028884,7,C2_BEACON
3389,235250.2893744561,108.79758705601266,107.65860337516199,446.5909432273992,12,EXFILTRATION
80,11984785.950641347,419.56583136302976,1205.2891083964696,3.075806569089385,1,NORMAL
110,879912.6053415916,5867.100685982297,618.4553873499086,36.757880181366296,2,NORMAL
53,2243482.7319387617,5903.582068550122,8806.22178122821,202.4504806690607,2,NORMAL
443,2874880.196639086,972.001128890909,298.9986567192251,7.633168183119849,3,NORMAL
53,13646107.357671354,192.90452630534944,5923.055682195148,169.52876317060122,1,NORMAL
22,191152.38002335493,12.888347460015233,3.3980245515345455,589.3170594534552,10,PORTSCAN
22,65971.36572726538,391.28715276796794,64.33247625877645,45.98758464115551,16,PORTSCAN
53,343564.66119209013,1237.4279029473805,2652.8041979821264,79.38600425531122,2,NORMAL
4444,7094.571613217095,2604.9376443954106,1.2753295020010973,931.5849476799793,11,EXFILTRATION
110,337523.9545330685,5790.571554714133,214.35263554491675,14.814530635317475,1,NORMAL
53,908984.644486146,1214.0573468931564,1120.230643222712,22.018137745322754,0,NORMAL
25,1989383.0383155681,1759.244550104136,1907.0106224939238,176.4082270185349,0,NORMAL
8080,312399.57552604884,700.501837003669,26.44224896851775,485.1074903956538,6,PORTSCAN
8080,365834.60075974243,26.671884635995486,658.7491169198285,600.7593753181,11,BRUTE_FORCE
1337,225573.28111040845,14.445576282086805,175.2714723381075,588.9804255796824,6,PORTSCAN
3389,775114.3823050088,21.80851937608589,48.43769490860207,1058.6727199064703,8,PORTSCAN
4444,15727.51362726735,207.8791845816569,29.430385202269232,665.7851202225368,5,PORTSCAN
8080,267886.84685599385,10.431790794753097,69.21036040710278,216.01216781757606,10,BRUTE_FORCE
25,4900156.782500573,294.2888400240162,35850.69560025644,136.47060985649597,0,NORMAL
53,1796496.6437936372,2542.851268194538,3536.475327614998,31.49852255141,1,NORMAL
80,2071546.2469581591,2111.3398345610494,5263.113195550873,170.73895106520905,1,NORMAL
25,997044.4905313677,662.0666679309603,2880.770438110527,1.4524793894441932,2,NORMAL
3389,187670.25154945595,11.543816554096475,11.627431112749262,1216.318411145242,5,EXFILTRATION
80,4140991.648049674,601.3950678227566,19326.16441910724,1.5015311339228699,1,NORMAL
80,9187501.203706231,1830.8646643020925,5083.981025038496,48.48511410237362,1,NORMAL
22,350668.1768778245,9.478190154850914,1.4248789771950772,285.01021342676046,10,BRUTE_FORCE
3389,77027.04771206478,22.48490474691657,26.325876819439504,968.9114266217402,7,PORTSCAN
25,15711272.192096274,3839.3494234195114,13751.06523761058,41.3815993907152,1,NORMAL
80,3980437.931239487,4411.283140480189,1783.3084588364138,14.188928081931618,0,NORMAL
1337,144961.5581059423,120.09300421283095,444.38763379531355,673.0218627622991,6,EXFILTRATION
22,98427.99698283956,517.4096581586617,2.4510531047281794,592.5782530456669,7,PORTSCAN
22,413210.67903293046,60.06976382210782,1.2953506670835042,537.3729984590691,5,EXFILTRATION
80,880391.5486109798,1274.7106603415884,12097.436635796505,49.768865354491254,0,NORMAL
22,79830.0183383698,4.915350711447212,2.7839891992871593,313.0245496855092,10,BRUTE_FORCE
8080,65492.10437327814,56.13906284988446,6.695007207807765,66.12792457078245,10,PORTSCAN
3389,566104.8531913719,302.03730230278944,0.528015989764765,80.06889287913467,10,C2_BEACON
53,8128144.490557615,1344.7237189504785,8641.600856634761,38.1736252252968,0,NORMAL
110,1411812.8327677213,375.90318689869787,1771.1475910073189,160.61515416481978,1,NORMAL
22,245139.24070317755,18.304554431440003,29.018637093657443,9.710607148854594,6,PORTSCAN
53,41949.00164208162,2570.6885769853784,6855.723522866902,11.519142216051177,0,NORMAL
4444,352277.001780502,108.60583001350368,24.9275451077742,150.42590094314596,8,PORTSCAN
3389,375727.93384331523,135.41116417744615,0.5678001309819392,236.32787268217547,7,BRUTE_FORCE
25,3398662.732504573,713.4411086245141,1263.1282944008785,98.22701002882968,2,NORMAL
25,7992605.623483891,1272.5533015381895,1167.9835251456889,84.24498333603321,3,NORMAL
1337,120435.27299900592,134.60527100719582,2.559877763028651,12.02558307519077,10,BRUTE_FORCE
3389,1264.9812871527236,1474.0681160709353,35.37507413616992,794.9821912671189,9,C2_BEACON
80,2256412.825032316,1102.3563035330671,136.43153882021963,54.53542134004289,2,NORMAL
80,2271310.288617743,730.5871920111679,658.6308772257329,89.55614607491503,1,NORMAL
80,491148.9265562232,2052.6297676725603,3825.3531164926567,24.548399358605273,0,NORMAL
3389,240181.25516284848,652.6988221398047,4.567870867368161,109.44417005674107,10,C2_BEACON
3389,27460.497132257224,8.987234712893667,16.34494763794005,33.693636716692296,12,BRUTE_FORCE
53,6773889.151840154,1622.4587361835142,2407.6743256486516,146.37829452000608,1,NORMAL
110,11526148.49452147,1927.1314385862784,1772.2041510029878,17.521464450572783,1,NORMAL
1337,109276.68686285945,1.1590590923394481,0.40128637711264964,1706.2960206752166,11,BRUTE_FORCE
80,7131909.34446603,822.1617909393087,10873.79922063864,18.84495474958786,1,NORMAL
53,3584950.4510877887,1021.349130394973,356.5903758339284,47.18107563731841,3,NORMAL
3389,61473.36063836919,826.2482077001514,723.1411469178515,6.574248487014039,6,BRUTE_FORCE
25,4306094.565032964,928.1424835435184,1255.9728217933755,26.426497387527558,1,NORMAL
80,18778866.36113732,7895.74027823554,5884.708332779411,19.300041679438696,1,NORMAL
53,6640602.4986923095,387.91251446227585,16379.951309549444,105.95353274939967,0,NORMAL
22,259175.36788205613,54.16589029230426,17.25560322365595,69.13842765473387,9,PORTSCAN
110,5651966.766440407,1184.5030652325186,801.4074922956618,54.80418901041908,1,NORMAL
22,119033.71769958582,4004.826899873199,9.807125913764812,594.8153159803859,11,BRUTE_FORCE
4444,135701.9789638952,137.32875413965763,19.43999414658037,401.006628523701,5,PORTSCAN
3389,234160.95989123985,370.11121029720846,70.88695552838037,799.1063431713792,9,C2_BEACON
22,91767.7284232501,393.8174622719787,13.688832887486788,996.4668365506128,5,BRUTE_FORCE
443,1623517.7152515852,667.1050389247573,709.3805475313825,116.10443238823865,3,NORMAL
80,252039.60918250633,9674.931594616048,6878.1805104230025,58.05976604481059,0,NORMAL
25,470596.0855565561,632.3645400900125,34258.80838614872,8.121869555224276,1,NORMAL
80,4755808.199875369,286.7871413343077,136.85170009712513,77.14736838254332,1,NORMAL
3389,56125.815249575004,2.3142753172290824,13.274646502528363,680.5721765000271,4,EXFILTRATION
1337,162252.0962124241,9.897393745925333,16.770687574768242,226.59063989507777,9,PORTSCAN
110,1345989.3493717392,3276.602871048718,2088.074265191849,24.432840943483818,0,NORMAL
1337,87589.19308006571,56.60044496448154,151.3337664659979,1315.5174052785098,9,EXFILTRATION
80,1212646.7556732954,507.2265981313807,1079.6407330410239,4.886666095189531,2,NORMAL
22,156282.75172582638,2.847818414655318,0.4229915099291861,206.02092504532567,6,PORTSCAN
443,1779255.8795233623,430.1649630891096,2650.126661059454,32.04417736719983,1,NORMAL
53,5504307.0382127045,678.9007902812115,345.59381322762187,1.226026213850259,0,NORMAL
8080,81967.56933800668,234.82418695929715,13.831223367503819,285.49792816052224,10,PORTSCAN
110,3088981.019500748,1686.419028027453,758.4719465051735,115.87355787058542,0,NORMAL
3389,207191.86554281888,71.64926017125458,29.14075061437519,147.05358046430254,3,BRUTE_FORCE
443,3556138.669689523,8536.2178281861,489.7626919822754,3.9078393785590833,1,NORMAL
110,6166608.502404392,476.1161387384766,4961.692122437798,1.3662351147209568,1,NORMAL
1337,115713.41261615888,30.07377147163615,25.214024481695876,255.4348202750032,3,PORTSCAN
3389,254557.02184287822,94.37714210208435,1.3792354200573242,130.58640699224577,12,PORTSCAN
4444,230745.10121950053,14.018463663794693,13.153776319833288,37.01794543788706,11,BRUTE_FORCE
1337,678558.8694808764,12.784618252869315,43.60478129206337,346.4253052115099,5,EXFILTRATION
4444,24607.847893706,167.61999880956836,5.885494197671326,425.5872294174752,7,PORTSCAN
22,127819.90283927169,807.6927984429759,0.47011800761104844,171.29648350806457,5,EXFILTRATION
443,3941994.262708275,825.7509969817298,6113.863092458022,171.57901230370425,3,NORMAL
1337,169541.73295187866,5.267721696698961,48.55407718419062,119.0850053646519,11,BRUTE_FORCE
25,8243554.729925832,1518.1678094106205,1660.6203764910088,61.14507811937679,3,NORMAL
22,432535.3346678263,64.25378645371786,5.973850972629274,58.40803246408564,3,BRUTE_FORCE
1337,681138.7093733848,69.83621648331963,29.719844569558234,265.48568739170685,7,C2_BEACON
80,8847030.824508788,743.5468520941287,3330.592106097386,53.83639630615177,0,NORMAL
4444,5717.6654074185435,19.569565565013846,47.82689549123774,560.5125393730287,8,EXFILTRATION
53,5882491.89962376,3047.1523467773013,1466.1288110508615,116.48300182007306,2,NORMAL
22,63683.755041873424,1.2997917485638755,271.70631801454704,180.56219460573124,7,PORTSCAN
443,9213647.019230539,658.5932014338096,43426.07038357893,63.07974792571497,0,NORMAL
110,2256932.8491566298,7985.481786404326,8310.235147822063,57.43286512926028,1,NORMAL
8080,226485.62859710667,117.02970000368828,6.972631073238041,628.0522919960866,8,EXFILTRATION
22,101002.58496107566,754.734324256561,423.72509860262176,596.9258617887068,10,EXFILTRATION
25,3496513.662099751,595.1488234704492,1590.1400304276247,101.29146473205095,2,NORMAL
3389,12355.380877405065,179.72324236751382,12.494541150015092,1001.5409694096924,7,EXFILTRATION
1337,71041.05850160765,15.7219541086601,6.858018891454794,238.09085900469552,9,BRUTE_FORCE
25,701665.2268461356,1639.583991486395,37093.03992053401,18.282733953615164,4,NORMAL
3389,21478.400198481217,122.74274935620413,10.641702631665286,138.8024491632209,11,BRUTE_FORCE
4444,155368.83849191893,1.4452871800833411,0.3476945762877063,334.4784148219521,7,C2_BEACON
8080,689154.0398931312,36.34253904328273,28.455520632331726,24.67664883109544,8,C2_BEACON
1337,146339.31394124066,420.8501388674609,1.8875718847322793,262.0789671815148,7,BRUTE_FORCE
110,3423088.4027310526,313.80509751008304,12719.65453868391,60.34125638496286,1,NORMAL
3389,210596.08959110233,13.650188303047893,125.6340347522956,34.118857445411514,11,EXFILTRATION
8080,748153.9327790015,21.802975242644905,74.21481224596015,152.07694635719656,6,BRUTE_FORCE
22,31619.720731360525,2047.0921818047684,14.757716351115864,2295.0557845054664,11,C2_BEACON
3389,94362.5571485777,702.4148997339676,2.9568412777915594,85.90846261477506,5,PORTSCAN
110,3589869.790481824,474.2042423866293,9826.149697095556,7.251032495113027,0,NORMAL
25,1027604.6954361122,3243.7992514521598,1451.5984190922843,124.88489090937718,0,NORMAL
110,7062187.429746099,2157.072972653942,453.53895769189285,59.42231132907631,0,NORMAL
80,11022186.196516778,4886.061786055151,1375.5250032197146,56.63993208198265,3,NORMAL
22,369174.84943694924,146.19215132146826,41.37866689383147,290.87440766128867,8,C2_BEACON
1337,18249.975004078577,62.412420924468286,0.7893027060173113,1550.4634639079168,11,EXFILTRATION
4444,433023.5452239684,44.04216601620097,157.80886699686118,119.1975522405711,7,PORTSCAN
110,1424645.6584032031,1120.7047623428016,1403.612802376664,35.99443389031888,3,NORMAL
3389,120283.4387404272,6.513364150060103,201.1757895063983,352.0120891471499,8,C2_BEACON
443,619011.6495477727,599.4245517126251,1607.9076525538287,43.181359069670435,3,NORMAL
1337,379774.98632103985,28.702562682294758,0.7491893931798789,119.19835183632402,9,BRUTE_FORCE
3389,154720.28970160955,5350.970084152079,8.06828883503997,352.096484045379,5,EXFILTRATION
53,460609.49021540215,269.4502545087631,2025.407764037042,61.005506475760775,2,NORMAL
443,5054458.292639606,1231.0179881133301,9014.666560888965,1.7362965038260934,2,NORMAL
443,1088993.3042426638,175.26414437715405,20504.974821371867,47.597892263739666,0,NORMAL
25,2645087.1080473177,3461.604067727491,915.8570411003741,64.55966475387876,1,NORMAL
25,8860745.585256424,636.5204756622381,4556.979310380061,48.92668226723369,1,NORMAL
110,677128.0581810302,2163.263349645734,7433.237295978147,64.82697406638167,1,NORMAL
1337,60965.53183620703,2148.59699931519,4.342154268196664,5.892092428426339,10,BRUTE_FORCE
22,233979.7414498883,728.5324305455375,33.790047077029136,55.830933149818,14,PORTSCAN
110,4080798.1803195737,1333.287827242439,1832.4258335817856,23.524814891628164,1,NORMAL
22,474208.1432148635,62.89240014563094,0.2005400172828442,552.5376751548018,2,BRUTE_FORCE
4444,36731.769731609245,10.685024001566612,33.821176599507744,128.50676533457386,11,BRUTE_FORCE
443,13140986.129270887,607.1969300002921,499.7410901525438,69.48763000402872,0,NORMAL
443,2601394.65779218,9992.654739626172,996.8842013037414,64.66852652714194,0,NORMAL
4444,193343.5214935089,24.7818502028665,15.591266089789695,1101.038629437919,12,C2_BEACON
22,187821.57639137303,27.300421034481197,1.1392921614916958,729.949883341588,14,C2_BEACON
22,9420.702575747677,76.29749960217185,2.0709997594038634,58.69347075235034,12,BRUTE_FORCE
110,4697737.830665552,3214.382514855059,1474.1321773348127,76.17596406279335,0,NORMAL
53,1522515.7203151085,148.65899113098928,13155.315422532822,8.38603989767002,0,NORMAL
1337,536620.141798601,176.50825192998403,8.38854703681488,220.57264888199418,12,EXFILTRATION
80,1519294.4354385422,827.0581912876997,11151.159049923173,4.678158999982669,1,NORMAL
53,1685932.608990672,165.33379452428525,192.86790279579185,38.22802338116273,0,NORMAL
8080,86301.49744182795,17.073703354680234,15.740979556949465,532.976628963096,11,EXFILTRATION
22,110614.66882157253,330.65431561926613,8.850198943347126,375.1843636634474,7,PORTSCAN
80,403250.77116809797,1314.052445989987,22952.12544767994,335.97468891260445,0,NORMAL
1337,177728.3257788322,9.870331101470358,6.576810103081992,760.6374222175796,9,EXFILTRATION
4444,521959.0939143558,28.104241254098408,596.1229057784584,46.01886410357308,12,EXFILTRATION
80,30314294.2085074,955.5231003820184,2260.0604349072846,20.19106763424614,3,NORMAL
80,4227583.991876923,414.7454656100107,2739.077699586012,11.529318418938992,1,NORMAL
110,4591365.343776415,736.2389490034486,7306.14163573523,24.22163774012283,0,NORMAL
53,6674102.220721653,1603.1082459211189,8315.97448895841,12.600682832437164,0,NORMAL
110,5655171.533900455,1692.1371746168068,4783.614984298034,58.06322608761979,1,NORMAL
110,16910130.52257015,1648.6132135127946,12176.182793823089,109.65342527353205,0,NORMAL
4444,172509.52781870659,2098.0356495229826,82.7884128561747,17.970454960167277,10,C2_BEACON
8080,198494.47059405758,0.3978106461529793,16.935664838020212,484.97197761551547,13,EXFILTRATION
4444,23039.624248195785,36.851511513231365,163.25918502685093,1778.3979101988355,4,EXFILTRATION
53,2856969.3369842637,1952.9028464444443,16571.23417642137,17.98907846138623,1,NORMAL
3389,25368.236572729485,34.87930467528336,12.079165976364454,633.3135091353302,7,BRUTE_FORCE
8080,1187143.7616156274,1138.9454006970266,347.50103040710763,78.93789557640498,5,BRUTE_FORCE
110,1410803.002648547,380.2345471394468,3387.3611712896527,154.2160046073425,1,NORMAL
4444,161683.5843567401,244.43735198989197,6.923818236028645,223.67941289144815,3,PORTSCAN
1337,6218.6372909366555,38.28475683781684,72.26257874315162,194.36928267375197,9,C2_BEACON
110,13651135.311510125,830.1671220521242,695.5558166618109,66.67364375213624,3,NORMAL
25,224364.94557164627,884.1367198475032,413.8010512760186,41.39164927518143,1,NORMAL
53,4560324.313451276,473.61351881582453,3053.47540698416,19.868861520161293,0,NORMAL
8080,46751.881557449946,568.8655240923827,14.596060038466588,31.72327208598768,13,EXFILTRATION
8080,51462.56283848837,247.9009339059627,413.3122750061255,642.0088753302373,10,PORTSCAN
443,769000.2775422554,916.3334058127649,743.0359966606195,163.8539430658045,2,NORMAL
3389,271045.48195415316,1.0517051886934163,2156.7146590469297,93.98998235832865,6,EXFILTRATION
22,39309.33261158422,52.027494209950106,9.163175855392554,1366.4842516178069,8,EXFILTRATION
110,924780.8579302948,2804.4689256289826,852.9235613188274,26.272647734888054,2,NORMAL
3389,33381.43731389163,84.31679039130694,18.69096071035939,55.357565808262166,9,EXFILTRATION
25,9472290.154571345,671.2402396149168,21288.82188394157,70.24458434401056,2,NORMAL
3389,94536.68176200544,17.811239461988237,0.28746170698421364,291.0525991381713,7,EXFILTRATION
53,1060102.3928785766,195.15342382271655,7206.0791702711795,7.99368499634644,0,NORMAL
110,849977.8051520457,615.6372956101815,5386.984431477604,17.942465585956217,1,NORMAL
8080,444848.8516179407,314.2065105257908,295.05249389568286,34.53251241645257,8,EXFILTRATION
25,2878748.428817034,1427.6079848840307,1487.7874993106968,34.60756083472816,0,NORMAL
53,8126136.784533082,1396.0597962152478,5242.067656454477,24.24819437423119,1,NORMAL
4444,321499.87135343114,26.958349320746013,210.65029898735605,359.9480919847791,8,PORTSCAN
4444,19650.92428788559,3.349803242733524,239.55469780599714,280.40428571303124,3,BRUTE_FORCE
3389,48115.01473727451,2.007103968880485,422.88499034611544,1032.2008353007022,8,PORTSCAN
3389,69716.60543781701,16.60767644798008,29.19692807340755,58.53275787600058,7,PORTSCAN
80,16291166.71143804,1473.2046900691985,498.40278787921136,5.284526668044439,0,NORMAL
3389,57939.49754321243,3.524557821497205,42.175315895030096,318.0287361865138,10,PORTSCAN
53,5317805.384146779,1881.7376309976898,4762.753053655562,21.570612998083725,2,NORMAL
443,12350062.687041653,2512.7901670184915,733.4877740489601,44.92004737725152,1,NORMAL
1337,116527.85143616708,1651.7462081465878,95.24424896605564,347.1976336495306,12,BRUTE_FORCE
53,910629.1620431998,2391.864917251777,3336.533851129201,26.657907703315782,2,NORMAL
110,15355794.10874071,4273.413198498012,2949.3936364866354,39.660309380152434,0,NORMAL
3389,110799.87449227078,35.31939609206587,8.45420880924981,19.385582239275315,7,EXFILTRATION
22,196730.99086946342,7.599842722409864,8.027837230564971,62.540640083208615,10,C2_BEACON
1337,65924.53300906948,27.069011244643956,1.578245573190825,731.9476791886005,9,PORTSCAN
1337,363392.3190595608,203.27708872117265,3668.0815631363116,2390.7193707713573,5,C2_BEACON
110,2595978.599019197,1375.9943932337987,206.0020602702227,1.0421166128076056,0,NORMAL
80,6261495.442384756,685.9942761404833,2049.6869618800356,30.12108050552357,0,NORMAL
4444,115459.88849022813,568.9728769446658,8.519595757599031,727.9894106923557,11,C2_BEACON
1337,108907.56463298811,345.9631763438112,0.9545532366278843,370.04191511233205,7,C2_BEACON
80,678370.3071497276,625.7249321481082,585.3125261153249,152.61153454819257,0,NORMAL
22,275623.13129096455,28.04518429131458,149.81268895493903,917.2033895232057,10,EXFILTRATION
22,26293.76820381798,1.5793166949684707,31.49957713055851,348.57859911009706,7,EXFILTRATION
80,17213562.46380777,470.57734166331755,600.6308414055298,32.66433195895158,1,NORMAL
3389,178400.19005797434,3.414385333040603,3.934660863320342,179.36398077648423,8,C2_BEACON
8080,2938.8516009036152,30.682922231970316,3.207338718779583,320.6000116789727,12,BRUTE_FORCE
443,5306916.022922881,2896.748802670086,727.0729552455396,58.600353050115004,2,NORMAL
3389,166510.73476658817,121.64176311267975,32.40177134931574,704.4561534769744,4,PORTSCAN
3389,285372.5683991229,77.92487636509324,104.19248980283845,427.1047326432947,6,BRUTE_FORCE
80,7269682.452578882,491.05970826493325,429.7992561100245,52.30942292409389,1,NORMAL
8080,37230.75888544262,867.112708544002,49.070746536038776,190.02713625031552,5,PORTSCAN
53,7059293.756085389,237.51384580236888,5776.2335066185115,7.479161377508318,1,NORMAL
1337,127230.37385585447,981.6743846152767,199.73241387539053,489.3082796179957,11,EXFILTRATION
3389,166441.45210411437,44.972193900709684,11.248425755905828,575.6613194713901,8,PORTSCAN
25,877630.0844567412,202.74837431784604,5106.64062516253,40.519068537771844,0,NORMAL
1337,80502.22725052477,13.90911920623941,9.966049822120251,591.6064044298116,8,BRUTE_FORCE
110,376715.6627232697,1633.8799484995907,803.8849069185512,52.06932233541174,0,NORMAL
53,6882128.816479518,300.2878093718264,4487.4393576869725,13.604483599124032,1,NORMAL
110,828255.4098549758,1543.9502083046586,3251.372415531838,67.74611502500943,1,NORMAL
80,4920964.848677237,483.3463782236907,2724.594568786606,5.61896898998456,0,NORMAL
8080,105964.63929598976,25.44597066264127,198.79192527199007,213.86584203439838,7,C2_BEACON
22,78400.39607272255,173.49851113211923,35.014887020801794,997.6698652013697,6,EXFILTRATION
25,3466318.5286545637,559.5286136951565,1009.5090620533007,6.089357416818297,3,NORMAL
53,4995303.450047908,322.54902924384635,1655.3552420228448,59.45687901385037,2,NORMAL
25,3654172.2895348156,1820.5896664222882,1175.0392294946384,16.26830730844886,3,NORMAL
22,157867.94102891313,6.357119477640789,1206.43756146141,548.4438648511431,8,PORTSCAN
110,7522635.86413153,613.5482507843238,2576.5729306765375,25.236433545387797,1,NORMAL
25,8013696.500504556,1199.182410435157,2341.9834411873017,6.64888979914951,2,NORMAL
1337,376392.0528952075,12.398593113278357,110.07999337862965,78.64841212144162,9,BRUTE_FORCE
4444,360624.6707781109,103.1576280639628,0.44195871291693295,137.7629217439569,6,C2_BEACON
80,1699682.8341644225,4660.808203862596,17341.386139721795,2.808748401998245,0,NORMAL
53,6748145.726709836,1072.7384182366768,6363.160118997725,65.07516975066495,1,NORMAL
25,674004.6574753866,992.9553141811351,171.9005658439332,8.424466517517683,1,NORMAL
4444,191457.40438954832,10274.882890048653,6.690921520840661,707.7063391721043,7,BRUTE_FORCE
110,16883011.987369366,1272.5890949857549,842.0481173551387,30.15918805947717,0,NORMAL
22,120787.38554175045,102.97761261505684,11.631259482621239,21.108804803173747,10,BRUTE_FORCE
80,4286163.18795958,141.9352540460284,4705.107879168563,29.934352433996537,1,NORMAL
80,5636494.734531828,391.65800740423356,2523.606526968497,136.13682745215613,1,NORMAL
4444,101142.54446791661,63.47089630356779,209.0860489825874,378.6015163504158,6,PORTSCAN
8080,199748.854622401,54.00988869500448,51.62358172182365,1329.666282079914,7,PORTSCAN
8080,206551.97242099748,35.916394516199205,90.5683871745736,154.74389084542463,10,C2_BEACON
8080,108231.18165457582,10.545873261555945,0.6937253061490791,978.079918741546,6,EXFILTRATION
1337,5787.165889947307,5.922700811794455,24.6218118477477,211.01618159240044,6,PORTSCAN
25,1671662.7069951086,887.0579653659186,24092.608865064685,102.05453768965565,1,NORMAL
3389,148091.1605361736,13.553296885419641,1.3996281971454652,270.3657181509121,13,C2_BEACON
443,2826793.5426359954,258.80401528235814,6328.877585477932,185.8856924849182,0,NORMAL
1337,191946.43690982883,146.7483127202619,730.9094668170075,73.00030234641714,8,EXFILTRATION
80,5737024.80478616,3563.217891088103,524.8656892409435,1.1607921863209723,1,NORMAL
110,763491.553734489,248.6436981380663,961.4513378236927,76.15557170039034,1,NORMAL
8080,867819.2744204405,1179.5942832459452,221.45372427868256,53.43533831911277,10,PORTSCAN
3389,84927.24489524122,2.909041916746943,20.497462145966097,529.3164902578975,9,EXFILTRATION
4444,89552.62867055277,11.982830241194952,401.62361039066525,943.7048830519566,10,BRUTE_FORCE
4444,833744.0261732761,861.3482139344018,28.632452593438966,622.6185500999167,5,EXFILTRATION
80,17685895.117032975,2592.382353238517,6646.846088423349,39.06156837003649,1,NORMAL
8080,46669.36750680783,49.27165726106912,0.40962777970906944,533.20597302845,6,C2_BEACON
4444,195776.78990665724,41.17067559695332,56.94355700172061,34.23587237180117,5,EXFILTRATION
80,2199954.9294118886,1201.486391209014,10229.830157471915,19.841507210484167,1,NORMAL
80,4864695.369214528,85.40971456206714,2493.245725308994,30.474926942676824,2,NORMAL
8080,243123.24676683752,31.16088629745277,1.091892401198549,404.7320654417709,8,C2_BEACON
3389,141556.8197398648,44.102725483469584,4.336119459437944,12.71933171639126,5,BRUTE_FORCE
110,3391641.430948137,1259.006766354041,7696.1023536097,76.17363188328453,3,NORMAL
53,2511041.654887574,834.1159234205719,3102.2033194479145,21.092189984909293,0,NORMAL
1337,24228.114299358655,49.67952907913788,11.116799650188605,106.78548049303203,14,EXFILTRATION
80,3639914.0920355543,4994.617843535305,5383.701265478357,60.349983053493936,0,NORMAL
110,3293661.7216207003,70.43571475091335,717.2637328858175,8.072909582744476,0,NORMAL
443,8594474.056784749,2179.4492700566893,657.7634299605461,20.005455775504004,3,NORMAL
443,680136.4623461184,1128.1340500316226,6668.773123641596,25.98928511757375,4,NORMAL
8080,399853.89710440487,0.2198848012312109,18.177483628945353,238.60863343485505,5,PORTSCAN
8080,384137.1946616887,151.33250815424225,2.532939434087997,1454.0644742456984,6,PORTSCAN
1337,293939.03165941784,62.610697753757584,380.61444462668214,2338.618596203525,5,PORTSCAN
443,5746070.464472279,1103.653745105881,434.5168946516822,7.887046329073642,3,NORMAL
110,1313847.276415242,5013.813117643879,14967.286640964157,86.7297592982866,0,NORMAL
25,1093525.3001724756,2192.4518652036054,505.2699567582409,0.0725684659107946,0,NORMAL
80,2522953.397590112,844.7082283423772,1595.102450497383,38.281583740857414,1,NORMAL
443,220282.5002621114,2564.668555294273,608.01547452085,62.37979570567829,0,NORMAL
1337,85850.96587489166,24.006140610434052,26.936006122197384,83.25517852749829,3,C2_BEACON
3389,34873.187054921,55.173032833202,19.50059551989649,1404.8164992873394,10,BRUTE_FORCE
3389,47832.28221017931,28.870134727636486,6.667486043581688,273.9684102834229,7,EXFILTRATION
1337,40526.53212859575,49.04709788816151,15.44624355034836,570.4277872351629,3,C2_BEACON
4444,202932.510483412,1.4018149877262454,6.0746198064996975,588.6308263070299,7,EXFILTRATION
80,7257116.131395232,1752.01810057052,56654.48351813978,30.121898835440614,2,NORMAL
22,31287.837935113523,93.3339548216352,436.57775192742184,2558.0919794751317,11,BRUTE_FORCE
3389,311633.86564680526,1.7504178579743366,31.95820236266715,21.269739924362227,7,C2_BEACON
110,14503664.732887367,921.9173545934896,2436.291840320001,69.06411744605649,2,NORMAL
110,1469979.8189455434,2045.1693906061766,3433.7670107025483,37.14311040508109,0,NORMAL
8080,290070.08523226134,87.89872411130153,8.571217966048323,1156.4614102478781,6,PORTSCAN
110,8355708.739216108,1815.9518885451455,5816.3927547827825,43.8407277752424,0,NORMAL
4444,370500.5947480574,6117.478280808041,26.58675204794136,446.1423580253818,8,C2_BEACON
22,86637.90581301504,352.4981707787779,1.927449180742766,256.54906752632183,12,C2_BEACON
4444,411726.21058429504,74.46799800323075,4.960264498552409,845.3965236860653,7,BRUTE_FORCE
80,3217344.793413903,968.84790304097,22453.35887018934,17.975392423738796,1,NORMAL
1337,245459.2782185554,22.765141224415967,159.74130923436698,486.1289315577517,7,BRUTE_FORCE
53,12211619.5243503,1626.1576251799413,3986.8208903663813,86.05818967754414,1,NORMAL
25,16299979.195840795,1416.5465004186588,14205.09273517351,33.053713795828216,1,NORMAL
8080,147222.38419355042,360.777892069974,10.186968100094697,1453.4356397905592,4,BRUTE_FORCE
1337,140583.26003036875,64.0823062994132,394.69683444584007,648.8296802103827,5,BRUTE_FORCE
22,144475.39374685398,258.0859372849932,16.473116387095747,13.492284640751418,11,PORTSCAN
8080,286168.36533967016,55.528648519682264,17.320608509241133,265.0025061455778,11,EXFILTRATION
8080,44863.52809427973,389.3008140507643,235.55269384276212,1712.8299480137687,5,C2_BEACON
3389,347968.0830247908,0.6996546724574381,69.24483673480442,20.984405290315685,6,EXFILTRATION
110,2057395.3452121445,2591.9937297599768,4413.79552551212,27.620381809746025,0,NORMAL
80,10089293.761294102,415.27376228098865,7415.521693373124,51.62202252929986,1,NORMAL
53,12529479.47958093,848.0567800758321,47193.423180127356,36.811053779466924,1,NORMAL
22,428153.19007928396,151.40809008315102,86.10573896668397,191.93796760749922,10,C2_BEACON
53,4857792.61187979,351.0534504594606,1504.0392375686415,0.4924434101993759,1,NORMAL
53,4335037.301664973,1155.6952465094068,984.789312103212,25.676344618726226,1,NORMAL
25,4202116.745562906,296.75344888150767,3093.3762175996703,42.288703193820226,1,NORMAL
22,282362.4933506869,13.75645252238734,8.02514817803249,1019.5284304504577,9,BRUTE_FORCE
80,1753129.4862687378,3678.1533397558296,1857.6943950042214,19.689340680457242,2,NORMAL
110,2790189.6679742383,1346.799650199857,9441.668715137928,7.485022438289077,1,NORMAL
53,3326547.411187799,1041.8613629485637,4445.60000051011,34.205420992869115,1,NORMAL
8080,142181.08711024982,2.1787782724370146,1.622257533482542,875.9266308116238,2,C2_BEACON
53,28962113.47018033,746.5860480264383,578.562217713581,26.24932730830704,0,NORMAL
3389,143926.6326703742,9.388405742711953,25.68487671761674,113.7431735953418,3,PORTSCAN
22,42299.55079045869,47.98001473184641,282.37096198162334,954.1131671247402,12,C2_BEACON
25,2094465.7461582464,380.88036748093504,3053.466579935769,44.34903059040098,0,NORMAL
8080,242292.35300726158,13.847353744534535,38.577822348287114,962.6206700681837,5,PORTSCAN
443,5814743.92612398,405.88873520539903,3041.010612979375,50.135880615536784,1,NORMAL
110,5319708.449568727,1330.9679846730137,10110.756770199596,29.971388850497032,3,NORMAL
4444,516666.97466563154,54.283897701993396,11.052119861507524,211.53346867352036,5,EXFILTRATION
1337,25164.96994518815,626.8366337185562,336.49283921647805,542.6404592373764,5,PORTSCAN
25,676031.0883985426,203.9818901266455,247.16308525150922,18.84543146314368,1,NORMAL
53,3222740.7989216726,243.94752498872052,5204.927040044303,71.91569574303432,0,NORMAL
443,2576710.0447724606,2710.6996161426678,2457.5349509284483,39.63525414049277,0,NORMAL
8080,21532.889896931323,2.2524104090845953,14.803822642074385,46.170739893929934,11,PORTSCAN
22,140269.52494392832,49.7427947183103,42.464666489399114,929.2824660396609,5,EXFILTRATION
443,18602638.81034444,3026.677892252367,580.1916497970223,37.38297020994522,1,NORMAL
4444,58372.88221289124,92.3604087664343,184.63731517397707,680.3836368481493,8,BRUTE_FORCE
25,6836671.084061067,867.9223043586155,12170.009316724056,64.05675111138054,0,NORMAL
110,412998.07730871934,494.729471026288,1932.742782613131,61.135394435290316,0,NORMAL
25,2759844.736218151,2386.862562666637,21923.902237799244,32.60908423755062,0,NORMAL
3389,191443.12144609584,12.17325174254391,1201.6423662334842,512.2119234940068,6,EXFILTRATION
80,1100465.4540075026,258.13992850872313,2600.211510042303,30.0051650132591,0,NORMAL
80,116584.12518501276,624.4797623949731,2633.966924740739,38.66858480315704,2,NORMAL
80,2130908.630736617,636.3214458646997,4034.5724067999995,61.54519524491972,2,NORMAL
110,847134.4764783592,1622.6707919397213,4081.5359247189213,9.728859021146699,0,NORMAL
8080,362997.6814263534,9.142693527640274,59.404339339578335,727.836769147056,8,PORTSCAN
1337,212474.60634558776,22.281963692315124,7.073873123016031,184.21960199667168,10,BRUTE_FORCE
8080,26936.3929995842,13.198407772573603,262.05670246462597,1019.9478447885743,10,BRUTE_FORCE
8080,62083.93016058408,484.4607967437067,281.4867909571515,719.8985105041048,10,EXFILTRATION
80,177095.5812572228,4600.335286526437,6549.556802304184,24.759725328874143,1,NORMAL
1337,123298.52245893929,587.0904800109571,6.816595065881134,1029.3588039963759,7,BRUTE_FORCE
8080,159656.40921315315,424.97494834118396,6.173754763469909,164.61323021960183,15,BRUTE_FORCE
3389,406898.32816784916,3.7589345837026755,9.3499904066747,2322.2192034354275,2,BRUTE_FORCE
1337,52298.63079395401,29.333498594999067,9.170114258233198,886.6709182457214,5,C2_BEACON
3389,10927.588456117517,187.3544133298906,5.895513138448305,207.92085272593349,7,PORTSCAN
22,29099.83939856777,32.1421472270987,13.897017448347617,565.7008418298411,8,EXFILTRATION
110,1925754.6925904336,277.2308653447545,5378.978583131468,66.8475622594635,0,NORMAL
80,8575867.549232842,4611.774722468486,10405.392113130936,11.781523676857697,3,NORMAL
80,3593106.7056201,240.64852192380684,2701.137731606917,41.31654755892226,1,NORMAL
8080,374248.46096992015,50.16205875131537,1.7476407255402608,1634.4533296570605,8,PORTSCAN
8080,73792.04777795417,30.7470163519543,61.41899519770639,455.0271868854426,8,BRUTE_FORCE
110,530248.0830700875,230.40282150680895,6869.8321387586275,12.40304796253427,0,NORMAL
110,1189473.9145394322,276.63653892132436,1393.3324809144806,85.71227071396234,0,NORMAL
4444,128209.89849595299,54.96435618478189,3.967698909180665,5.075979756167797,7,BRUTE_FORCE
53,2388061.7500038114,425.60394362111964,1646.8216416076757,59.72498256823543,1,NORMAL
53,1183086.2329469547,3396.587803736969,1023.3301791616086,64.57815404224748,1,NORMAL
3389,58507.92235627842,895.3217934066082,37.77938421463511,56.156465013362286,5,BRUTE_FORCE
8080,81897.4605117332,74.96582292733714,20.173808303957866,311.3539878433289,9,EXFILTRATION
22,215880.24288215814,2.671758410227989,0.12123673822970946,1132.0534995536789,7,EXFILTRATION
25,6444429.018059694,1670.3134167765259,18667.411888534785,197.66159876674183,0,NORMAL
443,479708.16425727576,3699.6982413387345,17095.96843219245,47.130090173043165,0,NORMAL
110,10183200.535417039,4693.060640181577,3599.385375255356,54.4154268501761,2,NORMAL
3389,64796.000636859826,118.36755042189644,0.9880983496704678,2010.1480295583497,4,PORTSCAN
3389,232577.81066587256,109.86677720395136,24.918697457249646,10.837492040317729,9,PORTSCAN
443,7083129.75431989,1650.1323034083466,6011.2413064468565,38.43464005778845,0,NORMAL
53,12185397.198397253,425.39461090380104,4443.716492906951,12.299027903787072,2,NORMAL
22,54171.10251968133,57.52743217844081,660.5501136796579,1509.201963541359,9,C2_BEACON
80,13451094.298030924,1523.3731755353144,3789.968061340677,29.64163246531419,0,NORMAL
3389,37731.28286639857,14.606203149769433,11920.49624247149,370.9851877604398,11,EXFILTRATION
1337,182082.82518239264,219.52016446506238,9.560543820967021,3725.4456993548406,4,PORTSCAN
8080,108069.92172879775,53.57988272223168,7.230698137112548,896.0824062697396,7,C2_BEACON
110,4880341.330162804,1008.4975218328054,6920.606591291951,70.08588695244433,1,NORMAL
443,5024099.871637139,1376.6455786415872,2966.995159506882,2.1388357586450377,1,NORMAL
110,57964.76706366621,5079.725695923459,6709.78331353788,103.07241341991171,0,NORMAL
53,58566.161747048514,1393.3511011353942,30557.219661669587,53.87786668599694,0,NORMAL
110,3210115.781375869,1241.883883910804,1079.158453320688,28.969875178801107,0,NORMAL
53,5977239.841693193,471.86913402232193,3606.2365057481197,177.5946771323814,0,NORMAL
443,9467180.766855441,1501.8374301418182,2982.8879923617583,7.974046062809899,2,NORMAL
8080,422742.45976838615,19.785456290620633,57.27155127546145,333.6404422878268,11,EXFILTRATION
443,3493648.0854888754,862.0176068291468,1479.8963677629215,44.924022211143324,0,NORMAL
4444,354120.473204773,111.56296240102238,8.558103445779041,415.9806688211873,6,EXFILTRATION
53,2269219.293023417,783.2524664256975,1572.8556701005446,11.95648416154764,1,NORMAL
22,458404.2096702812,72.01080827893644,1.2944496664766636,56.712945596389645,15,PORTSCAN
22,142662.41643841792,136.52220062752025,2.9060117039438755,16.485468453898687,15,PORTSCAN
443,88265.58707916064,698.3924353428306,4131.222756680075,87.66476165374489,3,NORMAL
1337,279880.29055911186,14.687008779906645,3.6324039953792724,1348.3624895413009,7,EXFILTRATION
3389,414483.8783146397,22.031413019054032,294.72198069588313,104.42469742427454,11,BRUTE_FORCE
80,999687.3104671395,1739.461241664138,5771.505894937799,59.43426841363292,2,NORMAL
443,2607887.2281344025,2735.520928625037,222.46842632564983,5.721855420053775,1,NORMAL
25,4666118.976665835,886.9208013993438,1593.61672222268,33.46772864668079,1,NORMAL
443,6544613.645579351,1859.449963727701,5310.148441437498,62.35842514478803,1,NORMAL
22,97710.83709320519,2462.323334723225,16.47484633417609,367.07257824624224,9,BRUTE_FORCE
3389,107112.05118471247,1.316297266169165,8.430951740333311,72.70908110047777,11,C2_BEACON
25,1350082.6974746392,475.2329711125368,836.6203550287288,32.26133125877308,0,NORMAL
53,3181588.921195653,4885.017484253849,4220.772447369977,41.223088525915,1,NORMAL
4444,188085.003554776,2198.7625553630073,10.83938816758605,311.4133984681728,9,PORTSCAN
443,10071854.133244185,8213.66323398958,7110.4002238157655,3.0900699568083105,0,NORMAL
22,41930.32369937934,451.1258192402258,5.165553358617958,808.0849145291161,9,EXFILTRATION
22,137308.9135759016,163.1278146723905,3.3225460484318026,298.30197552662,4,PORTSCAN
22,33357.45964752934,1.315020441153071,99.08486807649055,369.7163315211869,9,C2_BEACON
110,2072316.8614733038,698.3337467245872,987.7340236888043,175.2480383658797,1,NORMAL
443,965935.6574647306,4213.729594182162,2153.9447417963374,113.85686814631822,0,NORMAL
1337,167148.40709853373,46.428906921905956,1.1439851264096925,666.246416123892,9,PORTSCAN
4444,172546.29941664316,2.303726882060243,21.934315379957987,506.9003533822356,4,PORTSCAN
1337,431782.719380858,9.39854226495915,9.53234075448186,893.8223685035797,7,C2_BEACON
3389,331349.7419214961,75.88325943674609,325.03839495999705,913.8170795393518,8,C2_BEACON
443,16826541.05015206,6235.318785052696,15660.861942943657,34.54876437037355,0,NORMAL
80,2585987.784473062,1237.203101420143,297.3126365317564,50.819783163889866,0,NORMAL
80,201077.48155596692,170.7733023055226,3096.849817325756,71.776318644789,1,NORMAL
8080,76490.69568200923,7.696631814032032,379.3608712092141,213.00334924555202,9,BRUTE_FORCE
3389,33564.12120657189,666.9798294909764,38.03346457461919,117.54192770500832,6,PORTSCAN
110,8727430.798369212,1473.897529214016,1473.874826276754,52.9789451707671,1,NORMAL
53,9243379.608256195,1768.7667214890912,29572.89931352889,30.105474195877118,0,NORMAL
1337,121455.03873720889,57.685019214093145,3.0336190402336807,108.53377920630514,9,C2_BEACON
53,2828761.6345110405,2085.6909995155297,1474.079173351432,9.005513154763586,2,NORMAL
110,698152.2458447777,838.5139356498618,3297.145025155124,96.61864183609424,0,NORMAL
80,1113041.0725122879,245.0260429990457,3978.6462780275633,84.36114591215369,1,NORMAL
1337,219347.29231927355,4805.143529394717,20.31501834119488,149.49950037381353,6,C2_BEACON
25,255730.4545292274,4874.017666413596,909.0579604231621,75.00996365368864,0,NORMAL
4444,154907.79167198553,110.10589345295783,9.693976026376655,65.99046614484408,2,C2_BEACON
22,10228.436168153483,13.621179007368104,16.522438620194084,407.2039369909049,8,C2_BEACON
3389,488097.9538197736,64.8484668626627,29.253728220833786,598.2494913878031,7,BRUTE_FORCE
80,585721.508937265,883.226154446478,425.9222639116206,21.90594454508743,2,NORMAL
53,924775.8888786089,952.8395386440833,18125.14502050679,39.238711543417345,1,NORMAL
53,417252.63553103653,3416.785836701755,3211.890796130829,141.3015447338056,2,NORMAL
110,360949.889742447,874.2250145827405,3533.5352936579957,27.13901563591804,0,NORMAL
1337,84359.94622606615,11.498509167750194,142.40246212867748,990.3596017863364,8,PORTSCAN
3389,44874.09374512695,8.696687610434354,26.172988327436034,1230.2091024786346,7,BRUTE_FORCE
8080,58771.155947528365,64.80892810477434,268.687393940571,427.0757968291491,8,PORTSCAN
25,579761.8708386768,88.15996896968322,670.4608335260143,7.639783420347827,0,NORMAL
3389,734778.7769639902,20.075287552337628,9.772354816075383,557.7669049136287,8,BRUTE_FORCE
80,4319588.638138963,2368.3972305784496,702.6115701983699,13.930670767059238,0,NORMAL
22,262179.3475656792,1.6669971316051726,2447.516350069215,346.97622474029004,9,EXFILTRATION
110,248390.01140343264,688.1790298776327,11813.81324684519,8.771469604179039,1,NORMAL
3389,135324.48743929347,247.74540381240126,31.204051541000076,803.3301926349224,12,EXFILTRATION
80,4304122.561463406,4254.809799045409,11683.55683848918,2.989072808409471,0,NORMAL
80,2753368.9777829195,968.2124344865351,4833.189241166833,13.055022757160526,1,NORMAL
1337,84735.69486818524,30.05825004652601,38.93789778696124,385.63759025125137,7,BRUTE_FORCE
80,1822192.8620472217,1365.5450243063528,2427.4450554815276,39.652582272830315,2,NORMAL
80,3465325.839263281,3826.5175787301378,2521.1888810841047,85.1452614094166,0,NORMAL
443,3914026.2742149923,1011.112830705002,1341.886368715966,145.672018691587,1,NORMAL
53,194758.2223159744,2557.463200863898,1956.3909629575244,46.23386877084651,0,NORMAL
22,20423.835761629598,80.03042581669906,1.8272709043256554,579.748158971688,6,BRUTE_FORCE
1337,65486.41038642201,219.59128964477654,1.574013328363534,993.890361905825,12,C2_BEACON
25,2599934.6057208176,539.0796820839489,2094.5349565469533,159.16721237308627,0,NORMAL
22,83356.16625926991,153.46812098439932,3.0032604820789213,183.53233635839283,8,BRUTE_FORCE
22,9706.732205929133,851.081367994698,43.11830169370946,744.8133092326524,7,BRUTE_FORCE
8080,227801.29664817124,651.2278548890599,3.9581401073865043,296.99322670160467,6,EXFILTRATION
4444,249838.71311390752,332.81217230218,18.024206603371855,29.59709880590576,8,PORTSCAN
22,463142.1441693763,1045.1643133406462,1463.1442501692452,95.17805855872564,6,C2_BEACON
4444,108728.74862082578,26.010762035628623,30.77487320579251,467.2869477462978,8,C2_BEACON
25,986739.0743107393,119.27479516286463,9493.069274231166,40.24194130896895,0,NORMAL
110,1208730.6975803685,2126.6577537769444,6549.231330303376,10.758674698101846,1,NORMAL
443,3929134.8216237887,745.3748333867833,11720.270845875633,4.059115779767044,0,NORMAL
110,6876270.549725399,1619.6180023191578,925.1670706053246,12.40274412333114,0,NORMAL
443,2881659.295209507,1850.7084352227544,3000.54558606667,22.193364693738275,0,NORMAL
22,359377.34035842126,7.011501199441312,134.34369582638158,278.91981654749964,6,BRUTE_FORCE
22,9241.421170369404,12.157433497217266,10.54710992200099,306.76436238877926,6,PORTSCAN
53,3907706.3902928405,197.3357618509855,3428.5022677957363,13.528984514017731,1,NORMAL
25,3320179.8269678736,95.51621132979936,3227.197324584069,10.178599344580103,0,NORMAL
1337,12168.926781465345,118.7447031042574,21.161629296742426,47.464955898397776,8,C2_BEACON
80,84060.42520103337,1044.4381331311895,1847.6864230438218,122.62192200251205,0,NORMAL
4444,68635.43267216724,106.70061904393987,387.84004813718343,597.1222593314118,4,C2_BEACON
25,2770027.119866284,891.440158825348,8377.6069578718,19.174314329802986,1,NORMAL
80,876014.8658408212,320.69959450486806,464.8433000501664,2.781738818456098,0,NORMAL
25,21857796.964319948,408.7310104421718,5413.556646039118,65.62633233635533,1,NORMAL
4444,276736.76562085527,14.785805495019995,46.8656149064271,475.8184629431348,6,EXFILTRATION
110,5482280.565637971,984.9800445137431,1258.5917949267855,4.481082772715438,1,NORMAL
53,9455623.958741026,487.89972389200386,2927.9772483967467,101.47132699118897,0,NORMAL
110,5472197.577593878,4609.416079502831,2868.8867225188756,8.864947756920651,0,NORMAL
25,3865111.536091182,1035.3522968427105,1395.59085186636,26.58576140299424,0,NORMAL
1337,253293.78083823295,98.81115577617946,3.493687514894077,719.0453031258879,8,BRUTE_FORCE
8080,55904.89246161102,12.551814604020644,1.4654613010915376,4.711231096582479,8,BRUTE_FORCE
8080,4633.656474391266,77.85409349521112,6.236514226731896,1310.890084291917,9,PORTSCAN
1337,81606.58031342376,550.4573276705177,9.762782138121008,98.36729763197654,5,C2_BEACON
3389,111623.23418447823,17.55331021206403,2.850216095528264,281.45551412353205,3,PORTSCAN
4444,421203.36406888877,636.7694459110514,0.9155309030993669,453.37087291775646,6,EXFILTRATION
1337,127903.05431217964,12.858712057347212,845.3602812035722,131.60431305279997,3,EXFILTRATION
25,3152933.847693525,608.3475027110222,9074.056058801183,76.8279423161427,2,NORMAL
1337,93478.54379871995,14.93913126319764,9.945132843733163,1032.582827311422,12,C2_BEACON
3389,50629.48610964015,49.35958789738404,642.5804674723897,28.75503941608586,10,PORTSCAN
1337,140985.67209584726,0.802823762750597,1.0881601886785996,481.72141592546683,8,PORTSCAN
25,2173036.073534379,547.9563234829269,1456.8787258603618,62.01582572520948,0,NORMAL
3389,65805.00903722075,2.994629943636803,45.863508620740355,1307.9143467450913,8,EXFILTRATION
4444,553611.5567943845,37.051974883175085,3.8615475561762005,1276.5714562685812,11,C2_BEACON
53,6821084.436121039,629.8028031833884,584.5027745385484,62.44048682248526,0,NORMAL
443,1850744.8622218664,5363.653271593649,1837.2446936713447,85.48277395760225,0,NORMAL
3389,142286.95205065404,715.355880854758,742.8493947046976,354.5706340384637,11,EXFILTRATION
22,415409.7796600059,0.6970610795458045,4.559189128267116,506.62700380994363,5,EXFILTRATION
443,1236279.4888725788,2540.063957318003,73483.07964856052,204.10028000902182,1,NORMAL
3389,220469.01190994697,26.30265375089236,0.6720523418773275,912.1740378446115,4,BRUTE_FORCE
110,3662691.544645326,526.2824963526565,11017.671947821727,28.570575132725256,1,NORMAL
110,1621906.2821633492,470.4086072876123,1060.297411858187,10.911180670003056,1,NORMAL
443,235820.57531683668,1315.9053983352503,1705.656713892117,11.207093993847721,3,NORMAL
443,289278.666399649,2896.946000142302,29172.978852974116,33.43256560014069,1,NORMAL
22,110216.56107953064,18.9943733111847,13.178462390550509,239.03688181150434,11,BRUTE_FORCE
8080,797328.5369686888,266.235796900334,3.9354885090885547,438.9304909677869,7,BRUTE_FORCE
3389,31411.032444044973,1.5379507704114277,10.411983110367562,481.50056915218306,11,PORTSCAN
443,19548989.25417905,1982.4998944832544,5306.742486569423,23.899767866946554,1,NORMAL
1337,34974.74421903972,64.81528871199968,51.02670857841632,1446.7989414989825,13,BRUTE_FORCE
22,958004.6927238891,639.191672361306,22.038789521917,608.5507455583876,13,C2_BEACON
8080,31522.474883611034,201.20769451683114,171.6440078890246,1008.3005923102695,7,C2_BEACON
1337,397354.3950174776,106.40555443661958,11.438176738809773,694.7407863406612,7,C2_BEACON
25,2192643.1544737783,796.39295173752,3318.38297094497,12.283296794404446,1,NORMAL
443,2097245.267582794,427.77477523849325,8091.022737691034,54.29700792918651,1,NORMAL
4444,222777.9971241338,50.801325664980304,36.86194633598899,1273.644264468821,7,C2_BEACON
80,49380.80849626753,3753.56017189086,6121.083200413634,25.462278524656583,2,NORMAL
22,440215.63643684034,1157.4766543744183,2.344255944798239,21.154465291311688,13,C2_BEACON
8080,74451.17684918582,212.7790599476006,73.73690177284516,410.2779873870151,8,C2_BEACON
4444,101339.05876025958,9.294203140635894,32.04367304087718,269.7564851558581,6,EXFILTRATION
22,85493.81548830552,1045.8958190750543,3.6225831572726195,953.9795765017434,5,PORTSCAN
110,130126.93165001154,2600.4434838871775,2000.7407350538679,65.70619922830156,1,NORMAL
443,5301620.768542386,2962.3562553577494,4626.671454605712,127.13138143855855,1,NORMAL
1337,74326.0511096588,9.914292300578625,10.14957003249065,335.3531148706126,11,BRUTE_FORCE
4444,896863.4583661412,10.393337973029382,23.648209944902117,1886.7896283662128,7,EXFILTRATION
22,101195.0172777252,185.72195771194976,121.7758035934167,188.95304198695501,6,BRUTE_FORCE
110,4189604.160774717,2127.145105057292,1288.0788489573192,7.413387614017705,1,NORMAL
1337,630778.0214447733,6.595532884710375,0.9132254653495115,993.2602340628938,3,C2_BEACON
25,4102002.026184067,418.4693538950285,13698.131905975495,0.049617834634804424,2,NORMAL
25,1118650.1648445397,5956.944847228974,15655.312477787427,14.521420579160157,1,NORMAL
22,79185.92584482384,7027.880320066427,3.9252014820731502,1077.9762944158922,9,PORTSCAN
4444,183810.0313922311,235.92369394955145,4.083939639560163,1057.8346858164787,9,BRUTE_FORCE
22,313072.4538335013,133.42724760873753,1.5029972594234526,80.09653585672109,9,C2_BEACON
1337,275315.7986647849,115.34886150395853,68.38280249801468,725.6463413034227,8,EXFILTRATION
80,392657.6330553618,3363.326208936671,1008.7911295514247,1.5565072290992608,2,NORMAL
22,10994.669608182352,65.12819808358815,182.69379717595234,247.68281285682914,6,EXFILTRATION
53,4522760.019448478,493.63378859502893,4005.4881337237866,39.20558207695717,0,NORMAL
1337,643274.2829131128,22.881137068071123,629.9485509447384,521.028181344507,8,PORTSCAN
25,2205900.587748601,305.79515132682445,12542.872309664006,107.95507224425013,3,NORMAL
22,143178.508012414,306.65326607863926,27.350018682892113,48.99348757567994,4,PORTSCAN
4444,110422.34355650595,138.17596521220904,175.08175484236412,336.59938414973357,7,PORTSCAN
110,448498.3081338705,1371.9590609748798,284.00222411370555,112.21836342728626,2,NORMAL
22,19132.10294005597,125.10684456377591,51.21400046908233,35.548788482515924,7,BRUTE_FORCE
53,2629080.743038325,890.5103648394426,7588.728208376399,29.06957883904211,0,NORMAL
3389,71885.56148748618,83.43381010641154,3.0514504258715474,216.79074621199194,9,EXFILTRATION
110,369070.6552196081,3922.3264067069936,3591.392403701914,83.19289947341002,0,NORMAL
3389,224771.0151956298,130.62522319650154,1.6597402167034494,759.3884605691948,6,PORTSCAN
8080,1019359.4107647049,28.298791235559335,3.699512238249753,534.9383453833469,8,EXFILTRATION
1337,215838.64636781384,69.502454807337,25.389301661514047,2280.0187885767405,6,BRUTE_FORCE
22,259697.701596584,1.400779393729948,13.14836720239288,277.7506634448031,7,PORTSCAN
110,81280.31548049275,1294.4731104166472,863.357417412815,145.43238257031572,2,NORMAL
25,3958383.335604154,1669.9295283107047,206.20637721868087,79.37342543892227,1,NORMAL
22,113401.70868178712,5.710297534842768,52.63096150348133,21.896503503663983,2,BRUTE_FORCE
110,7031108.792612709,3372.5596904524414,13301.016944642002,14.512626686705085,1,NORMAL
8080,784211.2174611819,24.851073939876148,13.23818844710054,103.3357311081271,7,EXFILTRATION
443,7559666.651918516,1977.5999289923516,10807.63612882528,0.609462909609007,2,NORMAL
80,3836003.145142411,714.0569720242298,612.1430130569322,46.99797884419587,2,NORMAL
1337,128778.90025295138,3510.4630294202425,18.945226678615285,419.95479615045997,10,BRUTE_FORCE
22,319466.0875519158,15.169100716650274,16.414141478102724,296.89137955910945,7,PORTSCAN
3389,23333.624363530962,43.92099903837758,1.5779527352632032,630.435041163668,9,BRUTE_FORCE
22,382031.40002495644,3.5201719303491594,2.9548913310896023,189.00714460307174,14,BRUTE_FORCE
1337,339964.94100443047,807.755598077361,55.29442055255623,87.80618091223612,10,EXFILTRATION
53,229596.78090591403,2417.942663893457,2494.030959815987,60.27954063809684,1,NORMAL
110,2024883.3849421644,73.14430760523484,5734.002345030635,27.23935081533626,0,NORMAL
22,782228.497005209,78.16497710639442,13.666318688697372,220.93709989938054,6,C2_BEACON
110,4537485.985564539,583.7901265044072,11032.123375906329,13.143998148360186,0,NORMAL
4444,76116.48866651363,7.2894004828110015,252.2306588921229,125.3209632992919,11,C2_BEACON
8080,21470.12369864057,119.57939813101993,6.688041086286139,116.936472693323,10,C2_BEACON
22,182223.0994234761,38.455473025220236,271.0924654448727,222.25777803157715,11,C2_BEACON
4444,122050.0926803058,81.1644670072028,33.77441246032986,1005.3673080532508,13,PORTSCAN
22,245330.10981214786,29.24998577103979,15.73289022284642,685.8574508995803,6,PORTSCAN
4444,30731.53286625386,205.92889596045472,8.822461712550709,916.6604012734601,10,PORTSCAN
110,7498400.233730233,1695.1835770468351,3357.496718293807,21.253369159331253,0,NORMAL
22,295140.31907670357,63.554275437471816,23.61245290708679,469.34223119761657,13,PORTSCAN
4444,43562.43764972098,64.04479205401773,313.45191451465166,2951.894914290355,5,PORTSCAN
443,831126.0055428343,3415.883242207043,27611.422615741103,24.109778962443997,0,NORMAL
25,90605.31471742378,1160.616546888203,1335.1149666932015,54.01287755899813,0,NORMAL
80,153.59658607904748,576.4085272368334,8996.685314390746,59.066908109649,1,NORMAL
22,35227.25554231685,12.709217183969187,46.073978281436574,153.68050748707904,6,BRUTE_FORCE
1337,409891.75347317534,2043.5479646571246,27.938047332804786,1517.8026990603278,7,PORTSCAN
1337,21281.966501824736,94.28955577304625,4.429530390078527,512.9995244206627,9,EXFILTRATION
3389,123598.38011964131,7.248564975178528,1.2352110513531738,314.13604678531107,8,BRUTE_FORCE
25,10460020.234322371,369.9208961586662,1646.0072163672476,111.59049791812903,0,NORMAL
80,6131162.4314527055,168.19229466766893,538.2070332428555,8.476297620213785,0,NORMAL
53,7537021.926738403,3151.690482195654,3059.332263868934,11.134098435066035,2,NORMAL
3389,19707.470041515146,39.40183240077399,29.292840813972674,204.7229844050548,8,PORTSCAN
25,2056425.3199856807,5421.40830607589,925.3192697380036,107.06292285292915,0,NORMAL
25,686836.1380083193,551.8452178065818,19066.314621610934,33.25942144422118,0,NORMAL
53,7451011.598621776,247.08995897586504,8333.161073955918,43.08081095229433,3,NORMAL
4444,111772.61419488149,207.00728773494816,362.6634177492755,19.093348876934158,12,EXFILTRATION
80,24227070.263269305,452.15691022315326,3895.6832633700046,52.46573218586569,1,NORMAL
4444,78529.51425758786,122.89784769170105,14.728527136551357,1510.147981316633,5,C2_BEACON
1337,84841.92549668037,780.7504203864344,0.3266742052220596,619.727784231912,5,EXFILTRATION
1337,44336.72011986779,291.15723830400896,9.99994148645195,718.9160670805211,9,PORTSCAN
8080,89667.34520288196,1750.3972974657836,467.29008657127457,155.25214534310294,9,PORTSCAN
4444,67050.47648075651,489.25034008967634,4.755530871151775,412.8796242182284,9,BRUTE_FORCE
22,29293.119318217738,6.807656818326575,26.842869700009036,974.9340554944158,5,EXFILTRATION
443,2278754.5436758385,870.6271794933211,5839.129884926703,8.269852448465876,1,NORMAL
8080,31596.59708383336,10.793833013137645,25.895919386440724,90.74842846783764,10,PORTSCAN
22,271430.9887827842,36.887067896021165,52.22584362914206,360.15023683523845,6,C2_BEACON
4444,279958.56858344196,95.31981617491473,1.8532701336273385,675.189467825794,11,PORTSCAN
3389,48295.819507844484,106.28175059770152,3.864173463814893,800.1144254804019,9,BRUTE_FORCE
22,102480.8997774788,431.4738984936235,297.9488681952042,655.1351671020668,9,BRUTE_FORCE
443,277815.28616657364,6841.373707153653,4232.054561576575,6.73592088121774,0,NORMAL
443,7560006.3807981955,692.0150246772728,1066.837828651716,41.89727111257141,0,NORMAL
443,604999.1349774558,692.9572623662981,3238.301363825881,28.400778987284603,2,NORMAL
110,3989397.858349982,3960.4173700773918,1494.623582615059,16.163895245390943,0,NORMAL
22,318320.2527248082,119.33422933219177,52.3000902154449,235.35307534465935,9,PORTSCAN
25,2999468.9342521834,4311.730379820108,1504.843083277783,28.214571834914615,0,NORMAL
53,6339957.137661669,1076.706294992993,4031.5708525781897,18.892873225746705,1,NORMAL
25,4334374.233494412,275.40171440827027,7177.178998615386,0.8784163612323816,1,NORMAL
25,4532493.29420799,1229.4334752797854,319.3168810352148,10.098113844710424,0,NORMAL
53,1824572.245600824,1388.7264871690065,3655.300749712564,4.5706788779849346,0,NORMAL
22,273635.5401019583,54.98731633468245,40.31866188584226,450.7116997312994,5,BRUTE_FORCE
25,19188.224242571057,570.6993907937104,1085.9289223362216,25.134668436417467,2,NORMAL
443,10344606.749735141,2964.354343049302,277.22133936160327,2.2267345462812926,0,NORMAL
1337,59433.87781557493,154.81923464343996,47.120762475783394,413.63105963857276,12,C2_BEACON
110,779974.7214277022,200.10846123591514,34680.28183658389,8.750653010380697,1,NORMAL
1337,6439.3815383021965,398.47307641595813,35.99130624507359,133.9647460520471,9,EXFILTRATION
3389,135933.82569269047,3.919376607949012,24.602500595734014,387.39830437397165,9,EXFILTRATION
8080,95497.51795516114,69.11634083049924,496.3854878831084,68.41530881876459,7,C2_BEACON
53,409835.19737289863,3492.8454439905167,1438.717499455017,11.66507283460381,0,NORMAL
80,3603962.927036916,852.5410206577321,1140.8520503972347,16.317298343379687,1,NORMAL
110,2951378.748969702,2531.289505805705,2233.9393467063815,71.41235878106312,0,NORMAL
4444,409941.9763685795,82.96711028050996,2.476204733914084,193.42121988293462,10,BRUTE_FORCE
8080,36216.03052938403,25.13972420905348,0.7798757119752723,201.78673158918542,7,EXFILTRATION
4444,78712.1980877063,1.1127146326753932,154.93223932720443,1206.3716128370681,10,EXFILTRATION
80,1520916.1662963503,285.20674487278535,4830.546144246417,12.761762434896488,0,NORMAL
4444,230820.91837714706,12.239035000459582,39.982498612327866,979.8097189038269,9,BRUTE_FORCE
80,22477339.13558893,806.2779892725316,24521.900804784855,10.366398290395225,1,NORMAL
443,169974.53414243372,1322.7383602542156,350.0469320165195,16.013555891897735,1,NORMAL
8080,120651.46045161091,357.7516587083406,27.79958731266477,227.9374705594464,11,C2_BEACON
3389,155322.5922096544,169.0071358519185,10.216492330534962,566.4703627454862,9,EXFILTRATION
53,7467382.999818863,3586.7686676638273,4325.074269346632,51.94978561321919,1,NORMAL
443,5889098.2136291135,2298.3437903601434,2039.4677712691732,20.831815391035352,1,NORMAL
3389,70170.16077213844,113.50111711330419,9.20369828927232,1546.4604704959095,7,PORTSCAN
22,9432.178529162093,24.145854995029946,21.87858518278816,413.61961838579373,9,C2_BEACON
22,340600.1702500894,56.83455879625633,54.32363308846781,631.1618951004174,4,PORTSCAN
1337,193140.2446101365,413.0985565000091,16.607034363281876,636.1928015919732,3,BRUTE_FORCE
80,19884828.678910106,258.80488885568576,1055.8745555170874,13.423402200102775,0,NORMAL
3389,169569.84348966615,15.53589915986745,436.7274086660054,297.42594988184726,10,PORTSCAN
